time;res_p;res_rho;res_vx;res_vy;res_vz;elapsed_time
0.1;0;0;0;0;0;0.105132
0.2;1.56343e-08;1.56343e-08;1.20201e-10;5.52145e-10;0;0.070161
0.3;6.13503e-08;6.13503e-08;9.67051e-10;4.69309e-09;0;0.070439
0.4;1.36048e-07;1.36048e-07;3.50908e-09;1.78364e-08;0;0.075146
0.5;2.39562e-07;2.39562e-07;8.95278e-09;4.72629e-08;0;0.074449
0.6;3.72638e-07;3.72638e-07;1.86925e-08;1.01702e-07;0;0.067521
0.7;5.36857e-07;5.36857e-07;3.42912e-08;1.90946e-07;0;0.070249
0.8;7.34502e-07;7.34502e-07;5.74678e-08;3.25462e-07;0;0.078862
0.9;9.68404e-07;9.68404e-07;9.00926e-08;5.16026e-07;0;0.068873
1;1.24176e-06;1.24176e-06;1.34175e-07;7.73372e-07;0;0.069607
1.1;1.55728e-06;1.55728e-06;1.91878e-07;1.10709e-06;0;0.077865
1.2;1.91875e-06;1.91875e-06;2.65438e-07;1.52286e-06;0;0.070476
1.3;2.32894e-06;2.32894e-06;3.57155e-07;2.0358e-06;0;0.069591
1.4;2.78942e-06;2.78942e-06;4.69143e-07;2.6542e-06;0;0.069205
1.5;3.29943e-06;3.29943e-06;6.04156e-07;3.39323e-06;0;0.069626
1.6;3.86712e-06;3.86712e-06;7.64987e-07;4.23594e-06;0;0.068322
1.7;4.49504e-06;4.49504e-06;9.54269e-07;5.20091e-06;0;0.071028
1.8;5.17955e-06;5.17955e-06;1.17448e-06;6.29056e-06;0;0.069024
1.9;5.91998e-06;5.91998e-06;1.42817e-06;7.50633e-06;0;0.068193
2;6.715e-06;6.715e-06;1.71793e-06;8.84884e-06;0;0.069946
2.1;7.56284e-06;7.56284e-06;2.04629e-06;1.03179e-05;0;0.070925
2.2;8.46152e-06;8.46152e-06;2.41586e-06;1.19125e-05;0;0.070184
2.3;9.40873e-06;9.40873e-06;2.82928e-06;1.36317e-05;0;0.07616
2.4;1.04026e-05;1.04026e-05;3.28863e-06;1.54755e-05;0;0.074342
2.5;1.14401e-05;1.14401e-05;3.79639e-06;1.74396e-05;0;0.073044
2.6;1.25206e-05;1.25206e-05;4.35478e-06;1.95216e-05;0;0.068478
2.7;1.36435e-05;1.36435e-05;4.96596e-06;2.17218e-05;0;0.070647
2.8;1.48075e-05;1.48075e-05;5.63121e-06;2.40387e-05;0;0.067853
2.9;1.60122e-05;1.60122e-05;6.35381e-06;2.64705e-05;0;0.074481
3;1.72581e-05;1.72581e-05;7.13493e-06;2.90158e-05;0;0.070569
3.1;1.85455e-05;1.85455e-05;7.97623e-06;3.16729e-05;0;0.073281
3.2;1.99124e-05;1.99124e-05;8.87752e-06;3.43378e-05;0;0.068547
3.3;2.12827e-05;2.12827e-05;9.84071e-06;3.7198e-05;0;0.069859
3.4;2.26845e-05;2.26845e-05;1.08687e-05;4.01631e-05;0;0.072508
3.5;2.41264e-05;2.41264e-05;1.19629e-05;4.32333e-05;0;0.071886
3.6;2.56143e-05;2.56143e-05;1.31245e-05;4.64085e-05;0;0.070785
3.7;2.71484e-05;2.71484e-05;1.43549e-05;4.96856e-05;0;0.072445
3.8;2.87281e-05;2.87281e-05;1.56556e-05;5.31059e-05;0;0.071684
3.9;3.03562e-05;3.03562e-05;1.7028e-05;5.65712e-05;0;0.069779
4;3.20379e-05;3.20379e-05;1.84732e-05;6.01355e-05;0;0.068058
4.1;3.36921e-05;3.36921e-05;1.98513e-05;6.37892e-05;0;0.0699
4.2;3.54102e-05;3.54102e-05;2.14753e-05;6.75498e-05;0;0.07303
4.3;3.72614e-05;3.72614e-05;2.31866e-05;7.14203e-05;0;0.070093
4.4;3.91479e-05;3.91479e-05;2.49669e-05;7.5379e-05;0;0.06814
4.5;4.1055e-05;4.1055e-05;2.68141e-05;7.94854e-05;0;0.070787
4.6;4.29925e-05;4.29925e-05;2.87276e-05;8.35633e-05;0;0.070924
4.7;4.49792e-05;4.49792e-05;3.07111e-05;8.76931e-05;0;0.069405
4.8;4.70195e-05;4.70195e-05;3.27674e-05;9.18654e-05;0;0.070297
4.9;4.91026e-05;4.91026e-05;3.48774e-05;9.60518e-05;0;0.074452
5;5.12109e-05;5.12109e-05;3.7072e-05;0.000100276;0;0.096774
5.1;5.3356e-05;5.3356e-05;3.93502e-05;0.000104529;0;0.07101
5.2;5.55309e-05;5.55309e-05;4.17118e-05;0.000108804;0;0.070344
5.3;5.77304e-05;5.77304e-05;4.41577e-05;0.000113097;0;0.069886
5.4;5.99545e-05;5.99545e-05;4.66794e-05;0.000117407;0;0.075002
5.5;6.21856e-05;6.21856e-05;4.928e-05;0.000121725;0;0.072953
5.6;6.44318e-05;6.44318e-05;5.19597e-05;0.000126051;0;0.067884
5.7;6.66836e-05;6.66836e-05;5.47277e-05;0.000130372;0;0.070086
5.8;6.89232e-05;6.89232e-05;5.75586e-05;0.000134683;0;0.071219
5.9;7.11876e-05;7.11876e-05;6.04562e-05;0.000138798;0;0.073074
6;7.34595e-05;7.34595e-05;6.34225e-05;0.000143203;0;0.071769
6.1;7.57679e-05;7.57679e-05;6.64581e-05;0.000147582;0;0.072102
6.2;7.80698e-05;7.80698e-05;6.95603e-05;0.00015193;0;0.070061
6.3;8.03802e-05;8.03802e-05;7.27266e-05;0.00015624;0;0.07369
6.4;8.29558e-05;8.29558e-05;7.5929e-05;0.000160367;0;0.070309
6.5;8.48173e-05;8.48173e-05;7.91616e-05;0.000164409;0;0.069732
6.6;8.71042e-05;8.71042e-05;8.24767e-05;0.000168545;0;0.097118
6.7;8.94022e-05;8.94022e-05;8.58574e-05;0.000172582;0;0.074735
6.8;9.16984e-05;9.16984e-05;8.92326e-05;0.000176759;0;0.072532
6.9;9.39965e-05;9.39965e-05;9.27311e-05;0.000180903;0;0.071116
7;9.62832e-05;9.62832e-05;9.62683e-05;0.000184997;0;0.07095
7.1;9.85521e-05;9.85521e-05;9.98381e-05;0.000189035;0;0.074705
7.2;0.000100798;0.000100798;0.000103445;0.00019301;0;0.071596
7.3;0.000103035;0.000103035;0.000107079;0.000196597;0;0.069624
7.4;0.000105221;0.000105221;0.000110731;0.000200405;0;0.068908
7.5;0.000107416;0.000107416;0.000114399;0.000204179;0;0.072284
7.6;0.000109474;0.000109474;0.000117913;0.000207759;0;0.069602
7.7;0.000111563;0.000111563;0.00012164;0.000211247;0;0.070244
7.8;0.000113635;0.000113635;0.000125352;0.000214639;0;0.070964
7.9;0.000115706;0.000115706;0.000129049;0.000217933;0;0.092893
8;0.000117769;0.000117769;0.000132365;0.000221228;0;0.104514
8.1;0.000119772;0.000119772;0.000136243;0.000224239;0;0.075034
8.2;0.000121761;0.000121761;0.000140027;0.000227158;0;0.085764
8.3;0.000123723;0.000123723;0.000143763;0.000229975;0;0.079261
8.4;0.000125647;0.000125647;0.000147457;0.000232672;0;0.069695
8.5;0.000127554;0.000127554;0.000151114;0.000235252;0;0.07453
8.6;0.000129477;0.000129477;0.000154737;0.00023767;0;0.073369
8.7;0.000131289;0.000131289;0.000158329;0.000239982;0;0.095903
8.8;0.000133075;0.000133075;0.000161885;0.000242161;0;0.090337
8.9;0.000134825;0.000134825;0.00016543;0.000244198;0;0.086248
9;0.000136534;0.000136534;0.000168893;0.000246093;0;0.071543
9.1;0.000138206;0.000138206;0.000172318;0.000247842;0;0.091998
9.2;0.000139832;0.000139832;0.000175725;0.000249444;0;0.079643
9.3;0.000141409;0.000141409;0.000179056;0.000250897;0;0.078204
9.4;0.000142936;0.000142936;0.000182313;0.000252204;0;0.085497
9.5;0.000144417;0.000144417;0.000185519;0.00025336;0;0.098858
9.6;0.000146981;0.000146981;0.00018855;0.000253641;0;0.069732
9.7;0.000147668;0.000147668;0.000191439;0.000254366;0;0.072617
9.8;0.000148842;0.000148842;0.000194236;0.000255062;0;0.08994
9.9;0.00015002;0.00015002;0.000196981;0.000255657;0;0.096836
10;0.000151201;0.000151201;0.00019969;0.000256123;0;0.098233
10.1;5.43931e-08;5.43931e-08;5.83776e-08;3.12804e-08;0;0.10226
10.2;2.18037e-07;2.18037e-07;1.34954e-07;1.28692e-07;0;0.07518
10.3;4.88961e-07;4.88961e-07;2.83314e-07;2.8276e-07;0;0.082977
10.4;1.1206e-06;1.1206e-06;4.9211e-07;5.12843e-07;0;0.081452
10.5;1.39685e-06;1.39685e-06;7.73635e-07;8.76866e-07;0;0.074372
10.6;1.94383e-06;1.94383e-06;1.0931e-06;1.19385e-06;0;0.085056
10.7;2.64797e-06;2.64797e-06;1.47682e-06;1.73938e-06;0;0.074266
10.8;3.48998e-06;3.48998e-06;1.91861e-06;2.12025e-06;0;0.072743
10.9;4.45445e-06;4.45445e-06;2.41441e-06;2.64018e-06;0;0.070055
11;5.52838e-06;5.52838e-06;2.96843e-06;3.28482e-06;0;0.070941
11.1;6.71388e-06;6.71388e-06;3.57393e-06;3.98195e-06;0;0.071765
11.2;8.02941e-06;8.02941e-06;4.23423e-06;4.77024e-06;0;0.071513
11.3;9.43754e-06;9.43754e-06;4.94675e-06;5.641e-06;0;0.069524
11.4;1.09736e-05;1.09736e-05;5.71299e-06;6.57996e-06;0;0.070479
11.5;1.26302e-05;1.26302e-05;6.53285e-06;7.61286e-06;0;0.068761
11.6;1.44183e-05;1.44183e-05;7.41001e-06;8.86729e-06;0;0.074592
11.7;1.63253e-05;1.63253e-05;8.34738e-06;9.97581e-06;0;0.069374
11.8;1.83327e-05;1.83327e-05;9.29973e-06;1.12233e-05;0;0.069005
11.9;2.04468e-05;2.04468e-05;1.03053e-05;1.25666e-05;0;0.07063
12;2.26934e-05;2.26934e-05;1.13634e-05;1.4011e-05;0;0.071559
12.1;2.50403e-05;2.50403e-05;1.24756e-05;1.555e-05;0;0.072322
12.2;2.75213e-05;2.75213e-05;1.36347e-05;1.71809e-05;0;0.067489
12.3;3.01188e-05;3.01188e-05;1.48605e-05;1.89125e-05;0;0.068649
12.4;3.27816e-05;3.27816e-05;1.61524e-05;2.07391e-05;0;0.066777
12.5;3.55722e-05;3.55722e-05;1.74843e-05;2.26938e-05;0;0.091803
12.6;3.85336e-05;3.85336e-05;1.88659e-05;2.47458e-05;0;0.094722
12.7;4.16339e-05;4.16339e-05;2.02902e-05;2.68905e-05;0;0.070772
12.8;4.47986e-05;4.47986e-05;2.17634e-05;2.91776e-05;0;0.071292
12.9;4.80751e-05;4.80751e-05;2.3289e-05;3.15495e-05;0;0.067103
13;5.15362e-05;5.15362e-05;2.48551e-05;3.40166e-05;0;0.067784
13.1;5.50978e-05;5.50978e-05;2.64583e-05;3.65915e-05;0;0.075114
13.2;5.87764e-05;5.87764e-05;2.81099e-05;3.92748e-05;0;0.067277
13.3;6.25754e-05;6.25754e-05;2.98178e-05;4.20676e-05;0;0.069672
13.4;6.64749e-05;6.64749e-05;3.15873e-05;4.49632e-05;0;0.067245
13.5;7.04905e-05;7.04905e-05;3.34063e-05;4.79805e-05;0;0.069642
13.6;7.4587e-05;7.4587e-05;3.52909e-05;5.11664e-05;0;0.066688
13.7;7.88122e-05;7.88122e-05;3.72325e-05;5.44195e-05;0;0.069112
13.8;8.31465e-05;8.31465e-05;3.92251e-05;5.78464e-05;0;0.069246
13.9;8.75834e-05;8.75834e-05;4.12761e-05;6.13491e-05;0;0.068312
14;9.21385e-05;9.21385e-05;4.33813e-05;6.49565e-05;0;0.067178
14.1;9.67971e-05;9.67971e-05;4.5554e-05;6.87149e-05;0;0.070578
14.2;0.000101561;0.000101561;4.77907e-05;7.26161e-05;0;0.069593
14.3;0.000106373;0.000106373;5.00897e-05;7.67219e-05;0;0.067962
14.4;0.000111313;0.000111313;5.24503e-05;8.08463e-05;0;0.069135
14.5;0.000116365;0.000116365;5.48909e-05;8.51504e-05;0;0.067553
14.6;0.000121552;0.000121552;5.73987e-05;8.95759e-05;0;0.069318
14.7;0.000126852;0.000126852;5.9995e-05;9.41544e-05;0;0.067895
14.8;0.00013223;0.00013223;6.26499e-05;9.88781e-05;0;0.066903
14.9;0.00013772;0.00013772;6.53988e-05;0.000103722;0;0.069426
15;0.00014331;0.00014331;6.8246e-05;0.00010872;0;0.070355
15.1;0.000149027;0.000149027;7.11615e-05;0.000113878;0;0.068256
15.2;0.000154818;0.000154818;7.42054e-05;0.000119187;0;0.067822
15.3;0.000160705;0.000160705;7.72816e-05;0.000124548;0;0.06734
15.4;0.00016647;0.00016647;8.05139e-05;0.000130185;0;0.067728
15.5;0.000172092;0.000172092;8.38961e-05;0.000136271;0;0.069017
15.6;0.000178555;0.000178555;8.74746e-05;0.000142172;0;0.069908
15.7;0.000184655;0.000184655;9.11136e-05;0.000148138;0;0.06831
15.8;0.000191076;0.000191076;9.4809e-05;0.000154264;0;0.066146
15.9;0.000197653;0.000197653;9.85882e-05;0.000160544;0;0.071888
16;0.000204368;0.000204368;0.000102437;0.000167009;0;0.068392
16.1;0.000210947;0.000210947;0.000106509;0.000174068;0;0.068449
16.2;0.000217652;0.000217652;0.000110587;0.00018071;0;0.067894
16.3;0.000224504;0.000224504;0.000114779;0.000187592;0;0.072172
16.4;0.000231557;0.000231557;0.000119044;0.000194633;0;0.067847
16.5;0.000238756;0.000238756;0.000123418;0.000201861;0;0.06762
16.6;0.000246022;0.000246022;0.000127804;0.000209241;0;0.067737
16.7;0.000252932;0.000252932;0.000132479;0.000216828;0;0.067286
16.8;0.000260948;0.000260948;0.000137176;0.000224645;0;0.094364
16.9;0.000268656;0.000268656;0.000142022;0.000232586;0;0.094313
17;0.00027638;0.00027638;0.000147008;0.000240631;0;0.069468
17.1;0.000284319;0.000284319;0.000152211;0.000248816;0;0.070209
17.2;0.00029176;0.00029176;0.000157488;0.00025695;0;0.066998
17.3;0.000299574;0.000299574;0.000162893;0.000265207;0;0.070622
17.4;0.000307469;0.000307469;0.000168415;0.000273708;0;0.066996
17.5;0.00031535;0.00031535;0.000174104;0.000282293;0;0.067492
17.6;0.000323007;0.000323007;0.000179885;0.000291456;0;0.069024
17.7;0.000330866;0.000330866;0.000185791;0.000300289;0;0.069332
17.8;0.000338861;0.000338861;0.000191901;0.000309336;0;0.067552
17.9;0.000346967;0.000346967;0.000198161;0.000318382;0;0.070406
18;0.000355133;0.000355133;0.000204628;0.000327679;0;0.072386
18.1;0.000363302;0.000363302;0.000211155;0.000337054;0;0.071558
18.2;0.000371511;0.000371511;0.000217834;0.00034656;0;0.070977
18.3;0.00037978;0.00037978;0.000224622;0.000356195;0;0.071511
18.4;0.00038794;0.00038794;0.00023161;0.000365792;0;0.072263
18.5;0.000396243;0.000396243;0.000238733;0.000375561;0;0.071038
18.6;0.000404571;0.000404571;0.000245927;0.00038535;0;0.070387
18.7;0.000412989;0.000412989;0.000253264;0.000395168;0;0.074764
18.8;0.000421395;0.000421395;0.000260748;0.000405193;0;0.070534
18.9;0.000429885;0.000429885;0.000268355;0.000415233;0;0.068364
19;0.000438223;0.000438223;0.000276099;0.000425545;0;0.070821
19.1;0.000446587;0.000446587;0.000283979;0.000435669;0;0.072446
19.2;0.000454962;0.000454962;0.000291953;0.000445562;0;0.067445
19.3;0.000463417;0.000463417;0.000300083;0.000455977;0;0.069293
19.4;0.000471892;0.000471892;0.000308337;0.000466398;0;0.067747
19.5;0.000480388;0.000480388;0.000316714;0.000476907;0;0.066942
19.6;0.000488964;0.000488964;0.000325227;0.00048742;0;0.067694
19.7;0.000497546;0.000497546;0.000333855;0.000497956;0;0.070277
19.8;0.00050696;0.00050696;0.000342806;0.000508443;0;0.069003
19.9;0.000514557;0.000514557;0.000351713;0.000518708;0;0.067869
20;0.000523015;0.000523015;0.000360707;0.000529001;0;0.067896
20.1;1.3178e-07;1.3178e-07;1.22396e-07;1.0497e-07;0;0.101356
20.2;5.20185e-07;5.20185e-07;4.8228e-07;4.61569e-07;0;0.076408
20.3;1.15576e-06;1.15576e-06;1.0745e-06;9.43274e-07;0;0.067999
20.4;2.04594e-06;2.04594e-06;1.94195e-06;1.63676e-06;0;0.068732
20.5;3.18754e-06;3.18754e-06;2.96041e-06;2.55373e-06;0;0.077147
20.6;4.58723e-06;4.58723e-06;4.24918e-06;3.64712e-06;0;0.068622
20.7;6.235e-06;6.235e-06;5.80363e-06;4.9504e-06;0;0.067951
20.8;8.16773e-06;8.16773e-06;7.49616e-06;6.44601e-06;0;0.076082
20.9;1.02543e-05;1.02543e-05;9.44852e-06;8.09789e-06;0;0.070621
21;1.26291e-05;1.26291e-05;1.16291e-05;9.91405e-06;0;0.068633
21.1;1.52461e-05;1.52461e-05;1.4017e-05;1.19373e-05;0;0.068597
21.2;1.81094e-05;1.81094e-05;1.66281e-05;1.41362e-05;0;0.069197
21.3;2.11988e-05;2.11988e-05;1.94497e-05;1.66308e-05;0;0.069564
21.4;2.45317e-05;2.45317e-05;2.24733e-05;1.90214e-05;0;0.070415
21.5;2.80876e-05;2.80876e-05;2.57129e-05;2.16886e-05;0;0.06871
21.6;3.18761e-05;3.18761e-05;2.91236e-05;2.44792e-05;0;0.068951
21.7;3.59722e-05;3.59722e-05;3.27226e-05;2.7444e-05;0;0.070135
21.8;4.02503e-05;4.02503e-05;3.65192e-05;3.05628e-05;0;0.069677
21.9;4.47482e-05;4.47482e-05;4.05118e-05;3.38048e-05;0;0.068787
22;4.94637e-05;4.94637e-05;4.46875e-05;3.71832e-05;0;0.069852
22.1;5.43707e-05;5.43707e-05;4.90545e-05;4.06856e-05;0;0.069704
22.2;5.94843e-05;5.94843e-05;5.36147e-05;4.43118e-05;0;0.07578
22.3;6.48079e-05;6.48079e-05;5.83623e-05;4.80484e-05;0;0.074137
22.4;7.03416e-05;7.03416e-05;6.32684e-05;5.19001e-05;0;0.095886
22.5;7.60681e-05;7.60681e-05;6.83497e-05;5.58578e-05;0;0.096649
22.6;8.20359e-05;8.20359e-05;7.35808e-05;5.99203e-05;0;0.074705
22.7;8.81254e-05;8.81254e-05;7.89093e-05;6.40501e-05;0;0.072315
22.8;9.43734e-05;9.43734e-05;8.43982e-05;6.8218e-05;0;0.070386
22.9;0.000100836;0.000100836;9.00482e-05;7.24991e-05;0;0.069498
23;0.000107458;0.000107458;9.58562e-05;7.68271e-05;0;0.078337
23.1;0.000114261;0.000114261;0.000101769;8.12277e-05;0;0.089826
23.2;0.000121218;0.000121218;0.000107804;8.56672e-05;0;0.071338
23.3;0.000128307;0.000128307;0.000113956;9.02328e-05;0;0.074944
23.4;0.000135574;0.000135574;0.000120252;9.47032e-05;0;0.075259
23.5;0.000142995;0.000142995;0.000126631;9.92444e-05;0;0.078114
23.6;0.000150557;0.000150557;0.000132936;0.000103835;0;0.080339
23.7;0.000158301;0.000158301;0.000139551;0.000108473;0;0.091147
23.8;0.000166168;0.000166168;0.000146228;0.000113114;0;0.076873
23.9;0.000174149;0.000174149;0.000152405;0.0001178;0;0.072136
24;0.000182306;0.000182306;0.000159389;0.000122469;0;0.069874
24.1;0.000190494;0.000190494;0.000166337;0.000127113;0;0.071186
24.2;0.000198967;0.000198967;0.000173276;0.000131867;0;0.068941
24.3;0.000207269;0.000207269;0.000179862;0.000136464;0;0.069923
24.4;0.00021574;0.00021574;0.000186928;0.000141019;0;0.071875
24.5;0.000224408;0.000224408;0.000193962;0.000145721;0;0.076862
24.6;0.000233232;0.000233232;0.000201001;0.000150518;0;0.074675
24.7;0.000242161;0.000242161;0.000207846;0.000155334;0;0.071147
24.8;0.000251172;0.000251172;0.000214873;0.000160098;0;0.073655
24.9;0.000260332;0.000260332;0.000221888;0.000164821;0;0.08286
25;0.000269593;0.000269593;0.000228849;0.00016945;0;0.071131
25.1;0.000278949;0.000278949;0.000235812;0.000174083;0;0.069513
25.2;0.000288369;0.000288369;0.000242805;0.000178761;0;0.07508
25.3;0.000297806;0.000297806;0.000249794;0.000183395;0;0.072821
25.4;0.000307235;0.000307235;0.000256837;0.000188015;0;0.069807
25.5;0.000316766;0.000316766;0.000263812;0.000192597;0;0.073927
25.6;0.00032634;0.00032634;0.000270823;0.000197165;0;0.074892
25.7;0.000335959;0.000335959;0.000277802;0.000201739;0;0.07009
25.8;0.000345598;0.000345598;0.000284782;0.000206407;0;0.073817
25.9;0.000355235;0.000355235;0.0002918;0.000210831;0;0.071036
26;0.000364872;0.000364872;0.000298781;0.000215228;0;0.076359
26.1;0.000374627;0.000374627;0.00030577;0.000219635;0;0.070031
26.2;0.00038442;0.00038442;0.000312586;0.000224097;0;0.073947
26.3;0.000394365;0.000394365;0.000319291;0.000228428;0;0.069941
26.4;0.000404392;0.000404392;0.000325925;0.00023277;0;0.069152
26.5;0.000414409;0.000414409;0.000332526;0.000237073;0;0.069112
26.6;0.000424561;0.000424561;0.000338966;0.000241301;0;0.074902
26.7;0.000434601;0.000434601;0.000345446;0.000245497;0;0.071335
26.8;0.000444901;0.000444901;0.000351746;0.00024968;0;0.069065
26.9;0.00045525;0.00045525;0.000358042;0.000253815;0;0.079618
27;0.000465614;0.000465614;0.00036427;0.000257925;0;0.101385
27.1;0.000475957;0.000475957;0.000370427;0.000261978;0;0.114162
27.2;0.00048636;0.00048636;0.000376261;0.000265943;0;0.09219
27.3;0.000496692;0.000496692;0.000382084;0.000269928;0;0.083594
27.4;0.00050697;0.00050697;0.000387874;0.000273911;0;0.070449
27.5;0.000517365;0.000517365;0.000393604;0.000277707;0;0.079911
27.6;0.000527454;0.000527454;0.000399137;0.000281456;0;0.071356
27.7;0.000537635;0.000537635;0.000404736;0.000285303;0;0.081826
27.8;0.00054783;0.00054783;0.000410263;0.000289168;0;0.097129
27.9;0.000558065;0.000558065;0.000415696;0.000292999;0;0.089519
28;0.000568308;0.000568308;0.000421041;0.000296834;0;0.083803
28.1;0.000578378;0.000578378;0.00042657;0.000300611;0;0.082186
28.2;0.000588407;0.000588407;0.000431645;0.000304548;0;0.071171
28.3;0.000598476;0.000598476;0.000436594;0.000308202;0;0.069171
28.4;0.000608677;0.000608677;0.000441488;0.000311735;0;0.089353
28.5;0.000618939;0.000618939;0.000446293;0.000315318;0;0.103391
28.6;0.000629204;0.000629204;0.0004511;0.000318985;0;0.092433
28.7;0.000639481;0.000639481;0.000455649;0.000322617;0;0.085009
28.8;0.000649754;0.000649754;0.000460047;0.000326353;0;0.072934
28.9;0.000659909;0.000659909;0.00046419;0.000330126;0;0.081423
29;0.000670054;0.000670054;0.000468461;0.000333783;0;0.097776
29.1;0.000680209;0.000680209;0.000472628;0.000337454;0;0.098748
29.2;0.000690357;0.000690357;0.000476701;0.000341133;0;0.098036
29.3;0.000700482;0.000700482;0.000480673;0.000344819;0;0.095364
29.4;0.000710572;0.000710572;0.000484519;0.000348396;0;0.074493
29.5;0.000720502;0.000720502;0.000488258;0.000352047;0;0.074153
29.6;0.000730254;0.000730254;0.000491917;0.000355661;0;0.073347
29.7;0.00073995;0.00073995;0.000495524;0.000359311;0;0.070389
29.8;0.000749689;0.000749689;0.000499081;0.000363067;0;0.070959
29.9;0.000759155;0.000759155;0.000502631;0.000367078;0;0.069371
30;0.000768618;0.000768618;0.000506075;0.000370872;0;0.072643
30.1;1.93295e-07;1.93295e-07;1.49929e-07;2.16549e-07;0;0.099124
30.2;7.51147e-07;7.51147e-07;4.94298e-07;5.23456e-07;0;0.073806
30.3;1.64011e-06;1.64011e-06;1.0198e-06;1.10292e-06;0;0.084364
30.4;2.89911e-06;2.89911e-06;1.78355e-06;1.91118e-06;0;0.096328
30.5;4.53233e-06;4.53233e-06;2.82849e-06;2.98541e-06;0;0.077952
30.6;6.55301e-06;6.55301e-06;4.04883e-06;4.28773e-06;0;0.073029
30.7;8.90665e-06;8.90665e-06;5.52206e-06;5.84017e-06;0;0.070283
30.8;1.16206e-05;1.16206e-05;7.24155e-06;7.64903e-06;0;0.069808
30.9;1.47059e-05;1.47059e-05;9.20086e-06;9.70447e-06;0;0.077507
31;1.81653e-05;1.81653e-05;1.14173e-05;1.20221e-05;0;0.072139
31.1;2.20009e-05;2.20009e-05;1.38535e-05;1.45732e-05;0;0.070977
31.2;2.62033e-05;2.62033e-05;1.65728e-05;1.73938e-05;0;0.067503
31.3;3.07616e-05;3.07616e-05;1.95287e-05;2.05084e-05;0;0.067382
31.4;3.56932e-05;3.56932e-05;2.27201e-05;2.38177e-05;0;0.069252
31.5;4.1062e-05;4.1062e-05;2.61744e-05;2.73865e-05;0;0.067658
31.6;4.67105e-05;4.67105e-05;2.98852e-05;3.12129e-05;0;0.069988
31.7;5.2752e-05;5.2752e-05;3.38744e-05;3.53079e-05;0;0.069215
31.8;5.91478e-05;5.91478e-05;3.81346e-05;3.96621e-05;0;0.069061
31.9;6.58841e-05;6.58841e-05;4.26736e-05;4.42212e-05;0;0.06935
32;7.30026e-05;7.30026e-05;4.74643e-05;4.90521e-05;0;0.069607
32.1;8.03826e-05;8.03826e-05;5.25436e-05;5.41499e-05;0;0.068464
32.2;8.81281e-05;8.81281e-05;5.7747e-05;5.94787e-05;0;0.06778
32.3;9.62993e-05;9.62993e-05;6.34638e-05;6.50868e-05;0;0.071694
32.4;0.00010483;0.00010483;6.93871e-05;7.10834e-05;0;0.069791
32.5;0.000113644;0.000113644;7.56318e-05;7.71022e-05;0;0.068437
32.6;0.00012286;0.00012286;8.21428e-05;8.34149e-05;0;0.069153
32.7;0.000132574;0.000132574;8.89842e-05;9.00008e-05;0;0.071201
32.8;0.000142285;0.000142285;9.60233e-05;9.67867e-05;0;0.069439
32.9;0.000152429;0.000152429;0.000103273;0.000103814;0;0.068703
33;0.000162997;0.000162997;0.000110783;0.000111123;0;0.067344
33.1;0.000173868;0.000173868;0.000118569;0.000118627;0;0.087337
33.2;0.000185049;0.000185049;0.000126641;0.000126381;0;0.095953
33.3;0.000196538;0.000196538;0.000134971;0.000134372;0;0.082611
33.4;0.000208317;0.000208317;0.000143556;0.000142542;0;0.067661
33.5;0.000220379;0.000220379;0.000152414;0.000150979;0;0.07012
33.6;0.000232668;0.000232668;0.000161548;0.000159609;0;0.066579
33.7;0.000245195;0.000245195;0.000170886;0.000168453;0;0.070168
33.8;0.000258043;0.000258043;0.000180522;0.000177483;0;0.067292
33.9;0.000271177;0.000271177;0.000190427;0.000186712;0;0.069107
34;0.000284583;0.000284583;0.000200596;0.000196145;0;0.067831
34.1;0.000298218;0.000298218;0.000210995;0.000205799;0;0.068525
34.2;0.000312121;0.000312121;0.000221659;0.000215651;0;0.067978
34.3;0.000326217;0.000326217;0.00023258;0.000225605;0;0.0676
34.4;0.00034059;0.00034059;0.000243702;0.000235748;0;0.070317
34.5;0.000355072;0.000355072;0.000255093;0.000246032;0;0.06779
34.6;0.000369781;0.000369781;0.000266928;0.000256511;0;0.067357
34.7;0.000384677;0.000384677;0.000278737;0.000267108;0;0.06851
34.8;0.000399813;0.000399813;0.000290497;0.000277784;0;0.070952
34.9;0.000415016;0.000415016;0.000302838;0.000288643;0;0.067459
35;0.000430527;0.000430527;0.000315282;0.000299533;0;0.068013
35.1;0.000446237;0.000446237;0.00032793;0.000310627;0;0.070971
35.2;0.000462221;0.000462221;0.000340673;0.000321871;0;0.067959
35.3;0.000478372;0.000478372;0.000353701;0.00033323;0;0.069115
35.4;0.000494524;0.000494524;0.000366791;0.000344572;0;0.068588
35.5;0.00051115;0.00051115;0.000380065;0.000355996;0;0.067733
35.6;0.000527818;0.000527818;0.000393494;0.000367578;0;0.067685
35.7;0.000544576;0.000544576;0.000407135;0.000379178;0;0.06958
35.8;0.000561424;0.000561424;0.000420889;0.000390847;0;0.070687
35.9;0.000578464;0.000578464;0.000434883;0.000402712;0;0.069645
36;0.000595649;0.000595649;0.000449058;0.000414431;0;0.066825
36.1;0.000612986;0.000612986;0.000463253;0.000426234;0;0.070118
36.2;0.000630401;0.000630401;0.000477638;0.000438032;0;0.067189
36.3;0.000647831;0.000647831;0.000492104;0.000449783;0;0.068254
36.4;0.00066524;0.00066524;0.000506722;0.000461685;0;0.06828
36.5;0.000682897;0.000682897;0.000521425;0.000473662;0;0.067024
36.6;0.000700649;0.000700649;0.000536231;0.00048571;0;0.070183
36.7;0.000718438;0.000718438;0.000551104;0.000497659;0;0.068287
36.8;0.000736224;0.000736224;0.000566042;0.000509265;0;0.066825
36.9;0.000754027;0.000754027;0.000581119;0.00052119;0;0.067979
37;0.000771923;0.000771923;0.000596082;0.000533135;0;0.0697
37.1;0.000789846;0.000789846;0.000611311;0.000544941;0;0.068233
37.2;0.000807773;0.000807773;0.000626563;0.000556727;0;0.085133
37.3;0.000825736;0.000825736;0.000641814;0.000568392;0;0.113313
37.4;0.000843314;0.000843314;0.000657137;0.000580069;0;0.117633
37.5;0.000859899;0.000859899;0.000672026;0.000591272;0;0.101507
37.6;0.000878285;0.000878285;0.000686792;0.000602046;0;0.098682
37.7;0.000893843;0.000893843;0.000701397;0.000612215;0;0.098805
37.8;0.000910251;0.000910251;0.000716105;0.000622423;0;0.098787
37.9;0.000928809;0.000928809;0.000730157;0.00063228;0;0.099379
38;0.000945453;0.000945453;0.000744523;0.000642011;0;0.098842
38.1;0.000961789;0.000961789;0.000757959;0.000651935;0;0.087954
38.2;0.000979101;0.000979101;0.000772794;0.000661748;0;0.071563
38.3;0.000996843;0.000996843;0.000787911;0.000672069;0;0.072868
38.4;0.00101475;0.00101475;0.000803189;0.000682487;0;0.069292
38.5;0.00103266;0.00103266;0.000818447;0.000692934;0;0.069081
38.6;0.00105045;0.00105045;0.000833683;0.000703377;0;0.070767
38.7;0.00106874;0.00106874;0.000848828;0.000713804;0;0.070669
38.8;0.00108586;0.00108586;0.000863655;0.000723912;0;0.068812
38.9;0.0011031;0.0011031;0.000878004;0.000733744;0;0.078668
39;0.00112027;0.00112027;0.000892423;0.000743379;0;0.085785
39.1;0.00113732;0.00113732;0.000906599;0.000752874;0;0.096239
39.2;0.00115422;0.00115422;0.000920622;0.000762182;0;0.096607
39.3;0.00117092;0.00117092;0.000934467;0.000771248;0;0.087023
39.4;0.00118734;0.00118734;0.000948113;0.000780132;0;0.077249
39.5;0.00120349;0.00120349;0.000961573;0.000788585;0;0.078088
39.6;0.00121941;0.00121941;0.000974841;0.000796906;0;0.079046
39.7;0.00123503;0.00123503;0.000987831;0.000804952;0;0.067658
39.8;0.00125038;0.00125038;0.00100036;0.000812466;0;0.073861
39.9;0.00126525;0.00126525;0.00101318;0.000820063;0;0.076925
40;0.00127977;0.00127977;0.00102572;0.000827244;0;0.06729
40.1;2.62159e-07;2.62159e-07;1.79176e-07;1.24947e-07;0;0.099569
40.2;9.12735e-07;9.12735e-07;5.8033e-07;4.42089e-07;0;0.084169
40.3;2.01956e-06;2.01956e-06;1.23011e-06;1.00495e-06;0;0.070179
40.4;3.5646e-06;3.5646e-06;2.13691e-06;1.76334e-06;0;0.074654
40.5;5.54123e-06;5.54123e-06;3.28916e-06;2.64372e-06;0;0.098155
40.6;7.96218e-06;7.96218e-06;4.68364e-06;3.74516e-06;0;0.104436
40.7;1.0823e-05;1.0823e-05;6.32302e-06;5.0347e-06;0;0.103352
40.8;1.41101e-05;1.41101e-05;8.20715e-06;6.52195e-06;0;0.119099
40.9;1.78437e-05;1.78437e-05;1.03309e-05;8.24997e-06;0;0.091253
41;2.20058e-05;2.20058e-05;1.26807e-05;1.01175e-05;0;0.072183
41.1;2.65742e-05;2.65742e-05;1.52581e-05;1.21664e-05;0;0.073241
41.2;3.15729e-05;3.15729e-05;1.80911e-05;1.44386e-05;0;0.078448
41.3;3.69946e-05;3.69946e-05;2.11704e-05;1.69528e-05;0;0.068803
41.4;4.28364e-05;4.28364e-05;2.44631e-05;1.96118e-05;0;0.071891
41.5;4.90945e-05;4.90945e-05;2.79885e-05;2.24532e-05;0;0.096546
41.6;5.57711e-05;5.57711e-05;3.17477e-05;2.55154e-05;0;0.093433
41.7;6.28453e-05;6.28453e-05;3.57491e-05;2.87804e-05;0;0.069301
41.8;7.03399e-05;7.03399e-05;3.99674e-05;3.22492e-05;0;0.068851
41.9;7.82535e-05;7.82535e-05;4.44041e-05;3.58773e-05;0;0.067813
42;8.65123e-05;8.65123e-05;4.90563e-05;3.9748e-05;0;0.070717
42.1;9.51987e-05;9.51987e-05;5.39096e-05;4.38331e-05;0;0.0677
42.2;0.000104338;0.000104338;5.90121e-05;4.80882e-05;0;0.068499
42.3;0.000113865;0.000113865;6.43058e-05;5.25245e-05;0;0.068888
42.4;0.000123769;0.000123769;6.98018e-05;5.72396e-05;0;0.070509
42.5;0.000134046;0.000134046;7.55317e-05;6.2155e-05;0;0.06866
42.6;0.000144693;0.000144693;8.15497e-05;6.73114e-05;0;0.069544
42.7;0.000155781;0.000155781;8.77214e-05;7.26526e-05;0;0.067231
42.8;0.000167278;0.000167278;9.41169e-05;7.81663e-05;0;0.071791
42.9;0.000179143;0.000179143;0.000100669;8.38886e-05;0;0.069911
43;0.000191461;0.000191461;0.00010743;8.98103e-05;0;0.083719
43.1;0.00020415;0.00020415;0.000114353;9.59564e-05;0;0.06717
43.2;0.000217258;0.000217258;0.000121487;0.00010231;0;0.06899
43.3;0.000230712;0.000230712;0.00012883;0.000108877;0;0.089072
43.4;0.000244559;0.000244559;0.000136394;0.000115647;0;0.068198
43.5;0.000258735;0.000258735;0.000144118;0.000122674;0;0.067683
43.6;0.000273242;0.000273242;0.000152035;0.000129833;0;0.086681
43.7;0.000288064;0.000288064;0.000160167;0.000137123;0;0.075872
43.8;0.000303201;0.000303201;0.000168485;0.000144683;0;0.069406
43.9;0.000318681;0.000318681;0.000176977;0.000152482;0;0.068028
44;0.000334545;0.000334545;0.000185675;0.000160456;0;0.068157
44.1;0.000350709;0.000350709;0.000194454;0.000168738;0;0.07113
44.2;0.000367241;0.000367241;0.000203608;0.000177178;0;0.067227
44.3;0.000384052;0.000384052;0.000212909;0.000185866;0;0.068331
44.4;0.000401206;0.000401206;0.00022234;0.000194805;0;0.06912
44.5;0.000418703;0.000418703;0.000231976;0.000203851;0;0.070252
44.6;0.000436589;0.000436589;0.000241764;0.000213063;0;0.068751
44.7;0.000454809;0.000454809;0.000251759;0.000222504;0;0.068921
44.8;0.000473263;0.000473263;0.000261905;0.000232169;0;0.067536
44.9;0.000492004;0.000492004;0.000272305;0.000242058;0;0.069097
45;0.000510991;0.000510991;0.000282901;0.000252145;0;0.069071
45.1;0.000530154;0.000530154;0.000293629;0.000262422;0;0.068704
45.2;0.000549599;0.000549599;0.000304582;0.000272931;0;0.068237
45.3;0.000569291;0.000569291;0.00031573;0.000283648;0;0.068532
45.4;0.000589191;0.000589191;0.000327064;0.000294535;0;0.070689
45.5;0.000609366;0.000609366;0.000338569;0.000305466;0;0.068885
45.6;0.000629684;0.000629684;0.000350206;0.000316965;0;0.072047
45.7;0.000650354;0.000650354;0.000362012;0.000328394;0;0.096045
45.8;0.000671395;0.000671395;0.000374025;0.000340119;0;0.089646
45.9;0.000692626;0.000692626;0.000386157;0.000352047;0;0.069208
46;0.000714146;0.000714146;0.000398446;0.000364148;0;0.08821
46.1;0.000735852;0.000735852;0.000410909;0.000376431;0;0.077975
46.2;0.000757664;0.000757664;0.000423565;0.000388906;0;0.070351
46.3;0.000779622;0.000779622;0.000436352;0.000401501;0;0.068034
46.4;0.00080166;0.00080166;0.000449218;0.000414324;0;0.067229
46.5;0.000823758;0.000823758;0.000462401;0.000427274;0;0.076242
46.6;0.000845954;0.000845954;0.000475714;0.000440387;0;0.070514
46.7;0.000868604;0.000868604;0.000489139;0.000453523;0;0.069212
46.8;0.000891209;0.000891209;0.00050281;0.00046709;0;0.068185
46.9;0.00091372;0.00091372;0.000516646;0.000480967;0;0.069824
47;0.000936709;0.000936709;0.000530632;0.000494639;0;0.069978
47.1;0.00095974;0.00095974;0.000544748;0.000508537;0;0.068803
47.2;0.000982926;0.000982926;0.000559052;0.00052262;0;0.069112
47.3;0.00100625;0.00100625;0.000573447;0.000536815;0;0.067931
47.4;0.00102946;0.00102946;0.000587954;0.000551102;0;0.06985
47.5;0.00105295;0.00105295;0.000602597;0.000565612;0;0.068829
47.6;0.00107655;0.00107655;0.000617392;0.00058016;0;0.068783
47.7;0.00110009;0.00110009;0.000632282;0.0005949;0;0.067797
47.8;0.00112371;0.00112371;0.00064708;0.00060938;0;0.068766
47.9;0.00114743;0.00114743;0.000662325;0.000624147;0;0.0717
48;0.0011711;0.0011711;0.00067771;0.000639174;0;0.068756
48.1;0.00119485;0.00119485;0.000693183;0.000654174;0;0.068469
48.2;0.00121869;0.00121869;0.000708758;0.000669294;0;0.068887
48.3;0.00124261;0.00124261;0.000724362;0.000684599;0;0.071044
48.4;0.00126628;0.00126628;0.000740101;0.000699876;0;0.068672
48.5;0.00128995;0.00128995;0.000755709;0.000715196;0;0.094321
48.6;0.0013137;0.0013137;0.000771636;0.000730637;0;0.068563
48.7;0.00133758;0.00133758;0.000787655;0.000746015;0;0.070869
48.8;0.00136142;0.00136142;0.000803711;0.000761496;0;0.068156
48.9;0.00138518;0.00138518;0.000819793;0.000776955;0;0.069067
49;0.00140882;0.00140882;0.000836034;0.000792608;0;0.068746
49.1;0.00143211;0.00143211;0.000852451;0.000808261;0;0.070963
49.2;0.00145553;0.00145553;0.000868781;0.000823873;0;0.068252
49.3;0.00147877;0.00147877;0.000885238;0.000839605;0;0.068837
49.4;0.00150181;0.00150181;0.000901757;0.000855153;0;0.067621
49.5;0.00152478;0.00152478;0.000918261;0.000870802;0;0.068858
49.6;0.00154754;0.00154754;0.000934779;0.000886331;0;0.070178
49.7;0.00157015;0.00157015;0.000951338;0.000901906;0;0.06801
49.8;0.00159244;0.00159244;0.000967833;0.000917491;0;0.068
49.9;0.00161445;0.00161445;0.000984346;0.000933011;0;0.068683
50;0.00163638;0.00163638;0.00100093;0.000948513;0;0.071175
50.1;3.19438e-07;3.19438e-07;2.52214e-07;2.129e-07;0;0.096891
50.2;1.17091e-06;1.17091e-06;9.33279e-07;7.62593e-07;0;0.069275
50.3;2.6136e-06;2.6136e-06;1.98831e-06;1.61978e-06;0;0.068554
50.4;4.63465e-06;4.63465e-06;3.41896e-06;2.76495e-06;0;0.077045
50.5;7.18639e-06;7.18639e-06;5.27437e-06;4.23697e-06;0;0.084107
50.6;1.03172e-05;1.03172e-05;7.59434e-06;6.07099e-06;0;0.06815
50.7;1.40109e-05;1.40109e-05;1.02437e-05;8.20299e-06;0;0.069042
50.8;1.8274e-05;1.8274e-05;1.3334e-05;1.06165e-05;0;0.072032
50.9;2.30972e-05;2.30972e-05;1.68225e-05;1.33243e-05;0;0.068417
51;2.84714e-05;2.84714e-05;2.07072e-05;1.63832e-05;0;0.069109
51.1;3.4401e-05;3.4401e-05;2.49715e-05;1.97319e-05;0;0.069606
51.2;4.08752e-05;4.08752e-05;2.96634e-05;2.33025e-05;0;0.086692
51.3;4.79153e-05;4.79153e-05;3.47275e-05;2.71905e-05;0;0.094833
51.4;5.55189e-05;5.55189e-05;4.01914e-05;3.13828e-05;0;0.073725
51.5;6.36645e-05;6.36645e-05;4.6015e-05;3.58968e-05;0;0.067697
51.6;7.23315e-05;7.23315e-05;5.22083e-05;4.05982e-05;0;0.068232
51.7;8.15241e-05;8.15241e-05;5.87846e-05;4.5577e-05;0;0.068917
51.8;9.12288e-05;9.12288e-05;6.56711e-05;5.08304e-05;0;0.069013
51.9;0.000101455;0.000101455;7.29769e-05;5.63928e-05;0;0.066422
52;0.000112186;0.000112186;8.0671e-05;6.2161e-05;0;0.067826
52.1;0.000123402;0.000123402;8.87266e-05;6.82116e-05;0;0.067991
52.2;0.000135178;0.000135178;9.70906e-05;7.44699e-05;0;0.078373
52.3;0.000147409;0.000147409;0.000105825;8.10239e-05;0;0.067289
52.4;0.000160113;0.000160113;0.000114859;8.7757e-05;0;0.073116
52.5;0.000173274;0.000173274;0.000124304;9.47946e-05;0;0.068349
52.6;0.000186909;0.000186909;0.000134006;0.000101654;0;0.066557
52.7;0.000201004;0.000201004;0.000144027;0.000108923;0;0.066552
52.8;0.000215584;0.000215584;0.000154309;0.000116401;0;0.067141
52.9;0.000230549;0.000230549;0.000164877;0.00012409;0;0.068742
53;0.000246024;0.000246024;0.000175761;0.000131945;0;0.06706
53.1;0.000261959;0.000261959;0.000186859;0.000140006;0;0.066632
53.2;0.00027838;0.00027838;0.000198202;0.00014819;0;0.067333
53.3;0.000295198;0.000295198;0.000209665;0.000156544;0;0.069177
53.4;0.000312452;0.000312452;0.000221637;0.000165087;0;0.066918
53.5;0.000330084;0.000330084;0.000233836;0.000173748;0;0.068341
53.6;0.000348151;0.000348151;0.000246249;0.000182591;0;0.074121
53.7;0.000366541;0.000366541;0.000258858;0.000191547;0;0.067761
53.8;0.000385243;0.000385243;0.000271712;0.000200674;0;0.069966
53.9;0.000404395;0.000404395;0.000284805;0.00020986;0;0.067761
54;0.000423861;0.000423861;0.000298014;0.0002192;0;0.06713
54.1;0.000443702;0.000443702;0.000311464;0.000228664;0;0.068087
54.2;0.00046389;0.00046389;0.000325058;0.000238155;0;0.069609
54.3;0.000484394;0.000484394;0.000338837;0.000247789;0;0.065799
54.4;0.000505371;0.000505371;0.000352812;0.000257559;0;0.067622
54.5;0.000526538;0.000526538;0.000366887;0.000267416;0;0.066072
54.6;0.000548119;0.000548119;0.000381174;0.000277276;0;0.067264
54.7;0.000570045;0.000570045;0.00039531;0.000287309;0;0.067756
54.8;0.000592154;0.000592154;0.000409952;0.000297366;0;0.066394
54.9;0.000614455;0.000614455;0.000424776;0.00030749;0;0.065844
55;0.000637033;0.000637033;0.000439639;0.000317579;0;0.068901
55.1;0.000659862;0.000659862;0.000454722;0.00032779;0;0.069938
55.2;0.000682876;0.000682876;0.000469837;0.000338022;0;0.067006
55.3;0.00070608;0.00070608;0.000484753;0.000348281;0;0.091568
55.4;0.000729536;0.000729536;0.000499854;0.00035859;0;0.067443
55.5;0.000753155;0.000753155;0.000515196;0.000368982;0;0.068234
55.6;0.000776987;0.000776987;0.000530589;0.000379352;0;0.065926
55.7;0.000800906;0.000800906;0.000546026;0.000389742;0;0.066609
55.8;0.00082502;0.00082502;0.000561448;0.000400124;0;0.065728
55.9;0.000849374;0.000849374;0.000576887;0.000410501;0;0.067866
56;0.000873974;0.000873974;0.00059226;0.00042093;0;0.068742
56.1;0.00089875;0.00089875;0.000607765;0.000431368;0;0.066365
56.2;0.000923514;0.000923514;0.000623216;0.00044181;0;0.066272
56.3;0.000948556;0.000948556;0.000638496;0.000452258;0;0.067222
56.4;0.000973688;0.000973688;0.000654012;0.00046269;0;0.06854
56.5;0.000998927;0.000998927;0.000669381;0.000473137;0;0.067025
56.6;0.00102429;0.00102429;0.000684552;0.000483623;0;0.067218
56.7;0.00104964;0.00104964;0.000699759;0.000494077;0;0.066831
56.8;0.00107513;0.00107513;0.000714995;0.000504483;0;0.067169
56.9;0.00110052;0.00110052;0.00073043;0.000514827;0;0.069049
57;0.00112616;0.00112616;0.000745703;0.000525127;0;0.06788
57.1;0.00115184;0.00115184;0.000761041;0.000535517;0;0.066775
57.2;0.00117768;0.00117768;0.000776228;0.000545921;0;0.066961
57.3;0.00120351;0.00120351;0.000791462;0.000556447;0;0.06814
57.4;0.00122935;0.00122935;0.000806505;0.000566571;0;0.067202
57.5;0.00125497;0.00125497;0.000821552;0.000576865;0;0.067806
57.6;0.00128081;0.00128081;0.00083632;0.00058712;0;0.069891
57.7;0.00130644;0.00130644;0.000851031;0.000597438;0;0.068313
57.8;0.00133224;0.00133224;0.000865436;0.000607583;0;0.067191
57.9;0.00135807;0.00135807;0.000880049;0.000617548;0;0.067742
58;0.00138394;0.00138394;0.000894423;0.000627763;0;0.065818
58.1;0.00140973;0.00140973;0.000908732;0.000637959;0;0.067476
58.2;0.00143535;0.00143535;0.000923075;0.000648144;0;0.068955
58.3;0.00146083;0.00146083;0.000937168;0.000658253;0;0.066612
58.4;0.00148648;0.00148648;0.000951245;0.000668255;0;0.069327
58.5;0.00151224;0.00151224;0.000965179;0.00067842;0;0.094795
58.6;0.00153813;0.00153813;0.000978935;0.000688585;0;0.089768
58.7;0.00156377;0.00156377;0.000992711;0.000698684;0;0.066741
58.8;0.00158914;0.00158914;0.00100611;0.000708527;0;0.06621
58.9;0.00161441;0.00161441;0.00101926;0.000718553;0;0.066952
59;0.00163947;0.00163947;0.0010323;0.000728461;0;0.068721
59.1;0.00166445;0.00166445;0.0010452;0.00073848;0;0.066548
59.2;0.00168915;0.00168915;0.00105806;0.000748322;0;0.067349
59.3;0.00171374;0.00171374;0.00107072;0.000757984;0;0.06753
59.4;0.00173818;0.00173818;0.00108329;0.000767643;0;0.069775
59.5;0.00176231;0.00176231;0.00109558;0.00077722;0;0.066827
59.6;0.00178618;0.00178618;0.00110785;0.00078697;0;0.06736
59.7;0.00180991;0.00180991;0.0011199;0.000796588;0;0.066893
59.8;0.0018336;0.0018336;0.00113177;0.000806248;0;0.067092
59.9;0.00185689;0.00185689;0.00114356;0.000816535;0;0.068615
60;0.0018798;0.0018798;0.00115507;0.000825682;0;0.067667
60.1;3.65866e-07;3.65866e-07;2.63e-07;2.82013e-07;0;0.094634
60.2;1.40696e-06;1.40696e-06;9.08857e-07;9.45976e-07;0;0.072016
60.3;3.13872e-06;3.13872e-06;1.9663e-06;1.97098e-06;0;0.071048
60.4;5.61201e-06;5.61201e-06;3.39878e-06;3.28747e-06;0;0.06837
60.5;8.65004e-06;8.65004e-06;5.2256e-06;4.91743e-06;0;0.086068
60.6;1.24044e-05;1.24044e-05;7.49794e-06;6.99099e-06;0;0.069163
60.7;1.68335e-05;1.68335e-05;1.01879e-05;9.4162e-06;0;0.080462
60.8;2.19656e-05;2.19656e-05;1.33116e-05;1.22611e-05;0;0.077418
60.9;2.77972e-05;2.77972e-05;1.6865e-05;1.55674e-05;0;0.067787
61;3.43399e-05;3.43399e-05;2.08426e-05;1.90735e-05;0;0.070127
61.1;4.15359e-05;4.15359e-05;2.52755e-05;2.30216e-05;0;0.070664
61.2;4.94126e-05;4.94126e-05;3.01597e-05;2.74093e-05;0;0.07075
61.3;5.79628e-05;5.79628e-05;3.54358e-05;3.21067e-05;0;0.068269
61.4;6.71751e-05;6.71751e-05;4.11966e-05;3.72099e-05;0;0.067456
61.5;7.70806e-05;7.70806e-05;4.73878e-05;4.2738e-05;0;0.068498
61.6;8.74866e-05;8.74866e-05;5.39679e-05;4.87271e-05;0;0.067299
61.7;9.87163e-05;9.87163e-05;6.10661e-05;5.49999e-05;0;0.067889
61.8;0.000110588;0.000110588;6.86136e-05;6.17105e-05;0;0.066997
61.9;0.000123136;0.000123136;7.66129e-05;6.87645e-05;0;0.067273
62;0.000136347;0.000136347;8.50513e-05;7.62199e-05;0;0.070258
62.1;0.000150204;0.000150204;9.38944e-05;8.39502e-05;0;0.067203
62.2;0.000164693;0.000164693;0.00010313;9.21481e-05;0;0.067414
62.3;0.000179886;0.000179886;0.000112867;0.000100744;0;0.067079
62.4;0.000195639;0.000195639;0.000123058;0.000109684;0;0.068524
62.5;0.000212031;0.000212031;0.000133402;0.000118882;0;0.066868
62.6;0.000229106;0.000229106;0.000144565;0.000128439;0;0.092529
62.7;0.000246808;0.000246808;0.000156141;0.00013847;0;0.068357
62.8;0.000265112;0.000265112;0.000168147;0.000148802;0;0.069548
62.9;0.000283999;0.000283999;0.000180593;0.000159655;0;0.067544
63;0.000303509;0.000303509;0.000193478;0.000170612;0;0.067837
63.1;0.000323606;0.000323606;0.0002068;0.000181934;0;0.067587
63.2;0.00034422;0.00034422;0.000220501;0.000193643;0;0.06746
63.3;0.000365327;0.000365327;0.000234725;0.000205664;0;0.071827
63.4;0.00038701;0.00038701;0.000249319;0.00021802;0;0.067429
63.5;0.000409165;0.000409165;0.000264305;0.000230683;0;0.067037
63.6;0.000431858;0.000431858;0.000279775;0.000243593;0;0.068036
63.7;0.000455182;0.000455182;0.000295623;0.000256895;0;0.069491
63.8;0.000478994;0.000478994;0.000311854;0.000270456;0;0.067478
63.9;0.000503304;0.000503304;0.000328497;0.000284288;0;0.070747
64;0.000528151;0.000528151;0.000345507;0.000298412;0;0.067546
64.1;0.000553445;0.000553445;0.000362881;0.00031277;0;0.069508
64.2;0.000579219;0.000579219;0.000380621;0.000327514;0;0.067656
64.3;0.000605341;0.000605341;0.000398632;0.000342426;0;0.06889
64.4;0.000632126;0.000632126;0.000416995;0.000357621;0;0.066928
64.5;0.000658929;0.000658929;0.000435826;0.00037299;0;0.068391
64.6;0.000686461;0.000686461;0.000454974;0.000388671;0;0.070057
64.7;0.000714383;0.000714383;0.000474427;0.000404529;0;0.067401
64.8;0.000742742;0.000742742;0.000494235;0.000420712;0;0.068773
64.9;0.000771389;0.000771389;0.000514261;0.00043702;0;0.07017
65;0.000800488;0.000800488;0.00053456;0.000453535;0;0.069645
65.1;0.000829912;0.000829912;0.000555118;0.000470326;0;0.067311
65.2;0.000859638;0.000859638;0.000576128;0.000487208;0;0.067457
65.3;0.000889767;0.000889767;0.000597435;0.000504403;0;0.066712
65.4;0.000920174;0.000920174;0.000618864;0.000521767;0;0.070303
65.5;0.000950855;0.000950855;0.000640613;0.000539337;0;0.066435
65.6;0.000981775;0.000981775;0.000662565;0.000557083;0;0.067269
65.7;0.00101285;0.00101285;0.000684906;0.000574927;0;0.068066
65.8;0.00104409;0.00104409;0.000707326;0.000592749;0;0.06825
65.9;0.00107566;0.00107566;0.000730092;0.000610669;0;0.068501
66;0.00110757;0.00110757;0.000753071;0.000628694;0;0.066979
66.1;0.00113966;0.00113966;0.000776212;0.000646547;0;0.066566
66.2;0.00117185;0.00117185;0.000799538;0.000664901;0;0.067401
66.3;0.00120417;0.00120417;0.000823035;0.000683081;0;0.069626
66.4;0.00123654;0.00123654;0.000846707;0.000701184;0;0.067423
66.5;0.00126943;0.00126943;0.000870435;0.000719465;0;0.067944
66.6;0.00130222;0.00130222;0.000894291;0.000737956;0;0.067474
66.7;0.00133515;0.00133515;0.00091826;0.000756423;0;0.066685
66.8;0.00136811;0.00136811;0.000942206;0.000774718;0;0.068445
66.9;0.00140128;0.00140128;0.000966319;0.000792969;0;0.066588
67;0.00143461;0.00143461;0.000990502;0.000811278;0;0.073354
67.1;0.00146811;0.00146811;0.00101485;0.000829467;0;0.096988
67.2;0.00150166;0.00150166;0.00103933;0.000847635;0;0.087249
67.3;0.00153511;0.00153511;0.00106388;0.000865755;0;0.067254
67.4;0.00156849;0.00156849;0.00108847;0.00088372;0;0.067832
67.5;0.00160169;0.00160169;0.00111297;0.00090166;0;0.067847
67.6;0.00163482;0.00163482;0.00113757;0.000919492;0;0.068601
67.7;0.00166799;0.00166799;0.00116209;0.000937214;0;0.067622
67.8;0.00170119;0.00170119;0.00118661;0.000954828;0;0.067378
67.9;0.00173538;0.00173538;0.00121093;0.00097213;0;0.067843
68;0.00176808;0.00176808;0.00123514;0.000989209;0;0.076335
68.1;0.00180083;0.00180083;0.0012592;0.00100626;0;0.06725
68.2;0.00183346;0.00183346;0.00128331;0.0010232;0;0.067343
68.3;0.00186597;0.00186597;0.00130722;0.00103985;0;0.06891
68.4;0.00189846;0.00189846;0.00133109;0.00105655;0;0.067125
68.5;0.001931;0.001931;0.00135481;0.00107309;0;0.068448
68.6;0.00196324;0.00196324;0.00137843;0.001089;0;0.067998
68.7;0.00199521;0.00199521;0.00140186;0.00110501;0;0.06694
68.8;0.00202705;0.00202705;0.00142549;0.00112089;0;0.068
68.9;0.0020586;0.0020586;0.00144877;0.00113658;0;0.069068
69;0.00208966;0.00208966;0.0014717;0.001152;0;0.068868
69.1;0.0021206;0.0021206;0.00149443;0.00116726;0;0.068703
69.2;0.00215129;0.00215129;0.00151687;0.00118229;0;0.066688
69.3;0.00218185;0.00218185;0.00153905;0.00119698;0;0.068722
69.4;0.00221203;0.00221203;0.00156093;0.00121131;0;0.069006
69.5;0.0022418;0.0022418;0.00158289;0.00122568;0;0.067927
69.6;0.00227162;0.00227162;0.00160453;0.00123944;0;0.066166
69.7;0.00230104;0.00230104;0.00162586;0.00125307;0;0.06853
69.8;0.00233003;0.00233003;0.00164694;0.00126586;0;0.068782
69.9;0.00235887;0.00235887;0.00166767;0.00127882;0;0.067529
70;0.00238729;0.00238729;0.00168811;0.0012913;0;0.067496
70.1;4.33034e-07;4.33034e-07;2.70362e-07;2.73417e-07;0;0.097437
70.2;1.62323e-06;1.62323e-06;1.0294e-06;8.84478e-07;0;0.071787
70.3;3.52934e-06;3.52934e-06;2.1699e-06;1.70524e-06;0;0.068949
70.4;6.18439e-06;6.18439e-06;3.73349e-06;2.87436e-06;0;0.069394
70.5;9.54389e-06;9.54389e-06;5.72442e-06;4.36379e-06;0;0.086385
70.6;1.36627e-05;1.36627e-05;8.18742e-06;6.27005e-06;0;0.072901
70.7;1.85094e-05;1.85094e-05;1.10757e-05;8.44617e-06;0;0.06983
70.8;2.41195e-05;2.41195e-05;1.4349e-05;1.09086e-05;0;0.072831
70.9;3.04703e-05;3.04703e-05;1.80928e-05;1.38714e-05;0;0.07436
71;3.75479e-05;3.75479e-05;2.22123e-05;1.69805e-05;0;0.075741
71.1;4.53171e-05;4.53171e-05;2.67792e-05;2.04762e-05;0;0.069553
71.2;5.38336e-05;5.38336e-05;3.17609e-05;2.41906e-05;0;0.070529
71.3;6.30814e-05;6.30814e-05;3.71523e-05;2.8313e-05;0;0.0688
71.4;7.30348e-05;7.30348e-05;4.29622e-05;3.27647e-05;0;0.070675
71.5;8.37458e-05;8.37458e-05;4.91981e-05;3.75385e-05;0;0.068068
71.6;9.52025e-05;9.52025e-05;5.58345e-05;4.26526e-05;0;0.068405
71.7;0.000107372;0.000107372;6.2902e-05;4.81124e-05;0;0.067614
71.8;0.000120283;0.000120283;7.03487e-05;5.37878e-05;0;0.06872
71.9;0.000133867;0.000133867;7.81846e-05;5.98658e-05;0;0.068207
72;0.000148168;0.000148168;8.64329e-05;6.62879e-05;0;0.067749
72.1;0.000163202;0.000163202;9.50786e-05;7.29786e-05;0;0.068147
72.2;0.000178883;0.000178883;0.000104029;8.00802e-05;0;0.068915
72.3;0.000195277;0.000195277;0.000113451;8.73965e-05;0;0.070604
72.4;0.000212368;0.000212368;0.000123239;9.51026e-05;0;0.067664
72.5;0.000230186;0.000230186;0.000133405;0.000103242;0;0.068687
72.6;0.000248692;0.000248692;0.000143911;0.000111754;0;0.067709
72.7;0.000267944;0.000267944;0.000154795;0.000120339;0;0.070002
72.8;0.000287844;0.000287844;0.000166033;0.000129241;0;0.067204
72.9;0.000308355;0.000308355;0.000177613;0.000138635;0;0.067538
73;0.000329557;0.000329557;0.000189549;0.000148252;0;0.068376
73.1;0.00035125;0.00035125;0.000201778;0.0001582;0;0.068844
73.2;0.000373639;0.000373639;0.000214479;0.000168535;0;0.070705
73.3;0.000396672;0.000396672;0.000227528;0.000179177;0;0.068571
73.4;0.000420333;0.000420333;0.000240933;0.000190204;0;0.068502
73.5;0.000444641;0.000444641;0.000254657;0.000201545;0;0.068295
73.6;0.000469483;0.000469483;0.000268773;0.00021303;0;0.094368
73.7;0.000494926;0.000494926;0.000283225;0.000224842;0;0.06851
73.8;0.000520818;0.000520818;0.000297958;0.000237026;0;0.068635
73.9;0.000547402;0.000547402;0.000312996;0.000249344;0;0.067948
74;0.000574495;0.000574495;0.000328347;0.000262017;0;0.070134
74.1;0.000602066;0.000602066;0.000344084;0.000275038;0;0.068263
74.2;0.000630186;0.000630186;0.000360127;0.000288381;0;0.068984
74.3;0.000658658;0.000658658;0.000376472;0.000301888;0;0.068239
74.4;0.000687878;0.000687878;0.000393169;0.000315668;0;0.07046
74.5;0.000717618;0.000717618;0.000409981;0.000329813;0;0.069102
74.6;0.000747939;0.000747939;0.000427288;0.000344215;0;0.068076
74.7;0.000778767;0.000778767;0.000444824;0.000358933;0;0.070938
74.8;0.000810133;0.000810133;0.000462659;0.000373995;0;0.069268
74.9;0.000841927;0.000841927;0.000480807;0.000389524;0;0.070699
75;0.000874085;0.000874085;0.000499108;0.000404993;0;0.069697
75.1;0.00090669;0.00090669;0.000517779;0.000420738;0;0.075774
75.2;0.000939738;0.000939738;0.000536515;0.000436699;0;0.068728
75.3;0.000973161;0.000973161;0.000555761;0.000453025;0;0.070705
75.4;0.001007;0.001007;0.000575283;0.000469646;0;0.068439
75.5;0.00104108;0.00104108;0.000595094;0.000486447;0;0.069574
75.6;0.00107557;0.00107557;0.000615195;0.000503654;0;0.068322
75.7;0.00111036;0.00111036;0.000635557;0.000520923;0;0.07053
75.8;0.00114533;0.00114533;0.000656086;0.000538511;0;0.068991
75.9;0.00118077;0.00118077;0.000676904;0.000556379;0;0.06795
76;0.0012167;0.0012167;0.000697849;0.000574537;0;0.068639
76.1;0.00125301;0.00125301;0.000718899;0.000592893;0;0.068553
76.2;0.00128963;0.00128963;0.000740242;0.000611437;0;0.069243
76.3;0.00132652;0.00132652;0.000761816;0.000630222;0;0.067483
76.4;0.00136378;0.00136378;0.00078349;0.000649145;0;0.068027
76.5;0.00140121;0.00140121;0.000805442;0.000668236;0;0.068879
76.6;0.00143906;0.00143906;0.000827598;0.000687533;0;0.069467
76.7;0.00147692;0.00147692;0.000849918;0.000706838;0;0.068959
76.8;0.00151512;0.00151512;0.000872484;0.000726564;0;0.067509
76.9;0.00155349;0.00155349;0.000895172;0.000746481;0;0.067878
77;0.00159197;0.00159197;0.000918105;0.000766633;0;0.084964
77.1;0.00163064;0.00163064;0.000941256;0.000786943;0;0.096696
77.2;0.00166942;0.00166942;0.000964601;0.000807513;0;0.081927
77.3;0.00170819;0.00170819;0.000988088;0.000828106;0;0.070315
77.4;0.00174698;0.00174698;0.00101157;0.000848907;0;0.071055
77.5;0.00178585;0.00178585;0.00103543;0.000869732;0;0.069392
77.6;0.00182444;0.00182444;0.00105937;0.000890747;0;0.070714
77.7;0.00186319;0.00186319;0.00108328;0.000911759;0;0.069471
77.8;0.00190217;0.00190217;0.00110747;0.000932764;0;0.071981
77.9;0.00194063;0.00194063;0.00113154;0.000953805;0;0.06959
78;0.00197949;0.00197949;0.00115585;0.00097474;0;0.069118
78.1;0.00201837;0.00201837;0.00118022;0.000996029;0;0.071122
78.2;0.00205723;0.00205723;0.00120463;0.00101748;0;0.076496
78.3;0.00209592;0.00209592;0.00122917;0.00103877;0;0.071563
78.4;0.00213453;0.00213453;0.00125374;0.0010603;0;0.069406
78.5;0.00217283;0.00217283;0.00127827;0.00108179;0;0.069044
78.6;0.00221117;0.00221117;0.00130286;0.00110332;0;0.070059
78.7;0.00224897;0.00224897;0.00132773;0.00112466;0;0.069039
78.8;0.00228693;0.00228693;0.00135271;0.00114622;0;0.07204
78.9;0.00232505;0.00232505;0.00137768;0.00116776;0;0.096651
79;0.00236311;0.00236311;0.0014026;0.00118932;0;0.106239
79.1;0.00240113;0.00240113;0.00142723;0.00121088;0;0.083326
79.2;0.00243911;0.00243911;0.00145192;0.00123255;0;0.083549
79.3;0.00247688;0.00247688;0.00147661;0.001254;0;0.070745
79.4;0.00251423;0.00251423;0.00150101;0.00127553;0;0.073951
79.5;0.00255121;0.00255121;0.00152536;0.00129735;0;0.074108
79.6;0.00258792;0.00258792;0.00154991;0.00131872;0;0.091328
79.7;0.00262466;0.00262466;0.00157437;0.00134007;0;0.095872
79.8;0.00266109;0.00266109;0.00159868;0.00136137;0;0.07449
79.9;0.00269713;0.00269713;0.00162291;0.0013825;0;0.070039
80;0.00273264;0.00273264;0.00164714;0.00140365;0;0.069984
80.1;1.29768e-06;1.29768e-06;1.10148e-06;1.12664e-06;0;0.127373
80.2;2.16187e-06;2.16187e-06;1.64954e-06;1.40991e-06;0;0.074009
80.3;4.25119e-06;4.25119e-06;3.00363e-06;2.47575e-06;0;0.073065
80.4;7.29953e-06;7.29953e-06;5.04729e-06;4.1855e-06;0;0.073128
80.5;1.12394e-05;1.12394e-05;7.79326e-06;6.29437e-06;0;0.075586
80.6;1.60976e-05;1.60976e-05;1.10874e-05;8.8423e-06;0;0.07495
80.7;2.1816e-05;2.1816e-05;1.49794e-05;1.18582e-05;0;0.072445
80.8;2.84416e-05;2.84416e-05;1.94327e-05;1.52314e-05;0;0.076306
80.9;3.58757e-05;3.58757e-05;2.44615e-05;1.90946e-05;0;0.097286
81;4.41891e-05;4.41891e-05;3.01108e-05;2.34623e-05;0;0.086876
81.1;5.33537e-05;5.33537e-05;3.63567e-05;2.8229e-05;0;0.074301
81.2;6.34048e-05;6.34048e-05;4.31966e-05;3.34077e-05;0;0.073699
81.3;7.42657e-05;7.42657e-05;5.05741e-05;3.90892e-05;0;0.06881
81.4;8.60072e-05;8.60072e-05;5.84982e-05;4.51369e-05;0;0.07039
81.5;9.86226e-05;9.86226e-05;6.70381e-05;5.15533e-05;0;0.070961
81.6;0.000112008;0.000112008;7.60701e-05;5.84344e-05;0;0.071267
81.7;0.000126286;0.000126286;8.5662e-05;6.56941e-05;0;0.097461
81.8;0.000141385;0.000141385;9.58198e-05;7.3441e-05;0;0.115296
81.9;0.000157126;0.000157126;0.0001065;8.18063e-05;0;0.10294
82;0.000173503;0.000173503;0.000117645;9.02681e-05;0;0.098731
82.1;0.000190694;0.000190694;0.000129375;9.95644e-05;0;0.098393
82.2;0.000208667;0.000208667;0.000141476;0.000107532;0;0.078202
82.3;0.00022775;0.00022775;0.000154262;0.000116584;0;0.076431
82.4;0.000247725;0.000247725;0.000167533;0.000126242;0;0.096533
82.5;0.000268505;0.000268505;0.000181292;0.000136384;0;0.094266
82.6;0.000289992;0.000289992;0.0001955;0.000146855;0;0.073129
82.7;0.000312166;0.000312166;0.000210178;0.00015768;0;0.076868
82.8;0.000334995;0.000334995;0.000225256;0.000168654;0;0.071825
82.9;0.000358607;0.000358607;0.00024057;0.000180083;0;0.0703
83;0.000382923;0.000382923;0.000256503;0.000191858;0;0.071212
83.1;0.00040795;0.00040795;0.000272955;0.000203825;0;0.070539
83.2;0.000433589;0.000433589;0.000289683;0.000216076;0;0.070486
83.3;0.000459799;0.000459799;0.000306939;0.000228657;0;0.070858
83.4;0.000486836;0.000486836;0.000324572;0.000241367;0;0.070105
83.5;0.000514507;0.000514507;0.00034264;0.000254312;0;0.070162
83.6;0.000542863;0.000542863;0.000361084;0.000267686;0;0.072834
83.7;0.000571874;0.000571874;0.00037992;0.000281215;0;0.090664
83.8;0.000601545;0.000601545;0.000399153;0.000295028;0;0.096364
83.9;0.000631704;0.000631704;0.00041873;0.000309189;0;0.075274
84;0.000662277;0.000662277;0.000438617;0.000323357;0;0.073059
84.1;0.000693452;0.000693452;0.000458527;0.000337861;0;0.068343
84.2;0.000725131;0.000725131;0.000479264;0.000352506;0;0.074913
84.3;0.00075742;0.00075742;0.000500038;0.000367427;0;0.075422
84.4;0.000790256;0.000790256;0.000521118;0.000382603;0;0.076103
84.5;0.000823486;0.000823486;0.000542491;0.000397655;0;0.069312
84.6;0.000857176;0.000857176;0.000564085;0.000413015;0;0.069772
84.7;0.000891392;0.000891392;0.000585986;0.000428534;0;0.067946
84.8;0.000926028;0.000926028;0.000608099;0.000444187;0;0.068525
84.9;0.000961225;0.000961225;0.000630386;0.00045995;0;0.07079
85;0.000996776;0.000996776;0.000652935;0.000475859;0;0.073061
85.1;0.00103273;0.00103273;0.000675594;0.000491637;0;0.073597
85.2;0.00106907;0.00106907;0.000698373;0.00050738;0;0.072438
85.3;0.00110599;0.00110599;0.000721277;0.000523429;0;0.082635
85.4;0.00114325;0.00114325;0.000744369;0.000539716;0;0.077507
85.5;0.00118082;0.00118082;0.000767632;0.000556176;0;0.086769
85.6;0.00121869;0.00121869;0.000791086;0.000572445;0;0.084954
85.7;0.00125676;0.00125676;0.000814677;0.000589041;0;0.070774
85.8;0.00129494;0.00129494;0.000838415;0.000605566;0;0.070824
85.9;0.00133353;0.00133353;0.000862376;0.000621929;0;0.070138
86;0.00137241;0.00137241;0.000886333;0.000638507;0;0.070915
86.1;0.00141156;0.00141156;0.000910377;0.000655041;0;0.068934
86.2;0.00145093;0.00145093;0.000934292;0.000671727;0;0.068925
86.3;0.00149049;0.00149049;0.00095844;0.000688414;0;0.071846
86.4;0.00153052;0.00153052;0.000982687;0.000705202;0;0.095794
86.5;0.00157091;0.00157091;0.00100698;0.000722128;0;0.095269
86.6;0.00161145;0.00161145;0.0010312;0.000739089;0;0.079392
86.7;0.0016519;0.0016519;0.00105537;0.000755936;0;0.070942
86.8;0.00169243;0.00169243;0.00107944;0.000772839;0;0.068355
86.9;0.00173297;0.00173297;0.00110345;0.000789854;0;0.068752
87;0.00177362;0.00177362;0.00112724;0.000806782;0;0.072767
87.1;0.00181435;0.00181435;0.00115124;0.000823543;0;0.068965
87.2;0.00185522;0.00185522;0.00117499;0.000840176;0;0.071182
87.3;0.00189583;0.00189583;0.00119868;0.000856851;0;0.069643
87.4;0.00193656;0.00193656;0.00122249;0.000873562;0;0.069287
87.5;0.00197727;0.00197727;0.00124611;0.00089032;0;0.070667
87.6;0.00201781;0.00201781;0.00126974;0.000907091;0;0.068718
87.7;0.00205855;0.00205855;0.00129339;0.000923953;0;0.071472
87.8;0.00209937;0.00209937;0.00131667;0.000940872;0;0.07063
87.9;0.0021399;0.0021399;0.00134001;0.000957546;0;0.071192
88;0.00218044;0.00218044;0.00136328;0.000974022;0;0.068575
88.1;0.00222092;0.00222092;0.00138629;0.000990635;0;0.067706
88.2;0.00226144;0.00226144;0.00140898;0.00100714;0;0.068204
88.3;0.00230205;0.00230205;0.0014315;0.00102363;0;0.076743
88.4;0.00234243;0.00234243;0.001454;0.00104014;0;0.069883
88.5;0.00238269;0.00238269;0.00147653;0.00105634;0;0.068233
88.6;0.00242276;0.00242276;0.00149869;0.00107255;0;0.068355
88.7;0.00246255;0.00246255;0.00152072;0.00108864;0;0.071277
88.8;0.00250217;0.00250217;0.00154253;0.00110438;0;0.072432
88.9;0.00254156;0.00254156;0.0015641;0.00112037;0;0.070617
89;0.00258095;0.00258095;0.00158555;0.00113637;0;0.067729
89.1;0.00261976;0.00261976;0.0016067;0.00115219;0;0.06915
89.2;0.00265855;0.00265855;0.00162771;0.00116812;0;0.071062
89.3;0.00269735;0.00269735;0.00164842;0.00118365;0;0.069635
89.4;0.00273552;0.00273552;0.00166881;0.0011992;0;0.06996
89.5;0.00277341;0.00277341;0.00168893;0.00121467;0;0.071194
89.6;0.00281137;0.00281137;0.00170882;0.00123016;0;0.07073
89.7;0.00284879;0.00284879;0.00172861;0.00124553;0;0.070219
89.8;0.00288537;0.00288537;0.00174825;0.00126071;0;0.069623
89.9;0.00292147;0.00292147;0.00176759;0.00127585;0;0.069478
90;0.00295724;0.00295724;0.00178658;0.00129081;0;0.071734
90.1;6.2056e-07;6.2056e-07;3.90491e-07;3.58372e-07;0;0.100502
90.2;2.10627e-06;2.10627e-06;1.328e-06;1.21095e-06;0;0.085058
90.3;4.61889e-06;4.61889e-06;2.84315e-06;2.58758e-06;0;0.090683
90.4;8.13795e-06;8.13795e-06;4.94726e-06;4.44049e-06;0;0.095071
90.5;1.26483e-05;1.26483e-05;7.64127e-06;6.79886e-06;0;0.100027
90.6;1.81422e-05;1.81422e-05;1.08975e-05;9.71182e-06;0;0.087538
90.7;2.45926e-05;2.45926e-05;1.48156e-05;1.31033e-05;0;0.075261
90.8;3.20317e-05;3.20317e-05;1.92593e-05;1.69551e-05;0;0.080422
90.9;4.04806e-05;4.04806e-05;2.43148e-05;2.14603e-05;0;0.071075
91;4.98719e-05;4.98719e-05;3.00067e-05;2.63581e-05;0;0.073747
91.1;6.02349e-05;6.02349e-05;3.62936e-05;3.18278e-05;0;0.073561
91.2;7.15831e-05;7.15831e-05;4.31927e-05;3.78387e-05;0;0.07186
91.3;8.39275e-05;8.39275e-05;5.06761e-05;4.43756e-05;0;0.072909
91.4;9.72466e-05;9.72466e-05;5.87463e-05;5.13273e-05;0;0.070697
91.5;0.00011158;0.00011158;6.74385e-05;5.89069e-05;0;0.074198
91.6;0.000126863;0.000126863;7.67366e-05;6.69926e-05;0;0.072076
91.7;0.000143115;0.000143115;8.66813e-05;7.55689e-05;0;0.069119
91.8;0.000160308;0.000160308;9.72008e-05;8.47236e-05;0;0.070384
91.9;0.00017843;0.00017843;0.00010838;9.43623e-05;0;0.072108
92;0.000197465;0.000197465;0.000120174;0.000104582;0;0.072651
92.1;0.000217478;0.000217478;0.000132515;0.000115215;0;0.070009
92.2;0.000238416;0.000238416;0.000145492;0.00012637;0;0.069997
92.3;0.000260266;0.000260266;0.00015909;0.000137979;0;0.071159
92.4;0.000283085;0.000283085;0.000173324;0.000150126;0;0.08863
92.5;0.000306407;0.000306407;0.000188131;0.000163028;0;0.110324
92.6;0.000330099;0.000330099;0.000203186;0.000176334;0;0.099209
92.7;0.000354657;0.000354657;0.000218993;0.000189758;0;0.099053
92.8;0.00038044;0.00038044;0.000235674;0.000203848;0;0.097595
92.9;0.000407481;0.000407481;0.000252389;0.0002176;0;0.088298
93;0.000435814;0.000435814;0.000270033;0.000232521;0;0.074103
93.1;0.000465;0.000465;0.00028836;0.000247911;0;0.091139
93.2;0.000494973;0.000494973;0.000307302;0.00026385;0;0.096337
93.3;0.000525647;0.000525647;0.00032685;0.000280284;0;0.090739
93.4;0.000556918;0.000556918;0.000346913;0.000297106;0;0.072783
93.5;0.000588931;0.000588931;0.000367572;0.000314285;0;0.0749
93.6;0.000621712;0.000621712;0.000388808;0.000331876;0;0.083696
93.7;0.000655136;0.000655136;0.000410596;0.000349892;0;0.074581
93.8;0.00068925;0.00068925;0.000432927;0.000368244;0;0.069625
93.9;0.000724018;0.000724018;0.000455743;0.000386979;0;0.068967
94;0.000759797;0.000759797;0.00047898;0.000406064;0;0.075478
94.1;0.000796219;0.000796219;0.000502697;0.000425609;0;0.08962
94.2;0.000832768;0.000832768;0.0005268;0.000445562;0;0.101973
94.3;0.000870217;0.000870217;0.000551599;0.000465651;0;0.102692
94.4;0.000908571;0.000908571;0.000576952;0.000486292;0;0.096477
94.5;0.00094748;0.00094748;0.000602001;0.000507264;0;0.075762
94.6;0.000987069;0.000987069;0.000628623;0.000528617;0;0.085988
94.7;0.00102729;0.00102729;0.000655578;0.000550339;0;0.089108
94.8;0.00106816;0.00106816;0.000682899;0.000572459;0;0.096077
94.9;0.00110962;0.00110962;0.000710513;0.000594901;0;0.087528
95;0.00115166;0.00115166;0.000738412;0.000617535;0;0.070015
95.1;0.00119411;0.00119411;0.000766421;0.000640228;0;0.082717
95.2;0.00123677;0.00123677;0.000795093;0.000663049;0;0.070089
95.3;0.00127986;0.00127986;0.000824105;0.000686243;0;0.074647
95.4;0.00132355;0.00132355;0.000853459;0.000709584;0;0.079674
95.5;0.00136801;0.00136801;0.000883184;0.000733079;0;0.080627
95.6;0.00141244;0.00141244;0.00091312;0.000756726;0;0.069384
95.7;0.00145731;0.00145731;0.000943197;0.000780449;0;0.069817
95.8;0.00150253;0.00150253;0.000973627;0.000804174;0;0.067371
95.9;0.00154848;0.00154848;0.00100445;0.000828219;0;0.073251
96;0.00159484;0.00159484;0.0010354;0.000852335;0;0.076661
96.1;0.00164158;0.00164158;0.00106674;0.000876676;0;0.09527
96.2;0.00168862;0.00168862;0.00109841;0.000901101;0;0.087466
96.3;0.00173545;0.00173545;0.00113016;0.000925622;0;0.071144
96.4;0.00178268;0.00178268;0.0011622;0.000950101;0;0.0679
96.5;0.00182981;0.00182981;0.00119452;0.000974359;0;0.071142
96.6;0.00187707;0.00187707;0.00122696;0.000998963;0;0.069047
96.7;0.00192444;0.00192444;0.00125984;0.00102357;0;0.069368
96.8;0.00197199;0.00197199;0.00129255;0.00104768;0;0.068189
96.9;0.00201981;0.00201981;0.00132537;0.00107256;0;0.067969
97;0.00206792;0.00206792;0.00135837;0.00109745;0;0.066985
97.1;0.00211602;0.00211602;0.00139146;0.00112204;0;0.070782
97.2;0.00216405;0.00216405;0.00142465;0.00114678;0;0.069123
97.3;0.00221206;0.00221206;0.00145777;0.0011714;0;0.069088
97.4;0.00226026;0.00226026;0.0014909;0.00119595;0;0.070325
97.5;0.00230837;0.00230837;0.00152414;0.00122042;0;0.068101
97.6;0.00235629;0.00235629;0.0015573;0.00124481;0;0.069012
97.7;0.00240412;0.00240412;0.00159035;0.00126897;0;0.067571
97.8;0.00245183;0.00245183;0.00162333;0.00129295;0;0.068499
97.9;0.00249938;0.00249938;0.00165639;0.00131629;0;0.067305
98;0.00254699;0.00254699;0.00168933;0.00134022;0;0.07122
98.1;0.00259424;0.00259424;0.00172209;0.0013643;0;0.067497
98.2;0.00264118;0.00264118;0.00175483;0.00138752;0;0.067868
98.3;0.0026881;0.0026881;0.00178729;0.00141074;0;0.068424
98.4;0.00273502;0.00273502;0.00181944;0.00143392;0;0.070093
98.5;0.00278173;0.00278173;0.00185076;0.00145644;0;0.06764
98.6;0.00282824;0.00282824;0.00188261;0.00147926;0;0.067525
98.7;0.00287437;0.00287437;0.00191432;0.00150149;0;0.069137
98.8;0.00292006;0.00292006;0.0019457;0.0015234;0;0.069197
98.9;0.00296585;0.00296585;0.00197714;0.00154534;0;0.092966
99;0.0030119;0.0030119;0.00200841;0.00156723;0;0.095183
99.1;0.00305747;0.00305747;0.00203926;0.00158884;0;0.068234
99.2;0.00310289;0.00310289;0.00206973;0.00161002;0;0.07043
99.3;0.00314757;0.00314757;0.00209997;0.00163093;0;0.068065
99.4;0.00319178;0.00319178;0.00212975;0.00165127;0;0.069209
99.5;0.0032355;0.0032355;0.00215935;0.00167136;0;0.067713
99.6;0.00327801;0.00327801;0.00218882;0.00169148;0;0.067768
99.7;0.00332019;0.00332019;0.002218;0.00171057;0;0.069195
99.8;0.00336196;0.00336196;0.00224703;0.0017296;0;0.067777
99.9;0.003405;0.003405;0.00227506;0.00174807;0;0.068476
100;0.0034449;0.0034449;0.00230293;0.00176599;0;0.067001
100.1;6.10544e-07;6.10544e-07;4.8535e-07;5.06871e-07;0;0.098871
100.2;2.33254e-06;2.33254e-06;1.42736e-06;1.29462e-06;0;0.069266
100.3;5.04537e-06;5.04537e-06;3.02251e-06;2.60954e-06;0;0.07424
100.4;8.84801e-06;8.84801e-06;5.25164e-06;4.41518e-06;0;0.077473
100.5;1.36272e-05;1.36272e-05;7.99238e-06;6.52729e-06;0;0.089047
100.6;1.95357e-05;1.95357e-05;1.14398e-05;9.32921e-06;0;0.06944
100.7;2.64287e-05;2.64287e-05;1.54822e-05;1.24849e-05;0;0.068512
100.8;3.43901e-05;3.43901e-05;2.00924e-05;1.61891e-05;0;0.070051
100.9;4.3411e-05;4.3411e-05;2.52595e-05;2.02499e-05;0;0.070742
101;5.3461e-05;5.3461e-05;3.1104e-05;2.48887e-05;0;0.070346
101.1;6.45436e-05;6.45436e-05;3.74221e-05;3.00352e-05;0;0.067736
101.2;7.66532e-05;7.66532e-05;4.43831e-05;3.56893e-05;0;0.071534
101.3;8.97952e-05;8.97952e-05;5.19592e-05;4.18127e-05;0;0.074722
101.4;0.000103979;0.000103979;6.00943e-05;4.83008e-05;0;0.074688
101.5;0.000119151;0.000119151;6.88258e-05;5.53687e-05;0;0.068277
101.6;0.000135335;0.000135335;7.81351e-05;6.29169e-05;0;0.067343
101.7;0.000152572;0.000152572;8.8009e-05;7.08444e-05;0;0.072267
101.8;0.000170766;0.000170766;9.84378e-05;7.92889e-05;0;0.068729
101.9;0.000190013;0.000190013;0.000109486;8.82232e-05;0;0.066865
102;0.000210251;0.000210251;0.000121024;9.76116e-05;0;0.068631
102.1;0.000231468;0.000231468;0.000133111;0.000107403;0;0.068154
102.2;0.000253621;0.000253621;0.000145721;0.000117675;0;0.071505
102.3;0.000276749;0.000276749;0.000158845;0.000128374;0;0.068214
102.4;0.000300801;0.000300801;0.000172606;0.000139575;0;0.067476
102.5;0.000325756;0.000325756;0.000186782;0.000151211;0;0.066584
102.6;0.000351669;0.000351669;0.00020158;0.000163187;0;0.07215
102.7;0.000378602;0.000378602;0.000216838;0.000175777;0;0.081096
102.8;0.00040638;0.00040638;0.000232664;0.000188883;0;0.06757
102.9;0.000435109;0.000435109;0.000248944;0.000202311;0;0.068102
103;0.000464822;0.000464822;0.000265764;0.000216163;0;0.07731
103.1;0.000495575;0.000495575;0.000283133;0.000230483;0;0.095526
103.2;0.000527217;0.000527217;0.000300982;0.000245177;0;0.083495
103.3;0.000559531;0.000559531;0.000319315;0.00026043;0;0.066787
103.4;0.000592674;0.000592674;0.000338031;0.000275958;0;0.068857
103.5;0.00062665;0.00062665;0.000357314;0.000291916;0;0.067526
103.6;0.000661426;0.000661426;0.00037689;0.000308328;0;0.068381
103.7;0.000696909;0.000696909;0.000397145;0.000325057;0;0.066657
103.8;0.000733181;0.000733181;0.000417695;0.000342406;0;0.069327
103.9;0.000770221;0.000770221;0.000438717;0.000359828;0;0.069806
104;0.0008082;0.0008082;0.00046015;0.000377738;0;0.07112
104.1;0.000846875;0.000846875;0.000482136;0.000396181;0;0.067429
104.2;0.000886248;0.000886248;0.0005045;0.000414916;0;0.068011
104.3;0.000926505;0.000926505;0.000527242;0.000434007;0;0.078571
104.4;0.000967264;0.000967264;0.000550484;0.000453536;0;0.070948
104.5;0.00100876;0.00100876;0.000574046;0.000473323;0;0.067801
104.6;0.00105103;0.00105103;0.000598015;0.000493461;0;0.067093
104.7;0.0010938;0.0010938;0.000622395;0.000514053;0;0.069353
104.8;0.00113738;0.00113738;0.000646926;0.000535037;0;0.068639
104.9;0.00118163;0.00118163;0.000671904;0.000556213;0;0.075942
105;0.00122646;0.00122646;0.000697408;0.000577799;0;0.073692
105.1;0.00127187;0.00127187;0.000723186;0.000599564;0;0.069214
105.2;0.00131759;0.00131759;0.000749331;0.000621842;0;0.067505
105.3;0.00136398;0.00136398;0.000775937;0.000644211;0;0.067348
105.4;0.00141106;0.00141106;0.000802906;0.000666968;0;0.067326
105.5;0.0014587;0.0014587;0.000830175;0.000690114;0;0.0675
105.6;0.00150675;0.00150675;0.000857675;0.000713409;0;0.069562
105.7;0.00155526;0.00155526;0.00088574;0.000737105;0;0.068918
105.8;0.00160409;0.00160409;0.000913961;0.000760835;0;0.067409
105.9;0.00165342;0.00165342;0.000942587;0.00078513;0;0.066855
106;0.00170303;0.00170303;0.000971563;0.000809579;0;0.07202
106.1;0.0017532;0.0017532;0.00100069;0.000834232;0;0.06722
106.2;0.00180353;0.00180353;0.00103012;0.000858842;0;0.068073
106.3;0.0018543;0.0018543;0.00105979;0.000883878;0;0.072713
106.4;0.00190558;0.00190558;0.00108972;0.000909369;0;0.07905
106.5;0.0019571;0.0019571;0.00111976;0.000935021;0;0.067564
106.6;0.00200887;0.00200887;0.00114999;0.000960874;0;0.067043
106.7;0.00206103;0.00206103;0.00118072;0.00098683;0;0.068894
106.8;0.00211354;0.00211354;0.00121155;0.00101321;0;0.080925
106.9;0.00216621;0.00216621;0.00124262;0.0010396;0;0.067916
107;0.0022188;0.0022188;0.00127385;0.00106617;0;0.066878
107.1;0.00227149;0.00227149;0.00130535;0.00109298;0;0.067657
107.2;0.00232507;0.00232507;0.001337;0.00111994;0;0.077086
107.3;0.002378;0.002378;0.00136876;0.00114696;0;0.076142
107.4;0.00243042;0.00243042;0.0014007;0.00117364;0;0.070156
107.5;0.00248388;0.00248388;0.00143276;0.00120055;0;0.069507
107.6;0.00253723;0.00253723;0.00146487;0.00122779;0;0.069326
107.7;0.00259075;0.00259075;0.00149698;0.00125505;0;0.069714
107.8;0.00264436;0.00264436;0.00152911;0.00128238;0;0.069972
107.9;0.0026978;0.0026978;0.0015617;0.00130977;0;0.070426
108;0.00275138;0.00275138;0.00159388;0.00133729;0;0.069062
108.1;0.00280396;0.00280396;0.0016268;0.00136475;0;0.072009
108.2;0.0028573;0.0028573;0.00165947;0.00139234;0;0.069052
108.3;0.00291026;0.00291026;0.00169238;0.00142011;0;0.069764
108.4;0.00296317;0.00296317;0.00172527;0.00144802;0;0.067846
108.5;0.00301616;0.00301616;0.00175833;0.00147598;0;0.077082
108.6;0.00306901;0.00306901;0.00179114;0.00150351;0;0.068511
108.7;0.00312194;0.00312194;0.00182405;0.00153149;0;0.091561
108.8;0.00317491;0.00317491;0.00185696;0.00155953;0;0.095164
108.9;0.00322729;0.00322729;0.00188978;0.00158726;0;0.0711
109;0.0032794;0.0032794;0.00192246;0.00161481;0;0.071028
109.1;0.0033312;0.0033312;0.001955;0.00164232;0;0.06679
109.2;0.00338236;0.00338236;0.0019875;0.00166961;0;0.069079
109.3;0.003433;0.003433;0.00202;0.00169671;0;0.074462
109.4;0.003483;0.003483;0.00205226;0.0017238;0;0.073829
109.5;0.00353218;0.00353218;0.00208444;0.00175071;0;0.073353
109.6;0.00358148;0.00358148;0.00211671;0.00177768;0;0.08662
109.7;0.00363017;0.00363017;0.00214867;0.00180426;0;0.072621
109.8;0.00367878;0.00367878;0.00218057;0.0018308;0;0.078106
109.9;0.00372696;0.00372696;0.00221231;0.00185708;0;0.07473
110;0.00377459;0.00377459;0.00224412;0.00188348;0;0.07104
110.1;6.68757e-07;6.68757e-07;5.32024e-07;4.61423e-07;0;0.101176
110.2;2.45602e-06;2.45602e-06;1.69228e-06;1.64805e-06;0;0.068907
110.3;5.44302e-06;5.44302e-06;3.71468e-06;3.11763e-06;0;0.070108
110.4;9.62305e-06;9.62305e-06;6.4737e-06;5.21986e-06;0;0.068658
110.5;1.49027e-05;1.49027e-05;9.94264e-06;7.94363e-06;0;0.089411
110.6;2.13832e-05;2.13832e-05;1.42221e-05;1.12738e-05;0;0.077976
110.7;2.9026e-05;2.9026e-05;1.92596e-05;1.53083e-05;0;0.0819
110.8;3.78232e-05;3.78232e-05;2.50361e-05;1.96931e-05;0;0.074325
110.9;4.77989e-05;4.77989e-05;3.15736e-05;2.46531e-05;0;0.074648
111;5.88753e-05;5.88753e-05;3.8879e-05;3.02765e-05;0;0.069523
111.1;7.1098e-05;7.1098e-05;4.68972e-05;3.65122e-05;0;0.069342
111.2;8.44701e-05;8.44701e-05;5.56912e-05;4.32566e-05;0;0.097117
111.3;9.8913e-05;9.8913e-05;6.51763e-05;5.04337e-05;0;0.071363
111.4;0.000114508;0.000114508;7.54043e-05;5.82043e-05;0;0.070478
111.5;0.000131241;0.000131241;8.63722e-05;6.66107e-05;0;0.071334
111.6;0.000149066;0.000149066;9.81127e-05;7.53515e-05;0;0.06611
111.7;0.000168008;0.000168008;0.00011051;8.46645e-05;0;0.071226
111.8;0.000187981;0.000187981;0.000123626;9.45803e-05;0;0.070738
111.9;0.000209029;0.000209029;0.00013744;0.000104948;0;0.068179
112;0.000231159;0.000231159;0.000151932;0.000115899;0;0.067148
112.1;0.000254323;0.000254323;0.000167095;0.000127265;0;0.072753
112.2;0.000278543;0.000278543;0.000182935;0.000139047;0;0.07241
112.3;0.000303731;0.000303731;0.000199427;0.000151322;0;0.067155
112.4;0.000329973;0.000329973;0.000216585;0.00016403;0;0.067091
112.5;0.000357163;0.000357163;0.000234435;0.000177286;0;0.070925
112.6;0.000385379;0.000385379;0.000252763;0.000190847;0;0.066372
112.7;0.000414564;0.000414564;0.000271899;0.000204986;0;0.066534
112.8;0.000444794;0.000444794;0.000291562;0.000219519;0;0.066589
112.9;0.000475934;0.000475934;0.000311935;0.000234429;0;0.068116
113;0.000508144;0.000508144;0.000332817;0.000249812;0;0.068949
113.1;0.000541164;0.000541164;0.000354341;0.000265467;0;0.067471
113.2;0.000575164;0.000575164;0.000376291;0.000281627;0;0.067159
113.3;0.000610054;0.000610054;0.000398815;0.000298094;0;0.068278
113.4;0.000645841;0.000645841;0.000421903;0.000314918;0;0.069326
113.5;0.000682451;0.000682451;0.000445489;0.000332138;0;0.07073
113.6;0.000719908;0.000719908;0.000469513;0.000349689;0;0.068518
113.7;0.000758399;0.000758399;0.000494126;0.000367597;0;0.066885
113.8;0.000797535;0.000797535;0.000519196;0.000385927;0;0.068033
113.9;0.000837365;0.000837365;0.000544666;0.000404522;0;0.068944
114;0.000878164;0.000878164;0.000570578;0.000423336;0;0.072386
114.1;0.000919717;0.000919717;0.000597;0.000442588;0;0.082276
114.2;0.000961931;0.000961931;0.000623913;0.000462052;0;0.076233
114.3;0.00100519;0.00100519;0.00065121;0.000481911;0;0.093474
114.4;0.00104913;0.00104913;0.000678826;0.000502017;0;0.094193
114.5;0.00109382;0.00109382;0.000706854;0.000522373;0;0.093558
114.6;0.00113922;0.00113922;0.000735259;0.000542965;0;0.091875
114.7;0.00118526;0.00118526;0.000764014;0.000563821;0;0.091598
114.8;0.00123188;0.00123188;0.000793043;0.000584827;0;0.092244
114.9;0.00127909;0.00127909;0.000822475;0.000606063;0;0.09176
115;0.00132684;0.00132684;0.000852271;0.000627452;0;0.114087
115.1;0.00137512;0.00137512;0.000882308;0.000649059;0;0.098889
115.2;0.00142393;0.00142393;0.000912616;0.000670833;0;0.09622
115.3;0.00147322;0.00147322;0.000943192;0.000692731;0;0.096575
115.4;0.001523;0.001523;0.000973982;0.000714778;0;0.093438
115.5;0.00157318;0.00157318;0.001005;0.000736951;0;0.091995
115.6;0.00162385;0.00162385;0.00103622;0.000759266;0;0.091643
115.7;0.00167483;0.00167483;0.00106762;0.000781687;0;0.091576
115.8;0.0017263;0.0017263;0.00109917;0.000804189;0;0.091966
115.9;0.0017781;0.0017781;0.00113089;0.000826773;0;0.095601
116;0.00183018;0.00183018;0.0011627;0.000849354;0;0.091463
116.1;0.00188263;0.00188263;0.00119464;0.000872096;0;0.08663
116.2;0.00193546;0.00193546;0.00122666;0.000894893;0;0.091449
116.3;0.00198863;0.00198863;0.00125873;0.000917643;0;0.093521
116.4;0.00204209;0.00204209;0.0012909;0.000940482;0;0.095858
116.5;0.0020958;0.0020958;0.00132311;0.000963346;0;0.095458
116.6;0.00214969;0.00214969;0.00135534;0.000986325;0;0.092421
116.7;0.00220362;0.00220362;0.00138765;0.00100906;0;0.091911
116.8;0.00225765;0.00225765;0.00141987;0.00103187;0;0.092789
116.9;0.00231199;0.00231199;0.00145214;0.00105477;0;0.08945
117;0.00236653;0.00236653;0.00148442;0.00107763;0;0.087708
117.1;0.00242105;0.00242105;0.00151641;0.00110027;0;0.066393
117.2;0.00247528;0.00247528;0.00154853;0.00112304;0;0.073638
117.3;0.00252967;0.00252967;0.00158068;0.00114558;0;0.07013
117.4;0.00258388;0.00258388;0.00161275;0.00116836;0;0.075739
117.5;0.00263831;0.00263831;0.00164488;0.00119092;0;0.090918
117.6;0.00269243;0.00269243;0.0016765;0.00121357;0;0.071929
117.7;0.00274687;0.00274687;0.0017084;0.00123584;0;0.080922
117.8;0.00280167;0.00280167;0.0017402;0.00125829;0;0.098827
117.9;0.00285662;0.00285662;0.00177177;0.00128074;0;0.094983
118;0.00291162;0.00291162;0.00180318;0.00130317;0;0.092403
118.1;0.0029664;0.0029664;0.00183429;0.00132564;0;0.106244
118.2;0.00301657;0.00301657;0.00186454;0.00134669;0;0.102418
118.3;0.00306605;0.00306605;0.00189353;0.00136675;0;0.098964
118.4;0.00311562;0.00311562;0.00192221;0.00138613;0;0.100876
118.5;0.00316259;0.00316259;0.00195035;0.00140554;0;0.104416
118.6;0.00320859;0.00320859;0.00197765;0.00142424;0;0.099616
118.7;0.0032568;0.0032568;0.00200467;0.00144258;0;0.098315
118.8;0.0033051;0.0033051;0.00203218;0.00146238;0;0.098095
118.9;0.00335473;0.00335473;0.00206009;0.00148166;0;0.078379
119;0.00340843;0.00340843;0.00208901;0.00150265;0;0.089253
119.1;0.00346341;0.00346341;0.00211833;0.00152476;0;0.08866
119.2;0.0035183;0.0035183;0.00214777;0.00154748;0;0.075858
119.3;0.00357321;0.00357321;0.00217729;0.00157026;0;0.084016
119.4;0.00362744;0.00362744;0.00220638;0.00159302;0;0.075118
119.5;0.00368107;0.00368107;0.00223532;0.0016156;0;0.087695
119.6;0.00373441;0.00373441;0.00226392;0.0016381;0;0.097017
119.7;0.00378727;0.00378727;0.00229216;0.00166022;0;0.088944
119.8;0.00383958;0.00383958;0.00231993;0.00168239;0;0.095288
119.9;0.00389076;0.00389076;0.00234795;0.00170433;0;0.081128
120;0.0039407;0.0039407;0.00237439;0.00172565;0;0.068795
120.1;7.18817e-07;7.18817e-07;5.2592e-07;5.03764e-07;0;0.098219
120.2;2.65357e-06;2.65357e-06;1.74129e-06;1.516e-06;0;0.089139
120.3;5.90578e-06;5.90578e-06;3.78186e-06;3.36538e-06;0;0.071438
120.4;1.03216e-05;1.03216e-05;6.51357e-06;5.72498e-06;0;0.077782
120.5;1.60288e-05;1.60288e-05;9.95067e-06;8.52659e-06;0;0.089466
120.6;2.29465e-05;2.29465e-05;1.41771e-05;1.20865e-05;0;0.098349
120.7;3.14416e-05;3.14416e-05;1.94106e-05;1.72576e-05;0;0.153824
120.8;4.07251e-05;4.07251e-05;2.57394e-05;2.29016e-05;0;0.105154
120.9;5.16522e-05;5.16522e-05;3.33231e-05;2.84636e-05;0;0.102582
121;6.49778e-05;6.49778e-05;4.03474e-05;3.6178e-05;0;0.101166
121.1;7.76284e-05;7.76284e-05;4.82086e-05;4.26024e-05;0;0.099397
121.2;9.09041e-05;9.09041e-05;5.68217e-05;4.95617e-05;0;0.09939
121.3;0.000106548;0.000106548;6.61959e-05;5.75732e-05;0;0.098945
121.4;0.000123406;0.000123406;7.62639e-05;6.66665e-05;0;0.096695
121.5;0.000140954;0.000140954;8.6464e-05;7.43272e-05;0;0.070828
121.6;0.00016013;0.00016013;9.77482e-05;8.33839e-05;0;0.072915
121.7;0.000180544;0.000180544;0.000109966;9.33549e-05;0;0.072973
121.8;0.000202003;0.000202003;0.000123019;0.000104121;0;0.071559
121.9;0.000224559;0.000224559;0.000136901;0.000115461;0;0.074777
122;0.000248213;0.000248213;0.00015163;0.000127378;0;0.078402
122.1;0.000272887;0.000272887;0.000166968;0.000140212;0;0.068556
122.2;0.000298675;0.000298675;0.00018332;0.000153246;0;0.069694
122.3;0.000325566;0.000325566;0.000200558;0.000166936;0;0.070812
122.4;0.000353643;0.000353643;0.000218573;0.000181301;0;0.076285
122.5;0.000382953;0.000382953;0.000237454;0.000196197;0;0.095843
122.6;0.000413395;0.000413395;0.000257166;0.000211758;0;0.086075
122.7;0.000444996;0.000444996;0.000277615;0.00022788;0;0.080264
122.8;0.00047779;0.00047779;0.000298862;0.00024474;0;0.095587
122.9;0.000511671;0.000511671;0.000320866;0.000262064;0;0.087393
123;0.000546416;0.000546416;0.000343529;0.000279978;0;0.07153
123.1;0.000582353;0.000582353;0.000366924;0.000298365;0;0.068092
123.2;0.000619559;0.000619559;0.000391013;0.000317283;0;0.068528
123.3;0.00065777;0.00065777;0.000415687;0.000336824;0;0.070918
123.4;0.00069712;0.00069712;0.000441082;0.000356809;0;0.077714
123.5;0.000737529;0.000737529;0.000467121;0.000377243;0;0.068523
123.6;0.000778835;0.000778835;0.000493896;0.000398099;0;0.068305
123.7;0.000821187;0.000821187;0.000521228;0.0004196;0;0.070099
123.8;0.000864508;0.000864508;0.000549127;0.000441553;0;0.07746
123.9;0.000908863;0.000908863;0.00057774;0.000463839;0;0.071328
124;0.000953933;0.000953933;0.000606975;0.000486435;0;0.067978
124.1;0.000999981;0.000999981;0.000636774;0.000509233;0;0.067912
124.2;0.00104694;0.00104694;0.000667202;0.000532516;0;0.076387
124.3;0.00109458;0.00109458;0.000698203;0.000556067;0;0.068404
124.4;0.00114282;0.00114282;0.000729757;0.000579737;0;0.069235
124.5;0.00119179;0.00119179;0.000761906;0.000603903;0;0.072311
124.6;0.00124171;0.00124171;0.000794789;0.00062832;0;0.080432
124.7;0.00129237;0.00129237;0.00082824;0.000653136;0;0.105847
124.8;0.00134378;0.00134378;0.000862248;0.000678384;0;0.096131
124.9;0.00139552;0.00139552;0.000896644;0.000704022;0;0.073666
125;0.00144809;0.00144809;0.000931801;0.000729812;0;0.092109
125.1;0.00150138;0.00150138;0.00096754;0.000755962;0;0.095315
125.2;0.00155522;0.00155522;0.00100369;0.000782642;0;0.077995
125.3;0.00160957;0.00160957;0.00104026;0.000809232;0;0.076708
125.4;0.00166437;0.00166437;0.00107723;0.000836077;0;0.075555
125.5;0.0017197;0.0017197;0.00111462;0.000863374;0;0.068956
125.6;0.00177521;0.00177521;0.00115247;0.000890864;0;0.06959
125.7;0.00183123;0.00183123;0.0011907;0.000918531;0;0.071045
125.8;0.00188773;0.00188773;0.00122931;0.000946489;0;0.06926
125.9;0.00194459;0.00194459;0.00126813;0.000974616;0;0.069574
126;0.00200212;0.00200212;0.00130703;0.00100297;0;0.074748
126.1;0.00206034;0.00206034;0.00134654;0.00103157;0;0.076774
126.2;0.00211874;0.00211874;0.00138564;0.00105999;0;0.069984
126.3;0.00217736;0.00217736;0.00142536;0.00108869;0;0.06879
126.4;0.0022364;0.0022364;0.00146518;0.00111762;0;0.068236
126.5;0.00229555;0.00229555;0.00150525;0.0011467;0;0.075741
126.6;0.00235514;0.00235514;0.00154546;0.00117585;0;0.074085
126.7;0.00241512;0.00241512;0.00158577;0.00120514;0;0.068818
126.8;0.00247534;0.00247534;0.0016262;0.00123446;0;0.069727
126.9;0.00253543;0.00253543;0.00166629;0.00126368;0;0.076882
127;0.00259559;0.00259559;0.00170691;0.00129279;0;0.072278
127.1;0.00265594;0.00265594;0.0017479;0.00132164;0;0.070326
127.2;0.00271638;0.00271638;0.00178894;0.0013508;0;0.071711
127.3;0.00277688;0.00277688;0.00182988;0.00138003;0;0.069986
127.4;0.00283741;0.00283741;0.00187095;0.00140932;0;0.071226
127.5;0.00289786;0.00289786;0.00191148;0.00143869;0;0.07141
127.6;0.00295807;0.00295807;0.00195265;0.00146795;0;0.070326
127.7;0.00301828;0.00301828;0.00199365;0.00149679;0;0.068914
127.8;0.00307835;0.00307835;0.00203462;0.00152568;0;0.081272
127.9;0.00313849;0.00313849;0.00207552;0.00155443;0;0.081044
128;0.0031985;0.0031985;0.0021161;0.00158276;0;0.068963
128.1;0.00325829;0.00325829;0.00215683;0.001611;0;0.084534
128.2;0.00331855;0.00331855;0.00219712;0.00163926;0;0.072119
128.3;0.00337753;0.00337753;0.00223695;0.00166699;0;0.068685
128.4;0.00343616;0.00343616;0.00227708;0.00169463;0;0.069586
128.5;0.00349466;0.00349466;0.00231702;0.00172253;0;0.068433
128.6;0.00355323;0.00355323;0.00235669;0.00174987;0;0.082338
128.7;0.00361142;0.00361142;0.00239611;0.00177681;0;0.071849
128.8;0.00366908;0.00366908;0.00243535;0.00180347;0;0.069255
128.9;0.0037261;0.0037261;0.00247427;0.00182986;0;0.071746
129;0.0037828;0.0037828;0.00251302;0.00185594;0;0.071641
129.1;0.00383946;0.00383946;0.00255157;0.00188178;0;0.088889
129.2;0.00389601;0.00389601;0.00258988;0.00190735;0;0.095844
129.3;0.00395199;0.00395199;0.00262738;0.00193254;0;0.073678
129.4;0.00400703;0.00400703;0.00266479;0.00195722;0;0.069646
129.5;0.004062;0.004062;0.00270179;0.00198162;0;0.0818
129.6;0.00411625;0.00411625;0.00273839;0.00200559;0;0.073588
129.7;0.00416952;0.00416952;0.00277451;0.00202894;0;0.070994
129.8;0.004222;0.004222;0.0028102;0.00205207;0;0.08461
129.9;0.00427365;0.00427365;0.00284554;0.00207452;0;0.070525
130;0.00432402;0.00432402;0.00288028;0.00209682;0;0.072134
130.1;2.70581e-06;2.70581e-06;1.16644e-06;7.19034e-07;0;0.124515
130.2;3.31581e-06;3.31581e-06;2.04386e-06;1.8846e-06;0;0.071876
130.3;6.12882e-06;6.12882e-06;3.87107e-06;3.30387e-06;0;0.068596
130.4;1.05182e-05;1.05182e-05;6.54609e-06;5.33255e-06;0;0.076547
130.5;1.62302e-05;1.62302e-05;9.97482e-06;7.86792e-06;0;0.092456
130.6;2.3303e-05;2.3303e-05;1.42342e-05;1.10764e-05;0;0.082869
130.7;3.15496e-05;3.15496e-05;1.9282e-05;1.47283e-05;0;0.071953
130.8;4.10221e-05;4.10221e-05;2.51055e-05;1.90615e-05;0;0.072257
130.9;5.17794e-05;5.17794e-05;3.16778e-05;2.39105e-05;0;0.071494
131;6.37668e-05;6.37668e-05;3.89948e-05;2.94328e-05;0;0.069679
131.1;7.69736e-05;7.69736e-05;4.70658e-05;3.54463e-05;0;0.070865
131.2;9.14442e-05;9.14442e-05;5.58988e-05;4.19456e-05;0;0.073414
131.3;0.000107129;0.000107129;6.54813e-05;4.8938e-05;0;0.072766
131.4;0.000124085;0.000124085;7.57698e-05;5.66133e-05;0;0.078335
131.5;0.000142282;0.000142282;8.68205e-05;6.47778e-05;0;0.068448
131.6;0.000161713;0.000161713;9.85424e-05;7.36519e-05;0;0.069772
131.7;0.00018229;0.00018229;0.000110977;8.29348e-05;0;0.068332
131.8;0.000204121;0.000204121;0.000124165;9.27791e-05;0;0.072249
131.9;0.000227068;0.000227068;0.000138068;0.000103129;0;0.071501
132;0.000251156;0.000251156;0.000152656;0.000114072;0;0.097603
132.1;0.000276642;0.000276642;0.00016795;0.000125642;0;0.070406
132.2;0.000303058;0.000303058;0.000183956;0.000137817;0;0.069978
132.3;0.000330835;0.000330835;0.00020068;0.000150281;0;0.069771
132.4;0.00035993;0.00035993;0.000218062;0.000163424;0;0.081807
132.5;0.000390111;0.000390111;0.000236139;0.000176998;0;0.068351
132.6;0.000421471;0.000421471;0.000254832;0.000191129;0;0.067925
132.7;0.000453867;0.000453867;0.000274141;0.00020567;0;0.068191
132.8;0.000487315;0.000487315;0.00029426;0.000220907;0;0.068452
132.9;0.000521977;0.000521977;0.00031504;0.000236567;0;0.080396
133;0.000557546;0.000557546;0.000336456;0.000252691;0;0.07344
133.1;0.00059427;0.00059427;0.00035844;0.000269207;0;0.068056
133.2;0.000632006;0.000632006;0.000381184;0.000286303;0;0.068797
133.3;0.000670828;0.000670828;0.000404453;0.000303648;0;0.067401
133.4;0.000710862;0.000710862;0.000428372;0.000321501;0;0.087043
133.5;0.000751912;0.000751912;0.00045282;0.000339861;0;0.069315
133.6;0.000794098;0.000794098;0.000477806;0.000358797;0;0.075762
133.7;0.000837057;0.000837057;0.000503566;0.000377889;0;0.068387
133.8;0.000881131;0.000881131;0.000529798;0.000397441;0;0.070405
133.9;0.000925887;0.000925887;0.000556548;0.000417308;0;0.082856
134;0.000971736;0.000971736;0.000583877;0.000437796;0;0.070142
134.1;0.00101852;0.00101852;0.000611769;0.000458714;0;0.067586
134.2;0.00106569;0.00106569;0.000640258;0.000479915;0;0.070886
134.3;0.00111434;0.00111434;0.00066924;0.000501442;0;0.069035
134.4;0.0011638;0.0011638;0.000698912;0.000523528;0;0.080925
134.5;0.00121428;0.00121428;0.000729177;0.000546018;0;0.095718
134.6;0.0012654;0.0012654;0.000759816;0.000568711;0;0.079335
134.7;0.00131703;0.00131703;0.000790938;0.000591608;0;0.070311
134.8;0.00136924;0.00136924;0.000822567;0.000615056;0;0.070983
134.9;0.00142225;0.00142225;0.000854686;0.000638563;0;0.069772
135;0.00147625;0.00147625;0.000887191;0.000662509;0;0.073358
135.1;0.00153071;0.00153071;0.000920083;0.000686737;0;0.068705
135.2;0.00158597;0.00158597;0.000953552;0.000711214;0;0.071566
135.3;0.00164204;0.00164204;0.000987313;0.000736212;0;0.07173
135.4;0.00169857;0.00169857;0.00102137;0.000761624;0;0.072228
135.5;0.00175598;0.00175598;0.00105595;0.000787053;0;0.073325
135.6;0.00181409;0.00181409;0.00109094;0.000812915;0;0.085138
135.7;0.00187257;0.00187257;0.00112617;0.000839269;0;0.072013
135.8;0.00193144;0.00193144;0.0011614;0.000865705;0;0.073311
135.9;0.00199099;0.00199099;0.00119746;0.000892373;0;0.085796
136;0.00205078;0.00205078;0.00123377;0.000919245;0;0.070082
136.1;0.00211122;0.00211122;0.00127041;0.000946369;0;0.070184
136.2;0.00217221;0.00217221;0.00130739;0.000973563;0;0.071829
136.3;0.00223294;0.00223294;0.00134447;0.00100119;0;0.07106
136.4;0.00229434;0.00229434;0.00138218;0.0010293;0;0.070088
136.5;0.00235586;0.00235586;0.00142003;0.00105765;0;0.069244
136.6;0.00241809;0.00241809;0.00145781;0.00108617;0;0.071052
136.7;0.00248082;0.00248082;0.00149631;0.00111478;0;0.068974
136.8;0.00254352;0.00254352;0.00153499;0.00114356;0;0.069956
136.9;0.00260694;0.00260694;0.00157385;0.0011727;0;0.084504
137;0.00267059;0.00267059;0.00161298;0.00120212;0;0.096737
137.1;0.00273438;0.00273438;0.00165224;0.00123159;0;0.085752
137.2;0.00279841;0.00279841;0.00169168;0.00126144;0;0.085166
137.3;0.00286259;0.00286259;0.00173142;0.0012914;0;0.079624
137.4;0.00292641;0.00292641;0.00177111;0.00132123;0;0.073068
137.5;0.00299018;0.00299018;0.00181108;0.00135143;0;0.07627
137.6;0.0030543;0.0030543;0.00185129;0.00138193;0;0.084716
137.7;0.00311891;0.00311891;0.00189159;0.00141252;0;0.096154
137.8;0.00318331;0.00318331;0.00193187;0.00144318;0;0.082321
137.9;0.00324752;0.00324752;0.00197224;0.00147376;0;0.072846
138;0.00331128;0.00331128;0.00201232;0.00150442;0;0.069001
138.1;0.00337469;0.00337469;0.00205282;0.00153485;0;0.069576
138.2;0.00343808;0.00343808;0.00209336;0.00156567;0;0.072855
138.3;0.00350076;0.00350076;0.00213406;0.0015965;0;0.067765
138.4;0.00356386;0.00356386;0.00217454;0.00162734;0;0.068593
138.5;0.00362723;0.00362723;0.0022152;0.00165848;0;0.092941
138.6;0.00369069;0.00369069;0.00225563;0.00168991;0;0.074663
138.7;0.00375368;0.00375368;0.00229581;0.00172081;0;0.069286
138.8;0.003816;0.003816;0.00233621;0.00175154;0;0.068775
138.9;0.00387831;0.00387831;0.00237637;0.00178256;0;0.077892
139;0.00394098;0.00394098;0.00241652;0.00181367;0;0.095895
139.1;0.00400355;0.00400355;0.00245647;0.00184465;0;0.085601
139.2;0.00406509;0.00406509;0.00249633;0.00187558;0;0.068534
139.3;0.00412567;0.00412567;0.00253589;0.00190622;0;0.069761
139.4;0.00418581;0.00418581;0.00257571;0.00193645;0;0.069133
139.5;0.00424522;0.00424522;0.00261516;0.00196681;0;0.073118
139.6;0.00430435;0.00430435;0.00265461;0.00199685;0;0.069032
139.7;0.00436271;0.00436271;0.00269381;0.00202705;0;0.067632
139.8;0.00442038;0.00442038;0.00273274;0.00205685;0;0.069413
139.9;0.00447779;0.00447779;0.00277155;0.00208607;0;0.06728
140;0.00453499;0.00453499;0.00280963;0.00211508;0;0.067882
140.1;8.23848e-07;8.23848e-07;6.13848e-07;6.45941e-07;0;0.096226
140.2;2.94982e-06;2.94982e-06;2.10425e-06;1.75946e-06;0;0.074685
140.3;6.46766e-06;6.46766e-06;4.47112e-06;3.72036e-06;0;0.072502
140.4;1.13492e-05;1.13492e-05;7.7918e-06;6.04337e-06;0;0.078229
140.5;1.7604e-05;1.7604e-05;1.20308e-05;9.08144e-06;0;0.072548
140.6;2.51491e-05;2.51491e-05;1.71925e-05;1.28056e-05;0;0.073385
140.7;3.40763e-05;3.40763e-05;2.33305e-05;1.7164e-05;0;0.068672
140.8;4.43503e-05;4.43503e-05;3.02716e-05;2.21853e-05;0;0.067932
140.9;5.5973e-05;5.5973e-05;3.8174e-05;2.77754e-05;0;0.070167
141;6.88697e-05;6.88697e-05;4.69361e-05;3.40378e-05;0;0.072094
141.1;8.31021e-05;8.31021e-05;5.66368e-05;4.10652e-05;0;0.069753
141.2;9.86885e-05;9.86885e-05;6.72245e-05;4.86146e-05;0;0.069189
141.3;0.000115612;0.000115612;7.87445e-05;5.6822e-05;0;0.069794
141.4;0.00013383;0.00013383;9.11086e-05;6.5329e-05;0;0.071429
141.5;0.000153343;0.000153343;0.000104322;7.46336e-05;0;0.069758
141.6;0.000174183;0.000174183;0.000118442;8.45047e-05;0;0.075377
141.7;0.000196324;0.000196324;0.000133399;9.49139e-05;0;0.098223
141.8;0.000219782;0.000219782;0.000149252;0.000105975;0;0.094281
141.9;0.000244509;0.000244509;0.000165949;0.000117587;0;0.074645
142;0.000270392;0.000270392;0.000183419;0.000129727;0;0.073497
142.1;0.000297507;0.000297507;0.000201755;0.000142444;0;0.071069
142.2;0.000325855;0.000325855;0.000220884;0.000155643;0;0.074642
142.3;0.000355288;0.000355288;0.000240865;0.000169339;0;0.071645
142.4;0.000386117;0.000386117;0.000261579;0.000183549;0;0.073952
142.5;0.000417986;0.000417986;0.00028312;0.000198215;0;0.071972
142.6;0.000451063;0.000451063;0.000305431;0.000213407;0;0.076493
142.7;0.000485366;0.000485366;0.000328332;0.000229005;0;0.068054
142.8;0.000520676;0.000520676;0.000352018;0.000245097;0;0.070847
142.9;0.000557205;0.000557205;0.000376544;0.000261594;0;0.075197
143;0.000595053;0.000595053;0.000401697;0.000278418;0;0.072821
143.1;0.000633906;0.000633906;0.000427589;0.000295745;0;0.067715
143.2;0.000673691;0.000673691;0.000454216;0.00031364;0;0.070267
143.3;0.000714618;0.000714618;0.000481534;0.000331819;0;0.069419
143.4;0.000756466;0.000756466;0.000509391;0.000350417;0;0.069888
143.5;0.000799285;0.000799285;0.00053794;0.000369197;0;0.067389
143.6;0.000843239;0.000843239;0.00056708;0.000388426;0;0.070896
143.7;0.000888003;0.000888003;0.000596783;0.000408028;0;0.067936
143.8;0.000933973;0.000933973;0.000627146;0.000428133;0;0.079693
143.9;0.000980776;0.000980776;0.000657985;0.000448299;0;0.067555
144;0.00102846;0.00102846;0.000689388;0.000469017;0;0.069975
144.1;0.00107717;0.00107717;0.000721128;0.00049013;0;0.073357
144.2;0.00112688;0.00112688;0.000753796;0.000511408;0;0.086632
144.3;0.00117738;0.00117738;0.000786871;0.000532827;0;0.070569
144.4;0.00122841;0.00122841;0.000820454;0.000554653;0;0.070347
144.5;0.00128025;0.00128025;0.000854368;0.000576567;0;0.069494
144.6;0.00133285;0.00133285;0.000888836;0.000598646;0;0.076642
144.7;0.00138617;0.00138617;0.00092374;0.000621015;0;0.074605
144.8;0.00144021;0.00144021;0.000958996;0.000643648;0;0.069319
144.9;0.00149522;0.00149522;0.000994494;0.000666398;0;0.067292
145;0.00155077;0.00155077;0.00103045;0.000689234;0;0.068802
145.1;0.00160724;0.00160724;0.00106686;0.000712429;0;0.081162
145.2;0.00166436;0.00166436;0.00110337;0.000735768;0;0.071634
145.3;0.00172152;0.00172152;0.00114016;0.000759191;0;0.073161
145.4;0.00177936;0.00177936;0.00117769;0.000782651;0;0.07046
145.5;0.00183818;0.00183818;0.00121559;0.000806306;0;0.071588
145.6;0.00189742;0.00189742;0.00125339;0.000830072;0;0.069361
145.7;0.00195692;0.00195692;0.00129167;0.000853992;0;0.070982
145.8;0.0020177;0.0020177;0.0013303;0.000877927;0;0.095836
145.9;0.00207917;0.00207917;0.00136917;0.000902147;0;0.092342
146;0.00214049;0.00214049;0.00140797;0.000926282;0;0.068599
146.1;0.00220223;0.00220223;0.00144705;0.000950573;0;0.069256
146.2;0.00226418;0.00226418;0.00148625;0.000974415;0;0.068757
146.3;0.00232655;0.00232655;0.0015257;0.000998621;0;0.087599
146.4;0.00238931;0.00238931;0.00156518;0.00102299;0;0.082546
146.5;0.00245188;0.00245188;0.00160477;0.00104706;0;0.100031
146.6;0.00251493;0.00251493;0.0016445;0.00107134;0;0.071735
146.7;0.00257814;0.00257814;0.00168441;0.00109566;0;0.070253
146.8;0.00264145;0.00264145;0.00172433;0.00112012;0;0.070086
146.9;0.0027051;0.0027051;0.00176425;0.00114427;0;0.073919
147;0.00276895;0.00276895;0.00180419;0.00116854;0;0.079963
147.1;0.00283275;0.00283275;0.00184404;0.00119274;0;0.071803
147.2;0.00289675;0.00289675;0.00188387;0.00121728;0;0.069425
147.3;0.00296079;0.00296079;0.00192354;0.00124158;0;0.068388
147.4;0.0030252;0.0030252;0.00196293;0.00126599;0;0.072446
147.5;0.00308972;0.00308972;0.00200258;0.00129052;0;0.070006
147.6;0.00315432;0.00315432;0.00204201;0.00131489;0;0.069363
147.7;0.00321884;0.00321884;0.00208136;0.0013393;0;0.070081
147.8;0.00328354;0.00328354;0.00212073;0.0013635;0;0.070668
147.9;0.00334796;0.00334796;0.00215977;0.00138772;0;0.071137
148;0.00341214;0.00341214;0.00219864;0.00141168;0;0.07093
148.1;0.00347618;0.00347618;0.00223762;0.00143583;0;0.070045
148.2;0.00353969;0.00353969;0.00227609;0.00145977;0;0.069559
148.3;0.00360339;0.00360339;0.00231441;0.00148423;0;0.072413
148.4;0.00366702;0.00366702;0.00235289;0.00150842;0;0.086766
148.5;0.00373056;0.00373056;0.00239112;0.00153265;0;0.070961
148.6;0.00379326;0.00379326;0.0024291;0.00155665;0;0.070889
148.7;0.003856;0.003856;0.00246672;0.00158056;0;0.070701
148.8;0.00391858;0.00391858;0.00250406;0.00160463;0;0.070113
148.9;0.00398093;0.00398093;0.00254108;0.00162869;0;0.068359
149;0.00404308;0.00404308;0.00257804;0.0016526;0;0.06888
149.1;0.00410472;0.00410472;0.00261465;0.00167647;0;0.067353
149.2;0.00416598;0.00416598;0.00265061;0.0016999;0;0.070032
149.3;0.00422635;0.00422635;0.00268627;0.00172305;0;0.068677
149.4;0.00428604;0.00428604;0.00272148;0.00174645;0;0.068126
149.5;0.00434544;0.00434544;0.00275637;0.0017696;0;0.06796
149.6;0.00440497;0.00440497;0.002791;0.00179305;0;0.094044
149.7;0.00446452;0.00446452;0.00282528;0.00181639;0;0.088897
149.8;0.0045236;0.0045236;0.00285929;0.00183971;0;0.093899
149.9;0.00458225;0.00458225;0.00289293;0.00186248;0;0.092725
150;0.00464019;0.00464019;0.00292609;0.00188562;0;0.092908
150.1;7.40873e-07;7.40873e-07;4.9681e-07;3.94173e-07;0;0.128557
150.2;2.93322e-06;2.93322e-06;1.90872e-06;1.57205e-06;0;0.092463
150.3;6.55359e-06;6.55359e-06;4.2396e-06;3.32865e-06;0;0.092928
150.4;1.16419e-05;1.16419e-05;7.462e-06;5.86768e-06;0;0.090604
150.5;1.81319e-05;1.81319e-05;1.16281e-05;9.041e-06;0;0.093393
150.6;2.60713e-05;2.60713e-05;1.67242e-05;1.28315e-05;0;0.091662
150.7;3.54487e-05;3.54487e-05;2.27271e-05;1.73988e-05;0;0.092058
150.8;4.62614e-05;4.62614e-05;2.97058e-05;2.27356e-05;0;0.080651
150.9;5.8508e-05;5.8508e-05;3.75379e-05;2.85735e-05;0;0.096334
151;7.21822e-05;7.21822e-05;4.63485e-05;3.52645e-05;0;0.085545
151.1;8.72751e-05;8.72751e-05;5.60998e-05;4.26971e-05;0;0.067994
151.2;0.000103758;0.000103758;6.67123e-05;5.08774e-05;0;0.069867
151.3;0.000121661;0.000121661;7.83205e-05;5.97891e-05;0;0.067378
151.4;0.000140939;0.000140939;9.07548e-05;6.92523e-05;0;0.071348
151.5;0.000161665;0.000161665;0.000104179;7.93903e-05;0;0.068429
151.6;0.000183814;0.000183814;0.000118481;9.03219e-05;0;0.071357
151.7;0.000207388;0.000207388;0.000133722;0.000101975;0;0.072425
151.8;0.000232316;0.000232316;0.000149887;0.000114459;0;0.069832
151.9;0.000258612;0.000258612;0.000166929;0.000127423;0;0.068076
152;0.000286243;0.000286243;0.000184916;0.000141076;0;0.067922
152.1;0.000315182;0.000315182;0.000203852;0.000155574;0;0.0713
152.2;0.000345505;0.000345505;0.000223622;0.000170823;0;0.066876
152.3;0.000377028;0.000377028;0.000244301;0.000186867;0;0.068217
152.4;0.000409793;0.000409793;0.000265902;0.000203483;0;0.068926
152.5;0.000443838;0.000443838;0.000288405;0.000220794;0;0.069561
152.6;0.000479179;0.000479179;0.000311844;0.000238722;0;0.06881
152.7;0.000515814;0.000515814;0.000336154;0.000257387;0;0.081496
152.8;0.000553729;0.000553729;0.000361315;0.000276696;0;0.074104
152.9;0.000592689;0.000592689;0.00038735;0.000296533;0;0.06983
153;0.000632867;0.000632867;0.000414034;0.000317216;0;0.070572
153.1;0.0006741;0.0006741;0.000441879;0.000338369;0;0.069806
153.2;0.000716441;0.000716441;0.000470485;0.000360237;0;0.071526
153.3;0.000760003;0.000760003;0.000499824;0.000382553;0;0.068257
153.4;0.000804836;0.000804836;0.000530004;0.000405429;0;0.069116
153.5;0.000850871;0.000850871;0.000560845;0.000428983;0;0.068823
153.6;0.000898151;0.000898151;0.000592534;0.000452995;0;0.076777
153.7;0.000946372;0.000946372;0.000624798;0.000477566;0;0.068838
153.8;0.000995642;0.000995642;0.000657951;0.000502522;0;0.070792
153.9;0.00104587;0.00104587;0.000691858;0.000527933;0;0.067308
154;0.00109733;0.00109733;0.000726389;0.000553918;0;0.068044
154.1;0.0011496;0.0011496;0.000761557;0.000580188;0;0.067338
154.2;0.0012027;0.0012027;0.00079775;0.000606641;0;0.069237
154.3;0.0012565;0.0012565;0.00083462;0.000633601;0;0.091718
154.4;0.00131134;0.00131134;0.000872061;0.000661015;0;0.068011
154.5;0.00136706;0.00136706;0.000910181;0.000688765;0;0.06756
154.6;0.0014241;0.0014241;0.000948897;0.000716796;0;0.07298
154.7;0.0014822;0.0014822;0.00098834;0.000745119;0;0.089365
154.8;0.00154117;0.00154117;0.00102839;0.000773798;0;0.092634
154.9;0.00160082;0.00160082;0.00106931;0.000802651;0;0.093402
155;0.00166134;0.00166134;0.00111051;0.000831661;0;0.092914
155.1;0.00172268;0.00172268;0.00115223;0.000861028;0;0.092179
155.2;0.00178471;0.00178471;0.00119452;0.00089055;0;0.091631
155.3;0.00184741;0.00184741;0.00123734;0.000920132;0;0.093603
155.4;0.00191076;0.00191076;0.00128068;0.000949832;0;0.092846
155.5;0.00197458;0.00197458;0.00132443;0.000979621;0;0.091294
155.6;0.00203901;0.00203901;0.00136876;0.00100936;0;0.091496
155.7;0.00210393;0.00210393;0.00141353;0.00103911;0;0.092927
155.8;0.00216938;0.00216938;0.0014587;0.001069;0;0.091849
155.9;0.00223494;0.00223494;0.00150418;0.00109885;0;0.068958
156;0.00230032;0.00230032;0.00155007;0.00112851;0;0.069719
156.1;0.00236623;0.00236623;0.00159614;0.00115807;0;0.067907
156.2;0.00243265;0.00243265;0.00164262;0.00118774;0;0.067598
156.3;0.0024994;0.0024994;0.00168935;0.00121701;0;0.068406
156.4;0.00256683;0.00256683;0.00173626;0.0012466;0;0.070146
156.5;0.0026348;0.0026348;0.00178355;0.00127648;0;0.067474
156.6;0.00270286;0.00270286;0.00183105;0.0013058;0;0.067627
156.7;0.00277133;0.00277133;0.00187859;0.00133573;0;0.072049
156.8;0.00284017;0.00284017;0.00192665;0.00136514;0;0.073482
156.9;0.00290904;0.00290904;0.00197475;0.00139448;0;0.070766
157;0.00297794;0.00297794;0.00202314;0.00142394;0;0.069265
157.1;0.00304676;0.00304676;0.00207147;0.00145264;0;0.069027
157.2;0.0031162;0.0031162;0.00211962;0.00148141;0;0.067334
157.3;0.00318587;0.00318587;0.00216799;0.00151009;0;0.069224
157.4;0.00325564;0.00325564;0.00221634;0.00153893;0;0.066742
157.5;0.00332551;0.00332551;0.00226478;0.0015679;0;0.080306
157.6;0.00339591;0.00339591;0.00231336;0.00159686;0;0.096077
157.7;0.00346586;0.00346586;0.00236192;0.00162547;0;0.079371
157.8;0.00353525;0.00353525;0.00241037;0.00165365;0;0.068904
157.9;0.00360429;0.00360429;0.00245867;0.00168178;0;0.06731
158;0.00367311;0.00367311;0.00250679;0.00170959;0;0.066889
158.1;0.00374155;0.00374155;0.00255483;0.00173758;0;0.069741
158.2;0.00380966;0.00380966;0.00260291;0.00176559;0;0.067365
158.3;0.00387754;0.00387754;0.00265077;0.00179319;0;0.067568
158.4;0.00394506;0.00394506;0.00269832;0.00182076;0;0.068736
158.5;0.0040128;0.0040128;0.0027459;0.00184787;0;0.071235
158.6;0.0040798;0.0040798;0.00279301;0.00187453;0;0.067655
158.7;0.00414685;0.00414685;0.00283977;0.0019017;0;0.068233
158.8;0.00421363;0.00421363;0.00288644;0.00192851;0;0.066606
158.9;0.00428003;0.00428003;0.00293258;0.00195507;0;0.069089
159;0.00434575;0.00434575;0.00297819;0.00198039;0;0.06759
159.1;0.004411;0.004411;0.00302341;0.00200699;0;0.067785
159.2;0.00447567;0.00447567;0.0030685;0.00203243;0;0.067064
159.3;0.00453949;0.00453949;0.00311307;0.00205804;0;0.068172
159.4;0.00460289;0.00460289;0.00315727;0.00208368;0;0.070234
159.5;0.00466532;0.00466532;0.00320091;0.00210874;0;0.066511
159.6;0.00472743;0.00472743;0.00324391;0.00213328;0;0.067199
159.7;0.00478887;0.00478887;0.00328695;0.00215761;0;0.069128
159.8;0.00484943;0.00484943;0.00332938;0.00218201;0;0.06902
159.9;0.00490935;0.00490935;0.00337104;0.00220597;0;0.067695
160;0.00496854;0.00496854;0.00341051;0.00222979;0;0.067265
160.1;9.09208e-07;9.09208e-07;7.26854e-07;8.78089e-07;0;0.095318
160.2;3.16975e-06;3.16975e-06;2.27199e-06;2.01825e-06;0;0.06928
160.3;6.93171e-06;6.93171e-06;4.6436e-06;3.8458e-06;0;0.076959
160.4;1.22441e-05;1.22441e-05;7.9961e-06;6.3701e-06;0;0.069858
160.5;1.87809e-05;1.87809e-05;1.2228e-05;9.49671e-06;0;0.069451
160.6;2.68533e-05;2.68533e-05;1.74583e-05;1.33683e-05;0;0.070447
160.7;3.63256e-05;3.63256e-05;2.34995e-05;1.79745e-05;0;0.068099
160.8;4.72701e-05;4.72701e-05;3.05525e-05;2.33504e-05;0;0.068487
160.9;5.96765e-05;5.96765e-05;3.8492e-05;2.913e-05;0;0.068254
161;7.35067e-05;7.35067e-05;4.73633e-05;3.56812e-05;0;0.074354
161.1;8.87525e-05;8.87525e-05;5.71274e-05;4.30434e-05;0;0.069894
161.2;0.000105417;0.000105417;6.77797e-05;5.09117e-05;0;0.068905
161.3;0.000123483;0.000123483;7.92733e-05;5.95357e-05;0;0.06694
161.4;0.000142892;0.000142892;9.17191e-05;6.89054e-05;0;0.067483
161.5;0.000163716;0.000163716;0.000105027;7.85926e-05;0;0.06977
161.6;0.000185918;0.000185918;0.000119211;8.88546e-05;0;0.06656
161.7;0.000209516;0.000209516;0.000134242;9.99864e-05;0;0.067793
161.8;0.000234515;0.000234515;0.000150177;0.00011165;0;0.068176
161.9;0.000260911;0.000260911;0.000166929;0.000123836;0;0.068729
162;0.000288745;0.000288745;0.000184516;0.000136588;0;0.0913
162.1;0.000317813;0.000317813;0.00020297;0.000149927;0;0.067941
162.2;0.000348271;0.000348271;0.000222209;0.000163793;0;0.066868
162.3;0.00038;0.00038;0.000242376;0.000177849;0;0.06672
162.4;0.000413159;0.000413159;0.000263301;0.000192588;0;0.069028
162.5;0.000447583;0.000447583;0.000284971;0.000207886;0;0.067302
162.6;0.000483317;0.000483317;0.000307416;0.000223627;0;0.066542
162.7;0.000520094;0.000520094;0.000330714;0.00023976;0;0.068268
162.8;0.000558198;0.000558198;0.000354817;0.00025621;0;0.068769
162.9;0.000597447;0.000597447;0.000379745;0.00027303;0;0.066825
163;0.000637951;0.000637951;0.000405412;0.000290309;0;0.067458
163.1;0.000679594;0.000679594;0.000431799;0.000308096;0;0.066631
163.2;0.000722535;0.000722535;0.000458942;0.00032626;0;0.067987
163.3;0.000766843;0.000766843;0.000486814;0.000344809;0;0.066533
163.4;0.000812104;0.000812104;0.000515403;0.000363811;0;0.066377
163.5;0.000858595;0.000858595;0.000544728;0.000382932;0;0.071568
163.6;0.000906101;0.000906101;0.000574722;0.000402495;0;0.071053
163.7;0.000954954;0.000954954;0.000605392;0.000422475;0;0.068544
163.8;0.00100467;0.00100467;0.000636648;0.000442834;0;0.067639
163.9;0.00105521;0.00105521;0.000668698;0.000463899;0;0.06837
164;0.00110678;0.00110678;0.000701417;0.000484889;0;0.067064
164.1;0.00115954;0.00115954;0.000734684;0.000506311;0;0.068048
164.2;0.00121328;0.00121328;0.000768463;0.000528153;0;0.067436
164.3;0.00126831;0.00126831;0.000803034;0.000550372;0;0.068345
164.4;0.00132426;0.00132426;0.000838218;0.000573004;0;0.066279
164.5;0.00138116;0.00138116;0.000873849;0.00059598;0;0.073342
164.6;0.00143929;0.00143929;0.000909876;0.000619198;0;0.069654
164.7;0.00149821;0.00149821;0.000946459;0.000643113;0;0.066707
164.8;0.00155799;0.00155799;0.000983764;0.000667271;0;0.066583
164.9;0.00161849;0.00161849;0.0010215;0.00069171;0;0.066714
165;0.00167974;0.00167974;0.00105991;0.000716413;0;0.068753
165.1;0.00174147;0.00174147;0.00109869;0.000742127;0;0.066184
165.2;0.00180399;0.00180399;0.00113788;0.000767712;0;0.067265
165.3;0.0018666;0.0018666;0.00117773;0.000793975;0;0.066173
165.4;0.00193045;0.00193045;0.00121807;0.00082071;0;0.069474
165.5;0.00199486;0.00199486;0.00125891;0.000847588;0;0.067099
165.6;0.00206013;0.00206013;0.00130005;0.000874818;0;0.066656
165.7;0.00212635;0.00212635;0.00134152;0.000902307;0;0.066643
165.8;0.00219282;0.00219282;0.00138352;0.000930193;0;0.066971
165.9;0.00226024;0.00226024;0.00142607;0.00095854;0;0.067991
166;0.0023284;0.0023284;0.00146895;0.000987161;0;0.066979
166.1;0.00239694;0.00239694;0.00151213;0.00101553;0;0.066862
166.2;0.00246654;0.00246654;0.00155602;0.00104498;0;0.095174
166.3;0.00253681;0.00253681;0.0016003;0.00107482;0;0.092461
166.4;0.00260717;0.00260717;0.00164466;0.00110453;0;0.066841
166.5;0.00267715;0.00267715;0.00168931;0.00113427;0;0.067967
166.6;0.00274714;0.00274714;0.00173447;0.00116426;0;0.06709
166.7;0.00281788;0.00281788;0.00177989;0.00119404;0;0.068376
166.8;0.0028887;0.0028887;0.00182531;0.00122456;0;0.067382
166.9;0.00295998;0.00295998;0.00187109;0.00125516;0;0.067596
167;0.00303159;0.00303159;0.00191701;0.00128552;0;0.066757
167.1;0.00310348;0.00310348;0.00196334;0.00131636;0;0.069046
167.2;0.00317545;0.00317545;0.00200979;0.00134742;0;0.067255
167.3;0.00324759;0.00324759;0.00205658;0.00137834;0;0.066569
167.4;0.00331982;0.00331982;0.00210324;0.00140924;0;0.06711
167.5;0.00339232;0.00339232;0.00214999;0.0014405;0;0.073481
167.6;0.00346488;0.00346488;0.00219716;0.00147157;0;0.070547
167.7;0.003537;0.003537;0.00224442;0.0015027;0;0.067261
167.8;0.00360975;0.00360975;0.0022916;0.00153403;0;0.067684
167.9;0.00368228;0.00368228;0.00233885;0.0015651;0;0.067594
168;0.00375457;0.00375457;0.00238617;0.00159651;0;0.069537
168.1;0.00382677;0.00382677;0.00243336;0.00162766;0;0.067606
168.2;0.00389869;0.00389869;0.0024806;0.00165862;0;0.06737
168.3;0.00397038;0.00397038;0.00252826;0.00168998;0;0.067788
168.4;0.00404178;0.00404178;0.00257551;0.00172111;0;0.06675
168.5;0.00411337;0.00411337;0.00262287;0.00175247;0;0.068161
168.6;0.00418473;0.00418473;0.00267023;0.00178375;0;0.065702
168.7;0.00425584;0.00425584;0.00271778;0.00181487;0;0.066834
168.8;0.00432649;0.00432649;0.00276488;0.00184589;0;0.066221
168.9;0.00439671;0.00439671;0.00281195;0.001877;0;0.068534
169;0.00446677;0.00446677;0.0028589;0.00190823;0;0.068064
169.1;0.00453636;0.00453636;0.00290573;0.0019394;0;0.067488
169.2;0.00460524;0.00460524;0.00295245;0.00197069;0;0.065793
169.3;0.00467384;0.00467384;0.00299914;0.00200188;0;0.066864
169.4;0.00474227;0.00474227;0.00304558;0.00203235;0;0.068835
169.5;0.00480997;0.00480997;0.00309164;0.00206363;0;0.067079
169.6;0.00487626;0.00487626;0.00313733;0.00209452;0;0.067177
169.7;0.00494231;0.00494231;0.00318284;0.00212532;0;0.066994
169.8;0.00500819;0.00500819;0.00322806;0.00215613;0;0.069366
169.9;0.00507284;0.00507284;0.00327315;0.00218697;0;0.0673
170;0.00513642;0.00513642;0.00331797;0.00221766;0;0.067013
170.1;8.52331e-07;8.52331e-07;6.74212e-07;8.36519e-07;0;0.098369
170.2;3.37077e-06;3.37077e-06;2.39166e-06;2.4621e-06;0;0.070273
170.3;7.2863e-06;7.2863e-06;5.17506e-06;4.62629e-06;0;0.069996
170.4;1.28184e-05;1.28184e-05;9.01371e-06;7.75994e-06;0;0.068894
170.5;1.98451e-05;1.98451e-05;1.39362e-05;1.17757e-05;0;0.071244
170.6;2.84154e-05;2.84154e-05;1.99364e-05;1.63938e-05;0;0.075647
170.7;3.84827e-05;3.84827e-05;2.70548e-05;2.19462e-05;0;0.067649
170.8;5.01036e-05;5.01036e-05;3.51903e-05;2.82098e-05;0;0.06812
170.9;6.31807e-05;6.31807e-05;4.43445e-05;3.53008e-05;0;0.068785
171;7.78108e-05;7.78108e-05;5.4543e-05;4.30638e-05;0;0.068192
171.1;9.39358e-05;9.39358e-05;6.58433e-05;5.14547e-05;0;0.069442
171.2;0.000111574;0.000111574;7.81807e-05;6.06658e-05;0;0.070422
171.3;0.000130656;0.000130656;9.16249e-05;7.05383e-05;0;0.066768
171.4;0.000151245;0.000151245;0.000105992;8.12289e-05;0;0.06757
171.5;0.000173309;0.000173309;0.000121426;9.21689e-05;0;0.068611
171.6;0.000196805;0.000196805;0.000137865;0.000103897;0;0.066823
171.7;0.000221768;0.000221768;0.000155325;0.000116148;0;0.067665
171.8;0.000248206;0.000248206;0.000173737;0.000129042;0;0.067453
171.9;0.000276054;0.000276054;0.00019316;0.00014265;0;0.069877
172;0.000305283;0.000305283;0.000213614;0.000156769;0;0.06737
172.1;0.00033588;0.00033588;0.000234606;0.000171269;0;0.065744
172.2;0.000367894;0.000367894;0.000256948;0.000186301;0;0.066373
172.3;0.000401163;0.000401163;0.000280188;0.000202124;0;0.066563
172.4;0.000435856;0.000435856;0.000304319;0.000218297;0;0.068312
172.5;0.000471807;0.000471807;0.000329381;0.000235001;0;0.06725
172.6;0.000509107;0.000509107;0.00035525;0.000252236;0;0.067486
172.7;0.00054775;0.00054775;0.000381986;0.000269834;0;0.067059
172.8;0.000587787;0.000587787;0.000409625;0.000288047;0;0.068091
172.9;0.000628962;0.000628962;0.00043806;0.000306853;0;0.066267
173;0.00067132;0.00067132;0.000467404;0.000326153;0;0.065857
173.1;0.000715099;0.000715099;0.000497483;0.000345741;0;0.066315
173.2;0.000760047;0.000760047;0.000528305;0.000365887;0;0.066895
173.3;0.000806356;0.000806356;0.000559851;0.000386286;0;0.067893
173.4;0.000853884;0.000853884;0.000592108;0.000407237;0;0.06638
173.5;0.000902397;0.000902397;0.000625189;0.000428807;0;0.067782
173.6;0.000951753;0.000951753;0.000659029;0.000450513;0;0.066236
173.7;0.00100267;0.00100267;0.000693563;0.000472644;0;0.067987
173.8;0.00105438;0.00105438;0.000728745;0.000495337;0;0.066899
173.9;0.00110704;0.00110704;0.000764515;0.000518132;0;0.066277
174;0.00116088;0.00116088;0.000801034;0.000541456;0;0.06681
174.1;0.00121571;0.00121571;0.000838243;0.000564605;0;0.066641
174.2;0.0012714;0.0012714;0.000876039;0.000588438;0;0.068895
174.3;0.00132788;0.00132788;0.000914561;0.000612402;0;0.067421
174.4;0.00138514;0.00138514;0.00095374;0.000636588;0;0.067339
174.5;0.00144333;0.00144333;0.000993367;0.000660873;0;0.065978
174.6;0.00150251;0.00150251;0.0010334;0.000685453;0;0.069792
174.7;0.00156277;0.00156277;0.00107384;0.000710009;0;0.06708
174.8;0.00162356;0.00162356;0.00111476;0.000734586;0;0.067789
174.9;0.00168542;0.00168542;0.00115633;0.000759363;0;0.072601
175;0.00174768;0.00174768;0.00119842;0.000784224;0;0.067457
175.1;0.00181097;0.00181097;0.00124079;0.000809051;0;0.067432
175.2;0.00187489;0.00187489;0.00128327;0.000833513;0;0.066208
175.3;0.00193918;0.00193918;0.00132642;0.000858297;0;0.066482
175.4;0.00200436;0.00200436;0.00137026;0.000883083;0;0.067809
175.5;0.0020703;0.0020703;0.00141423;0.000907532;0;0.068632
175.6;0.00213691;0.00213691;0.00145859;0.000931984;0;0.066659
175.7;0.00220404;0.00220404;0.00150279;0.000956275;0;0.067235
175.8;0.00227168;0.00227168;0.00154753;0.000980421;0;0.066763
175.9;0.00234001;0.00234001;0.00159289;0.00100425;0;0.068641
176;0.00240864;0.00240864;0.00163819;0.00102816;0;0.068365
176.1;0.00247768;0.00247768;0.00168361;0.00105207;0;0.066828
176.2;0.00254728;0.00254728;0.00172922;0.00107572;0;0.067233
176.3;0.002617;0.002617;0.00177464;0.00109922;0;0.069212
176.4;0.00268745;0.00268745;0.0018208;0.00112296;0;0.095583
176.5;0.00275854;0.00275854;0.0018672;0.00114666;0;0.092287
176.6;0.00282954;0.00282954;0.0019133;0.00117036;0;0.06611
176.7;0.0029003;0.0029003;0.00195955;0.00119391;0;0.066329
176.8;0.00297198;0.00297198;0.00200591;0.00121702;0;0.067562
176.9;0.00304325;0.00304325;0.00205235;0.00124008;0;0.066444
177;0.00311443;0.00311443;0.00209885;0.0012635;0;0.066735
177.1;0.00318614;0.00318614;0.00214549;0.0012871;0;0.066847
177.2;0.00325793;0.00325793;0.00219212;0.00131071;0;0.068367
177.3;0.00332979;0.00332979;0.00223872;0.00133421;0;0.066115
177.4;0.00340161;0.00340161;0.00228514;0.00135788;0;0.066912
177.5;0.00347343;0.00347343;0.00233151;0.00138182;0;0.066926
177.6;0.00354569;0.00354569;0.00237786;0.00140586;0;0.071175
177.7;0.00361767;0.00361767;0.00242402;0.00142969;0;0.067667
177.8;0.00368959;0.00368959;0.00246995;0.00145393;0;0.067722
177.9;0.00376144;0.00376144;0.00251582;0.00147826;0;0.067051
178;0.00383307;0.00383307;0.00256124;0.00150252;0;0.093911
178.1;0.00390509;0.00390509;0.00260657;0.00152694;0;0.067386
178.2;0.00397712;0.00397712;0.00265186;0.0015516;0;0.066464
178.3;0.00404884;0.00404884;0.00269675;0.00157643;0;0.06696
178.4;0.00412058;0.00412058;0.00274163;0.0016016;0;0.067323
178.5;0.00419169;0.00419169;0.00278647;0.00162664;0;0.069168
178.6;0.00426228;0.00426228;0.00283068;0.00165181;0;0.067856
178.7;0.00433266;0.00433266;0.00287437;0.00167669;0;0.067083
178.8;0.00440258;0.00440258;0.00291796;0.00170211;0;0.066747
178.9;0.00447196;0.00447196;0.0029613;0.00172714;0;0.069093
179;0.00454077;0.00454077;0.00300422;0.0017521;0;0.067665
179.1;0.0046095;0.0046095;0.00304666;0.00177721;0;0.066722
179.2;0.0046776;0.0046776;0.00308907;0.00180236;0;0.067767
179.3;0.00474472;0.00474472;0.00313118;0.00182737;0;0.067477
179.4;0.00481153;0.00481153;0.00317301;0.00185195;0;0.068864
179.5;0.0048772;0.0048772;0.00321425;0.0018767;0;0.066796
179.6;0.00494328;0.00494328;0.00325506;0.00190133;0;0.067516
179.7;0.00500892;0.00500892;0.00329538;0.00192534;0;0.0662
179.8;0.0050741;0.0050741;0.00333548;0.00194941;0;0.06905
179.9;0.00513805;0.00513805;0.0033749;0.00197338;0;0.067106
180;0.00520157;0.00520157;0.00341387;0.00199667;0;0.067022
180.1;9.2878e-07;9.2878e-07;6.98752e-07;7.81948e-07;0;0.094607
180.2;3.47454e-06;3.47454e-06;2.41455e-06;2.41041e-06;0;0.069995
180.3;7.63985e-06;7.63985e-06;5.22875e-06;4.76527e-06;0;0.068967
180.4;1.3384e-05;1.3384e-05;8.97777e-06;7.90437e-06;0;0.06734
180.5;2.0704e-05;2.0704e-05;1.38441e-05;1.19819e-05;0;0.070603
180.6;2.96435e-05;2.96435e-05;1.97615e-05;1.70861e-05;0;0.06889
180.7;4.01608e-05;4.01608e-05;2.67339e-05;2.30638e-05;0;0.075048
180.8;5.22162e-05;5.22162e-05;3.48296e-05;3.00236e-05;0;0.071284
180.9;6.58522e-05;6.58522e-05;4.3937e-05;3.7633e-05;0;0.077202
181;8.11055e-05;8.11055e-05;5.41497e-05;4.66778e-05;0;0.068966
181.1;9.79058e-05;9.79058e-05;6.54376e-05;5.65021e-05;0;0.070317
181.2;0.000116264;0.000116264;7.77834e-05;6.73655e-05;0;0.069306
181.3;0.000136223;0.000136223;9.12303e-05;7.92841e-05;0;0.069534
181.4;0.000157761;0.000157761;0.000105706;9.2219e-05;0;0.067018
181.5;0.000180836;0.000180836;0.000121252;0.000106209;0;0.071087
181.6;0.000205418;0.000205418;0.00013792;0.00012129;0;0.069989
181.7;0.000231508;0.000231508;0.000155573;0.000137238;0;0.067457
181.8;0.000259203;0.000259203;0.000174253;0.000154204;0;0.067136
181.9;0.000288477;0.000288477;0.000193911;0.000172292;0;0.06998
182;0.000319206;0.000319206;0.000214731;0.000191386;0;0.073475
182.1;0.00035151;0.00035151;0.000236603;0.000211483;0;0.076212
182.2;0.000385158;0.000385158;0.000259423;0.000232528;0;0.067373
182.3;0.000420338;0.000420338;0.000283356;0.000254242;0;0.067143
182.4;0.000457078;0.000457078;0.00030836;0.000276588;0;0.068903
182.5;0.000495306;0.000495306;0.000334284;0.000299746;0;0.067358
182.6;0.000534904;0.000534904;0.000361199;0.000323863;0;0.075389
182.7;0.000575748;0.000575748;0.000389209;0.000348641;0;0.067368
182.8;0.000618039;0.000618039;0.000418204;0.000374007;0;0.069318
182.9;0.00066159;0.00066159;0.000448172;0.000399859;0;0.06672
183;0.000706464;0.000706464;0.000479063;0.000425749;0;0.066848
183.1;0.000752723;0.000752723;0.000511;0.000452327;0;0.067403
183.2;0.000800204;0.000800204;0.00054378;0.00047943;0;0.071202
183.3;0.000848967;0.000848967;0.000577516;0.000506587;0;0.069966
183.4;0.000898774;0.000898774;0.000612226;0.000533749;0;0.069601
183.5;0.000950063;0.000950063;0.000647761;0.000560909;0;0.069564
183.6;0.00100253;0.00100253;0.000684252;0.000588236;0;0.068959
183.7;0.00105618;0.00105618;0.000721624;0.000615157;0;0.068854
183.8;0.00111094;0.00111094;0.000759877;0.000642127;0;0.07748
183.9;0.00116684;0.00116684;0.000798854;0.000668744;0;0.069162
184;0.00122365;0.00122365;0.000838598;0.000695484;0;0.069243
184.1;0.00128172;0.00128172;0.000879333;0.000721834;0;0.070584
184.2;0.00134075;0.00134075;0.000920768;0.000747884;0;0.068944
184.3;0.00140079;0.00140079;0.000962912;0.000773709;0;0.069535
184.4;0.00146134;0.00146134;0.00100573;0.000799208;0;0.069571
184.5;0.00152373;0.00152373;0.00104912;0.000824451;0;0.069785
184.6;0.00158696;0.00158696;0.00109345;0.000849389;0;0.076837
184.7;0.0016507;0.0016507;0.00113841;0.00087406;0;0.069167
184.8;0.00171565;0.00171565;0.00118414;0.000898722;0;0.06832
184.9;0.00178136;0.00178136;0.00123034;0.000923094;0;0.07148
185;0.00184783;0.00184783;0.00127719;0.000947276;0;0.06889
185.1;0.00191497;0.00191497;0.00132429;0.000971208;0;0.067838
185.2;0.0019828;0.0019828;0.00137245;0.000995104;0;0.068391
185.3;0.0020513;0.0020513;0.00142094;0.00101923;0;0.072543
185.4;0.00212087;0.00212087;0.0014702;0.00104331;0;0.074336
185.5;0.0021916;0.0021916;0.00151966;0.00106724;0;0.070398
185.6;0.00226194;0.00226194;0.00156985;0.00109142;0;0.068757
185.7;0.00233249;0.00233249;0.00162029;0.00111572;0;0.092824
185.8;0.00240387;0.00240387;0.00167118;0.00114033;0;0.068182
185.9;0.00247615;0.00247615;0.00172256;0.0011656;0;0.067326
186;0.00254897;0.00254897;0.00177443;0.00119114;0;0.075993
186.1;0.00262276;0.00262276;0.00182667;0.00121701;0;0.07893
186.2;0.00269684;0.00269684;0.00187914;0.00124314;0;0.071314
186.3;0.00277133;0.00277133;0.00193193;0.00126994;0;0.067551
186.4;0.00284592;0.00284592;0.00198508;0.00129721;0;0.070142
186.5;0.00292124;0.00292124;0.00203862;0.0013251;0;0.071825
186.6;0.0029967;0.0029967;0.00209232;0.00135355;0;0.074062
186.7;0.00307277;0.00307277;0.00214621;0.00138238;0;0.066993
186.8;0.00314903;0.00314903;0.00220026;0.00141197;0;0.066079
186.9;0.00322531;0.00322531;0.00225425;0.00144192;0;0.067491
187;0.00330272;0.00330272;0.00230814;0.00147206;0;0.069086
187.1;0.00337871;0.00337871;0.00236251;0.0015026;0;0.067916
187.2;0.00345494;0.00345494;0.00241711;0.00153352;0;0.069672
187.3;0.00353139;0.00353139;0.00247182;0.0015648;0;0.070482
187.4;0.00360776;0.00360776;0.00252665;0.00159587;0;0.067614
187.5;0.00368407;0.00368407;0.0025816;0.00162776;0;0.06865
187.6;0.00376027;0.00376027;0.00263667;0.00165942;0;0.067069
187.7;0.00383694;0.00383694;0.00269176;0.00169124;0;0.072886
187.8;0.00391443;0.00391443;0.002747;0.0017234;0;0.095173
187.9;0.00399216;0.00399216;0.00280208;0.00175544;0;0.087155
188;0.00406905;0.00406905;0.00285685;0.001787;0;0.067611
188.1;0.00414573;0.00414573;0.00291123;0.0018187;0;0.066577
188.2;0.00422167;0.00422167;0.00296558;0.00184985;0;0.06615
188.3;0.00429704;0.00429704;0.00301996;0.0018801;0;0.069196
188.4;0.0043722;0.0043722;0.00307408;0.00191041;0;0.067371
188.5;0.00444706;0.00444706;0.00312719;0.00194002;0;0.06701
188.6;0.00452182;0.00452182;0.00318109;0.00196947;0;0.066255
188.7;0.00459579;0.00459579;0.00323446;0.00199814;0;0.069444
188.8;0.00466966;0.00466966;0.00328758;0.00202675;0;0.067442
188.9;0.004743;0.004743;0.00334019;0.00205469;0;0.068206
189;0.00481595;0.00481595;0.00339242;0.00208228;0;0.067227
189.1;0.00488845;0.00488845;0.00344442;0.00210906;0;0.074427
189.2;0.00496064;0.00496064;0.00349578;0.00213584;0;0.068956
189.3;0.00503218;0.00503218;0.00354679;0.00216237;0;0.067302
189.4;0.00510286;0.00510286;0.00359746;0.00218842;0;0.06674
189.5;0.00517283;0.00517283;0.00364752;0.00221424;0;0.072804
189.6;0.00524213;0.00524213;0.00369693;0.00223919;0;0.069155
189.7;0.00531098;0.00531098;0.00374602;0.00226397;0;0.07266
189.8;0.00537896;0.00537896;0.00379442;0.00228868;0;0.066315
189.9;0.00544565;0.00544565;0.00384236;0.00231278;0;0.068826
190;0.00551131;0.00551131;0.00388966;0.00233637;0;0.070551
190.1;9.63629e-07;9.63629e-07;7.46768e-07;1.0424e-06;0;0.095594
190.2;3.52683e-06;3.52683e-06;2.49302e-06;3.04145e-06;0;0.06868
190.3;7.68362e-06;7.68362e-06;5.32747e-06;6.31044e-06;0;0.070689
190.4;1.34544e-05;1.34544e-05;9.20747e-06;1.07864e-05;0;0.071683
190.5;2.07933e-05;2.07933e-05;1.42069e-05;1.66397e-05;0;0.072304
190.6;2.97985e-05;2.97985e-05;2.03733e-05;2.36022e-05;0;0.068964
190.7;4.04554e-05;4.04554e-05;2.74572e-05;3.20521e-05;0;0.069698
190.8;5.27032e-05;5.27032e-05;3.56405e-05;4.18672e-05;0;0.072142
190.9;6.64657e-05;6.64657e-05;4.50097e-05;5.29378e-05;0;0.069206
191;8.19325e-05;8.19325e-05;5.53615e-05;6.52462e-05;0;0.07356
191.1;9.90648e-05;9.90648e-05;6.68139e-05;7.88484e-05;0;0.068657
191.2;0.000117638;0.000117638;7.926e-05;9.36909e-05;0;0.07121
191.3;0.000137898;0.000137898;9.28048e-05;0.000109392;0;0.069839
191.4;0.000159769;0.000159769;0.000107395;0.000126526;0;0.067437
191.5;0.000183244;0.000183244;0.000123065;0.000144692;0;0.067842
191.6;0.000208109;0.000208109;0.000139796;0.000163783;0;0.067711
191.7;0.000234649;0.000234649;0.000157499;0.000183849;0;0.069751
191.8;0.00026268;0.00026268;0.000176248;0.000204532;0;0.067391
191.9;0.000292248;0.000292248;0.000195998;0.000226076;0;0.068089
192;0.000323239;0.000323239;0.000216765;0.00024793;0;0.068102
192.1;0.000355765;0.000355765;0.000238518;0.000270248;0;0.070368
192.2;0.000389855;0.000389855;0.000261319;0.00029287;0;0.068525
192.3;0.000425502;0.000425502;0.000285143;0.000315787;0;0.09558
192.4;0.000462446;0.000462446;0.000309853;0.000339049;0;0.068457
192.5;0.000500721;0.000500721;0.000335378;0.00036216;0;0.069684
192.6;0.000540569;0.000540569;0.000361871;0.000385372;0;0.066706
192.7;0.000581711;0.000581711;0.000389342;0.000408618;0;0.071264
192.8;0.000624318;0.000624318;0.000417611;0.000431565;0;0.074685
192.9;0.000668009;0.000668009;0.000446733;0.000454237;0;0.067627
193;0.000713132;0.000713132;0.000476692;0.000477104;0;0.071852
193.1;0.000759681;0.000759681;0.00050756;0.000499924;0;0.071123
193.2;0.00080746;0.00080746;0.000539131;0.000522402;0;0.06818
193.3;0.000856512;0.000856512;0.000571583;0.000544634;0;0.067126
193.4;0.000907088;0.000907088;0.000604807;0.00056679;0;0.078691
193.5;0.000958577;0.000958577;0.000638752;0.000588818;0;0.092043
193.6;0.00101134;0.00101134;0.000673375;0.000610433;0;0.075581
193.7;0.0010654;0.0010654;0.000708747;0.00063204;0;0.072231
193.8;0.00112057;0.00112057;0.000744979;0.000653717;0;0.069403
193.9;0.00117709;0.00117709;0.000781932;0.000675547;0;0.067954
194;0.00123466;0.00123466;0.000819397;0.000697131;0;0.06958
194.1;0.00129323;0.00129323;0.00085761;0.000719031;0;0.069288
194.2;0.0013529;0.0013529;0.000896347;0.000740756;0;0.070246
194.3;0.0014136;0.0014136;0.000935981;0.000762653;0;0.067505
194.4;0.00147536;0.00147536;0.000976345;0.000785092;0;0.066574
194.5;0.00153816;0.00153816;0.0010172;0.000807861;0;0.071296
194.6;0.00160207;0.00160207;0.0010589;0.000830669;0;0.070059
194.7;0.00166689;0.00166689;0.00110111;0.000853395;0;0.077174
194.8;0.00173271;0.00173271;0.00114371;0.000876957;0;0.06818
194.9;0.00179899;0.00179899;0.00118705;0.000900801;0;0.069164
195;0.00186613;0.00186613;0.00123089;0.000924851;0;0.068203
195.1;0.00193465;0.00193465;0.00127522;0.000949504;0;0.06984
195.2;0.0020039;0.0020039;0.00131995;0.000974544;0;0.066745
195.3;0.00207341;0.00207341;0.00136544;0.000999877;0;0.067744
195.4;0.00214357;0.00214357;0.00141114;0.00102529;0;0.067573
195.5;0.00221526;0.00221526;0.00145764;0.00105116;0;0.069814
195.6;0.00228694;0.00228694;0.00150472;0.00107708;0;0.068749
195.7;0.00235929;0.00235929;0.0015522;0.00110348;0;0.067194
195.8;0.0024326;0.0024326;0.00160011;0.0011297;0;0.067593
195.9;0.00250653;0.00250653;0.00164854;0.00115633;0;0.070268
196;0.00258088;0.00258088;0.00169737;0.00118323;0;0.066885
196.1;0.00265642;0.00265642;0.00174644;0.00121002;0;0.067778
196.2;0.00273227;0.00273227;0.00179596;0.00123659;0;0.075138
196.3;0.00280847;0.00280847;0.00184596;0.00126338;0;0.06838
196.4;0.00288514;0.00288514;0.00189628;0.00129037;0;0.068438
196.5;0.00296204;0.00296204;0.00194698;0.00131691;0;0.067844
196.6;0.00303971;0.00303971;0.00199825;0.00134322;0;0.068692
196.7;0.00311788;0.00311788;0.00204977;0.0013691;0;0.067441
196.8;0.00319604;0.00319604;0.00210162;0.00139473;0;0.06959
196.9;0.00327481;0.00327481;0.00215343;0.00142029;0;0.068474
197;0.00335332;0.00335332;0.00220552;0.00144568;0;0.06826
197.1;0.00343191;0.00343191;0.00225803;0.00147048;0;0.068004
197.2;0.00351041;0.00351041;0.00231054;0.00149566;0;0.070103
197.3;0.00358932;0.00358932;0.00236325;0.00152098;0;0.067731
197.4;0.0036683;0.0036683;0.00241607;0.00154617;0;0.067595
197.5;0.00374775;0.00374775;0.00246925;0.00157105;0;0.068216
197.6;0.00382744;0.00382744;0.00252267;0.0015964;0;0.070577
197.7;0.00390723;0.00390723;0.00257592;0.00162181;0;0.070151
197.8;0.00398691;0.00398691;0.00262934;0.00164765;0;0.067298
197.9;0.00406626;0.00406626;0.00268277;0.00167355;0;0.067514
198;0.00414544;0.00414544;0.00273629;0.00169998;0;0.067488
198.1;0.00422441;0.00422441;0.00279006;0.00172691;0;0.069293
198.2;0.00430348;0.00430348;0.00284382;0.00175492;0;0.068681
198.3;0.00438292;0.00438292;0.0028975;0.00178322;0;0.06766
198.4;0.00446134;0.00446134;0.00295111;0.00181244;0;0.06849
198.5;0.00454008;0.00454008;0.00300442;0.00184235;0;0.069182
198.6;0.00461871;0.00461871;0.00305795;0.00187325;0;0.068668
198.7;0.00469714;0.00469714;0.00311132;0.001905;0;0.07057
198.8;0.00477478;0.00477478;0.00316459;0.00193801;0;0.066618
198.9;0.0048519;0.0048519;0.00321766;0.00197211;0;0.068293
199;0.00492886;0.00492886;0.00327052;0.00200714;0;0.069725
199.1;0.00500592;0.00500592;0.00332332;0.00204321;0;0.067559
199.2;0.00508262;0.00508262;0.00337581;0.00208018;0;0.067356
199.3;0.00515891;0.00515891;0.00342827;0.00211816;0;0.067588
199.4;0.00523422;0.00523422;0.00348046;0.00215734;0;0.070106
199.5;0.00530893;0.00530893;0.00353264;0.00219724;0;0.069206
199.6;0.00538318;0.00538318;0.00358435;0.00223784;0;0.067784
199.7;0.00545616;0.00545616;0.00363606;0.0022793;0;0.068853
199.8;0.00552872;0.00552872;0.00368754;0.00232126;0;0.068746
199.9;0.00560096;0.00560096;0.00373885;0.00236363;0;0.071225
200;0.00567251;0.00567251;0.00378978;0.00240591;0;0.06737
200.1;1.0088e-06;1.0088e-06;9.65556e-07;1.30415e-06;0;0.095503
200.2;3.7194e-06;3.7194e-06;2.95e-06;3.7803e-06;0;0.070459
200.3;8.15257e-06;8.15257e-06;6.22213e-06;7.849e-06;0;0.070369
200.4;1.4353e-05;1.4353e-05;1.08052e-05;1.28468e-05;0;0.076155
200.5;2.2215e-05;2.2215e-05;1.66852e-05;1.90106e-05;0;0.088907
200.6;3.17941e-05;3.17941e-05;2.38311e-05;2.65447e-05;0;0.097387
200.7;4.30892e-05;4.30892e-05;3.22573e-05;3.51491e-05;0;0.078024
200.8;5.60679e-05;5.60679e-05;4.19307e-05;4.46663e-05;0;0.070192
200.9;7.07158e-05;7.07158e-05;5.28727e-05;5.49805e-05;0;0.069351
201;8.70107e-05;8.70107e-05;6.50021e-05;6.61406e-05;0;0.071056
201.1;0.000104912;0.000104912;7.83747e-05;7.80568e-05;0;0.094449
201.2;0.000124437;0.000124437;9.29394e-05;9.06139e-05;0;0.067159
201.3;0.00014564;0.00014564;0.000108621;0.000103676;0;0.067199
201.4;0.000168439;0.000168439;0.000125597;0.000117473;0;0.069455
201.5;0.00019281;0.00019281;0.000143717;0.000132041;0;0.067728
201.6;0.000218764;0.000218764;0.000163015;0.000147343;0;0.067117
201.7;0.000246383;0.000246383;0.000183461;0.000163426;0;0.068155
201.8;0.000275578;0.000275578;0.000204949;0.000180295;0;0.070544
201.9;0.000306389;0.000306389;0.000227511;0.000197459;0;0.070405
202;0.000338811;0.000338811;0.000251073;0.000215871;0;0.068155
202.1;0.000372566;0.000372566;0.000275685;0.000234876;0;0.068968
202.2;0.000407959;0.000407959;0.000301221;0.000254987;0;0.067435
202.3;0.000444757;0.000444757;0.000327925;0.000276247;0;0.070933
202.4;0.000482932;0.000482932;0.000355575;0.000298631;0;0.067556
202.5;0.000522613;0.000522613;0.00038404;0.000321787;0;0.068138
202.6;0.000563795;0.000563795;0.00041363;0.000346354;0;0.067436
202.7;0.000606545;0.000606545;0.000444073;0.000372245;0;0.070272
202.8;0.000650539;0.000650539;0.00047547;0.000399204;0;0.067697
202.9;0.000695956;0.000695956;0.000507674;0.000427598;0;0.068208
203;0.000742913;0.000742913;0.000540776;0.000457379;0;0.067273
203.1;0.000791234;0.000791234;0.000574873;0.000488429;0;0.067255
203.2;0.000841015;0.000841015;0.000609953;0.000521033;0;0.069408
203.3;0.000892177;0.000892177;0.000645864;0.000554546;0;0.074397
203.4;0.000944335;0.000944335;0.000682478;0.000589431;0;0.06833
203.5;0.000997772;0.000997772;0.000720161;0.000625659;0;0.06726
203.6;0.00105257;0.00105257;0.000758457;0.000662825;0;0.070035
203.7;0.00110864;0.00110864;0.000797606;0.000700711;0;0.068859
203.8;0.00116594;0.00116594;0.000837472;0.0007396;0;0.066879
203.9;0.00122429;0.00122429;0.000878057;0.000779206;0;0.067782
204;0.00128397;0.00128397;0.000919355;0.000819374;0;0.068944
204.1;0.00134485;0.00134485;0.000961424;0.000859986;0;0.071849
204.2;0.0014069;0.0014069;0.00100421;0.000900538;0;0.068312
204.3;0.00146991;0.00146991;0.00104775;0.000941042;0;0.070703
204.4;0.001534;0.001534;0.00109215;0.000981313;0;0.067074
204.5;0.00159926;0.00159926;0.0011372;0.00102078;0;0.070029
204.6;0.0016654;0.0016654;0.00118265;0.00105761;0;0.069276
204.7;0.00173236;0.00173236;0.0012287;0.00109516;0;0.06878
204.8;0.00180007;0.00180007;0.00127534;0.00112827;0;0.068983
204.9;0.00186885;0.00186885;0.0013227;0.00116339;0;0.070506
205;0.00193812;0.00193812;0.00137045;0.00119694;0;0.067852
205.1;0.00200828;0.00200828;0.00141874;0.00122875;0;0.069031
205.2;0.00207918;0.00207918;0.00146774;0.00125846;0;0.067795
205.3;0.00215087;0.00215087;0.00151689;0.00128657;0;0.068265
205.4;0.00222284;0.00222284;0.00156651;0.00131284;0;0.069165
205.5;0.00229578;0.00229578;0.00161662;0.00133505;0;0.070603
205.6;0.00236963;0.00236963;0.00166698;0.00135722;0;0.069428
205.7;0.0024439;0.0024439;0.00171771;0.00137687;0;0.067713
205.8;0.00251856;0.00251856;0.0017686;0.00139566;0;0.069564
205.9;0.00259381;0.00259381;0.00181979;0.00141284;0;0.067968
206;0.00266973;0.00266973;0.00187122;0.00142815;0;0.067978
206.1;0.00274571;0.00274571;0.00192276;0.00144228;0;0.067405
206.2;0.00282241;0.00282241;0.00197454;0.00145461;0;0.073411
206.3;0.00289915;0.00289915;0.00202666;0.00146587;0;0.071411
206.4;0.00297624;0.00297624;0.00207888;0.00147639;0;0.067664
206.5;0.0030536;0.0030536;0.0021312;0.00148642;0;0.068935
206.6;0.00313136;0.00313136;0.00218353;0.00149547;0;0.069011
206.7;0.00320957;0.00320957;0.00223605;0.0015041;0;0.068343
206.8;0.00328792;0.00328792;0.00228863;0.00151226;0;0.068239
206.9;0.00336601;0.00336601;0.00234105;0.00152037;0;0.068615
207;0.00344462;0.00344462;0.00239345;0.00152865;0;0.069409
207.1;0.00352325;0.00352325;0.0024459;0.00153728;0;0.071178
207.2;0.00360243;0.00360243;0.00249817;0.00154691;0;0.067337
207.3;0.00368163;0.00368163;0.00255006;0.00155689;0;0.067665
207.4;0.00376037;0.00376037;0.00260223;0.00156778;0;0.068503
207.5;0.00383991;0.00383991;0.00265445;0.00158023;0;0.076541
207.6;0.00391928;0.00391928;0.00270668;0.0015935;0;0.067963
207.7;0.00399911;0.00399911;0.00275881;0.00160833;0;0.099227
207.8;0.00407922;0.00407922;0.00281083;0.00162415;0;0.1078
207.9;0.00415903;0.00415903;0.00286267;0.00164157;0;0.104241
208;0.00423881;0.00423881;0.00291432;0.00166021;0;0.101956
208.1;0.00431841;0.00431841;0.00296568;0.00168003;0;0.069189
208.2;0.00439689;0.00439689;0.00301674;0.00170062;0;0.06995
208.3;0.00447493;0.00447493;0.00306809;0.00172253;0;0.071161
208.4;0.0045525;0.0045525;0.00311875;0.00174524;0;0.067631
208.5;0.00462954;0.00462954;0.00316947;0.00176889;0;0.067665
208.6;0.00470637;0.00470637;0.00321998;0.00179315;0;0.069656
208.7;0.00478295;0.00478295;0.00327035;0.00181794;0;0.067693
208.8;0.00485921;0.00485921;0.00331976;0.00184133;0;0.067779
208.9;0.0049351;0.0049351;0.00336938;0.00186671;0;0.067575
209;0.00501047;0.00501047;0.00341835;0.00189123;0;0.0691
209.1;0.00508584;0.00508584;0.00346754;0.00191688;0;0.069304
209.2;0.00516087;0.00516087;0.00351588;0.00194221;0;0.068092
209.3;0.00523461;0.00523461;0.00356411;0.00196723;0;0.066854
209.4;0.00530825;0.00530825;0.00361206;0.00199132;0;0.068553
209.5;0.00538122;0.00538122;0.00365968;0.00201566;0;0.068705
209.6;0.00545278;0.00545278;0.00370655;0.00203794;0;0.092728
209.7;0.0055248;0.0055248;0.00375306;0.00206151;0;0.089107
209.8;0.0055964;0.0055964;0.00379877;0.00208494;0;0.073268
209.9;0.00566678;0.00566678;0.00384402;0.00210762;0;0.073429
210;0.00573655;0.00573655;0.00388874;0.00212984;0;0.067964
210.1;1.03139e-06;1.03139e-06;8.91703e-07;1.23588e-06;0;0.096577
210.2;3.81605e-06;3.81605e-06;2.79557e-06;4.03035e-06;0;0.07863
210.3;8.31538e-06;8.31538e-06;6.06e-06;9.19054e-06;0;0.076945
210.4;1.46449e-05;1.46449e-05;1.05709e-05;1.58265e-05;0;0.073218
210.5;2.27437e-05;2.27437e-05;1.62559e-05;2.48949e-05;0;0.068335
210.6;3.25791e-05;3.25791e-05;2.31959e-05;3.63928e-05;0;0.06961
210.7;4.42116e-05;4.42116e-05;3.14265e-05;4.99753e-05;0;0.072273
210.8;5.75888e-05;5.75888e-05;4.08621e-05;6.62133e-05;0;0.07011
210.9;7.27387e-05;7.27387e-05;5.15041e-05;8.5205e-05;0;0.068726
211;8.96016e-05;8.96016e-05;6.33783e-05;0.000107024;0;0.068975
211.1;0.000108325;0.000108325;7.64941e-05;0.00013165;0;0.069935
211.2;0.000128832;0.000128832;9.0836e-05;0.000159309;0;0.069222
211.3;0.000151169;0.000151169;0.00010642;0.000190376;0;0.067448
211.4;0.000175284;0.000175284;0.000123182;0.000224294;0;0.065774
211.5;0.000201179;0.000201179;0.000141161;0.000261209;0;0.070588
211.6;0.000228803;0.000228803;0.000160393;0.00030154;0;0.067035
211.7;0.000258246;0.000258246;0.000180862;0.000344853;0;0.066778
211.8;0.000289407;0.000289407;0.000202622;0.000391423;0;0.066667
211.9;0.000322301;0.000322301;0.00022558;0.000440741;0;0.067269
212;0.000356964;0.000356964;0.000249812;0.000492755;0;0.068487
212.1;0.000393299;0.000393299;0.00027524;0.000547433;0;0.067867
212.2;0.000431326;0.000431326;0.000301818;0.000604138;0;0.068324
212.3;0.000471089;0.000471089;0.000329783;0.000662868;0;0.067168
212.4;0.000512519;0.000512519;0.000359071;0.000722386;0;0.068585
212.5;0.000555607;0.000555607;0.000389456;0.000783414;0;0.068159
212.6;0.000600236;0.000600236;0.000420972;0.000844837;0;0.068375
212.7;0.000646352;0.000646352;0.000453852;0.000906402;0;0.066127
212.8;0.000693773;0.000693773;0.000487865;0.000963262;0;0.067165
212.9;0.000742724;0.000742724;0.000522998;0.00102262;0;0.067806
213;0.000793019;0.000793019;0.000559145;0.0010805;0;0.066617
213.1;0.000844803;0.000844803;0.000596494;0.0011363;0;0.06721
213.2;0.000897761;0.000897761;0.000634916;0.00119027;0;0.067222
213.3;0.000952127;0.000952127;0.000674403;0.00124114;0;0.069058
213.4;0.00100779;0.00100779;0.00071473;0.00128986;0;0.067405
213.5;0.00106448;0.00106448;0.000756254;0.00133561;0;0.067122
213.6;0.00112249;0.00112249;0.000798524;0.00137706;0;0.066428
213.7;0.00118177;0.00118177;0.000842108;0.00141642;0;0.06911
213.8;0.00124226;0.00124226;0.00088664;0.00145205;0;0.071346
213.9;0.00130041;0.00130041;0.000930002;0.00148313;0;0.094639
214;0.00136268;0.00136268;0.000976365;0.00150938;0;0.067238
214.1;0.00142652;0.00142652;0.00102318;0.00153284;0;0.069399
214.2;0.0014915;0.0014915;0.00107103;0.001553;0;0.067264
214.3;0.00155732;0.00155732;0.00111954;0.00157044;0;0.066709
214.4;0.00162436;0.00162436;0.00116853;0.001584;0;0.067578
214.5;0.0016918;0.0016918;0.00121831;0.00159548;0;0.067956
214.6;0.00176073;0.00176073;0.00126885;0.00160396;0;0.094287
214.7;0.00183056;0.00183056;0.00132001;0.00160984;0;0.094179
214.8;0.00190056;0.00190056;0.00137115;0.00161345;0;0.067694
214.9;0.00197106;0.00197106;0.00142316;0.00161443;0;0.068987
215;0.00204231;0.00204231;0.00147569;0.00161351;0;0.06781
215.1;0.00211447;0.00211447;0.00152876;0.00161062;0;0.066973
215.2;0.00218775;0.00218775;0.00158251;0.00160725;0;0.067032
215.3;0.00226151;0.00226151;0.0016366;0.00160316;0;0.067086
215.4;0.00233576;0.00233576;0.00169052;0.00159859;0;0.068661
215.5;0.00241071;0.00241071;0.00174536;0.00159293;0;0.069432
215.6;0.00248575;0.00248575;0.00179973;0.00158767;0;0.079171
215.7;0.00255765;0.00255765;0.00185331;0.00158255;0;0.098143
215.8;0.00262868;0.00262868;0.00190641;0.00157786;0;0.095741
215.9;0.00270613;0.00270613;0.0019619;0.00157347;0;0.070513
216;0.00278496;0.00278496;0.00201812;0.00157208;0;0.073557
216.1;0.00286498;0.00286498;0.00207457;0.00157281;0;0.066472
216.2;0.00294549;0.00294549;0.00213047;0.00157605;0;0.069633
216.3;0.00302636;0.00302636;0.00218755;0.00158198;0;0.071115
216.4;0.00310813;0.00310813;0.00224495;0.00158897;0;0.06719
216.5;0.00318989;0.00318989;0.0023021;0.00159808;0;0.068093
216.6;0.0032721;0.0032721;0.00236022;0.00160903;0;0.069046
216.7;0.00335459;0.00335459;0.00241865;0.00162189;0;0.067506
216.8;0.00343755;0.00343755;0.00247765;0.00163677;0;0.067624
216.9;0.00352033;0.00352033;0.00253651;0.00165296;0;0.092265
217;0.00360332;0.00360332;0.00259584;0.00167085;0;0.068979
217.1;0.00368697;0.00368697;0.00265561;0.00168992;0;0.06818
217.2;0.00377089;0.00377089;0.00271572;0.00171012;0;0.072849
217.3;0.00385502;0.00385502;0.00277616;0.00173195;0;0.07043
217.4;0.00393879;0.00393879;0.0028367;0.00175448;0;0.069755
217.5;0.00402252;0.00402252;0.00289752;0.00177753;0;0.068386
217.6;0.00410679;0.00410679;0.00295859;0.00180111;0;0.066718
217.7;0.00419066;0.00419066;0.00301945;0.00182512;0;0.066651
217.8;0.00427464;0.00427464;0.00308035;0.00184944;0;0.06789
217.9;0.00435853;0.00435853;0.00314097;0.00187342;0;0.069027
218;0.00444272;0.00444272;0.00320208;0.00189765;0;0.066596
218.1;0.00452635;0.00452635;0.00326304;0.00192173;0;0.067797
218.2;0.00460997;0.00460997;0.0033241;0.0019459;0;0.069415
218.3;0.00469344;0.00469344;0.00338495;0.00197013;0;0.069998
218.4;0.00477649;0.00477649;0.00344548;0.00199418;0;0.067737
218.5;0.00485887;0.00485887;0.00350582;0.00201849;0;0.068793
218.6;0.00494092;0.00494092;0.00356602;0.00204306;0;0.066899
218.7;0.00502284;0.00502284;0.00362559;0.00206812;0;0.072856
218.8;0.00510422;0.00510422;0.00368503;0.00209424;0;0.068079
218.9;0.00518467;0.00518467;0.00374409;0.00212135;0;0.067577
219;0.00526483;0.00526483;0.00380278;0.00214912;0;0.068227
219.1;0.00534386;0.00534386;0.00386094;0.00217835;0;0.068999
219.2;0.00542242;0.00542242;0.00391885;0.00220957;0;0.06885
219.3;0.00550015;0.00550015;0.00397638;0.00224286;0;0.067584
219.4;0.00557775;0.00557775;0.00403276;0.00227871;0;0.067788
219.5;0.00565508;0.00565508;0.00408898;0.00231736;0;0.067466
219.6;0.00573139;0.00573139;0.00414377;0.00235859;0;0.069552
219.7;0.00580688;0.00580688;0.00419966;0.00240313;0;0.068048
219.8;0.0058824;0.0058824;0.00425408;0.00245065;0;0.066642
219.9;0.00595666;0.00595666;0.00430782;0.00250167;0;0.066755
220;0.00602997;0.00602997;0.00436098;0.00255622;0;0.068507
220.1;1.08208e-06;1.08208e-06;8.26717e-07;3.02918e-06;0;0.095576
220.2;4.14393e-06;4.14393e-06;3.02628e-06;1.11839e-05;0;0.069514
220.3;9.04252e-06;9.04252e-06;6.5188e-06;2.45133e-05;0;0.068982
220.4;1.58895e-05;1.58895e-05;1.14021e-05;4.3195e-05;0;0.06909
220.5;2.46448e-05;2.46448e-05;1.76292e-05;6.72943e-05;0;0.072195
220.6;3.53147e-05;3.53147e-05;2.5268e-05;9.66392e-05;0;0.072419
220.7;4.78572e-05;4.78572e-05;3.43566e-05;0.000129294;0;0.071734
220.8;6.233e-05;6.233e-05;4.48606e-05;0.000167862;0;0.067857
220.9;7.86471e-05;7.86471e-05;5.67958e-05;0.000209988;0;0.069747
221;9.67873e-05;9.67873e-05;7.01047e-05;0.000256555;0;0.06871
221.1;0.000116781;0.000116781;8.49203e-05;0.000304442;0;0.069214
221.2;0.000138532;0.000138532;0.000100929;0.000354947;0;0.071628
221.3;0.000162057;0.000162057;0.000118366;0.000408925;0;0.069678
221.4;0.000187295;0.000187295;0.000137147;0.000464355;0;0.068564
221.5;0.000214158;0.000214158;0.000157301;0.00051893;0;0.069936
221.6;0.000242728;0.000242728;0.000178822;0.000574926;0;0.068034
221.7;0.000272978;0.000272978;0.000201639;0.000630382;0;0.069396
221.8;0.000304901;0.000304901;0.000225655;0.000682531;0;0.067522
221.9;0.000338241;0.000338241;0.000250848;0.000735494;0;0.066792
222;0.00037314;0.00037314;0.000277218;0.000786628;0;0.067754
222.1;0.000409638;0.000409638;0.000304712;0.000835676;0;0.067371
222.2;0.000447586;0.000447586;0.000333372;0.000882174;0;0.06892
222.3;0.000486893;0.000486893;0.000363048;0.000926002;0;0.07037
222.4;0.000527707;0.000527707;0.000393769;0.000966789;0;0.068301
222.5;0.000570027;0.000570027;0.000425426;0.00100384;0;0.067386
222.6;0.000613748;0.000613748;0.000457927;0.00103829;0;0.070125
222.7;0.00065885;0.00065885;0.000491273;0.00106964;0;0.067589
222.8;0.000705287;0.000705287;0.000525615;0.00109788;0;0.066851
222.9;0.000752929;0.000752929;0.000560641;0.00112275;0;0.0683
223;0.000801762;0.000801762;0.000596305;0.0011447;0;0.067364
223.1;0.000852113;0.000852113;0.000632807;0.00116366;0;0.067541
223.2;0.000903406;0.000903406;0.000669776;0.00118039;0;0.069226
223.3;0.000956027;0.000956027;0.000707555;0.00119513;0;0.068272
223.4;0.00100994;0.00100994;0.000745693;0.00120797;0;0.067407
223.5;0.00106496;0.00106496;0.000784581;0.00121922;0;0.071395
223.6;0.00112101;0.00112101;0.000824108;0.00122769;0;0.068507
223.7;0.00117813;0.00117813;0.000863836;0.00123668;0;0.069926
223.8;0.00123659;0.00123659;0.000903842;0.00124548;0;0.072691
223.9;0.00129602;0.00129602;0.000944519;0.00125431;0;0.09843
224;0.00135665;0.00135665;0.000985626;0.00126355;0;0.06891
224.1;0.00141818;0.00141818;0.00102717;0.00127348;0;0.067702
224.2;0.00148082;0.00148082;0.00106902;0.00128489;0;0.066785
224.3;0.00154487;0.00154487;0.00111139;0.00129783;0;0.072324
224.4;0.00161014;0.00161014;0.00115424;0.00131237;0;0.080203
224.5;0.00167627;0.00167627;0.00119729;0.00132928;0;0.071697
224.6;0.00174355;0.00174355;0.0012409;0.00134845;0;0.073756
224.7;0.00181155;0.00181155;0.00128497;0.00136987;0;0.070579
224.8;0.00188045;0.00188045;0.00132951;0.00139398;0;0.068312
224.9;0.00195057;0.00195057;0.00137437;0.00142046;0;0.06878
225;0.0020216;0.0020216;0.00141997;0.00144962;0;0.070952
225.1;0.00209366;0.00209366;0.00146598;0.00148078;0;0.07052
225.2;0.00216599;0.00216599;0.00151237;0.00151356;0;0.070601
225.3;0.00223993;0.00223993;0.00155922;0.00154795;0;0.068563
225.4;0.00231476;0.00231476;0.00160663;0.00158259;0;0.068367
225.5;0.00239044;0.00239044;0.00165483;0.00161855;0;0.069326
225.6;0.00246707;0.00246707;0.00170333;0.00165508;0;0.070478
225.7;0.00254471;0.00254471;0.00175237;0.00168662;0;0.069155
225.8;0.00262291;0.00262291;0.00180191;0.00172152;0;0.068943
225.9;0.00270172;0.00270172;0.00185224;0.00175494;0;0.068084
226;0.00278091;0.00278091;0.0019031;0.00178725;0;0.069745
226.1;0.00286034;0.00286034;0.00195469;0.00181737;0;0.072607
226.2;0.00294161;0.00294161;0.00200688;0.00184546;0;0.083534
226.3;0.00302296;0.00302296;0.00205963;0.00187066;0;0.074444
226.4;0.00310485;0.00310485;0.00211258;0.00189293;0;0.07262
226.5;0.00318668;0.00318668;0.00216617;0.00191125;0;0.070311
226.6;0.00326864;0.00326864;0.00221982;0.00192594;0;0.0678
226.7;0.00335109;0.00335109;0.002274;0.00193845;0;0.068404
226.8;0.00343425;0.00343425;0.00232898;0.00194783;0;0.069976
226.9;0.00351782;0.00351782;0.00238426;0.00195434;0;0.076304
227;0.00360172;0.00360172;0.00244001;0.00195839;0;0.068491
227.1;0.00368567;0.00368567;0.00249612;0.0019574;0;0.068285
227.2;0.00376952;0.00376952;0.0025523;0.00195694;0;0.067739
227.3;0.00385378;0.00385378;0.00260881;0.00195491;0;0.071248
227.4;0.0039378;0.0039378;0.00266562;0.00195138;0;0.070261
227.5;0.00402207;0.00402207;0.00272269;0.00194764;0;0.072761
227.6;0.00410679;0.00410679;0.0027795;0.00194386;0;0.073431
227.7;0.00419158;0.00419158;0.00283678;0.0019403;0;0.072386
227.8;0.00427618;0.00427618;0.002894;0.00193768;0;0.070564
227.9;0.00436032;0.00436032;0.00295162;0.00193691;0;0.074422
228;0.00444472;0.00444472;0.00300916;0.00193812;0;0.084344
228.1;0.00452886;0.00452886;0.0030665;0.00194174;0;0.070656
228.2;0.00461279;0.00461279;0.00312455;0.00194884;0;0.069059
228.3;0.00469688;0.00469688;0.0031823;0.00195907;0;0.072105
228.4;0.00478048;0.00478048;0.00324013;0.00197423;0;0.071094
228.5;0.00486378;0.00486378;0.00329809;0.00199406;0;0.070606
228.6;0.00494741;0.00494741;0.00335631;0.00201897;0;0.085816
228.7;0.00503034;0.00503034;0.00341433;0.00204783;0;0.102058
228.8;0.00510634;0.00510634;0.00346944;0.00208153;0;0.104243
228.9;0.00517963;0.00517963;0.00352385;0.00211966;0;0.098733
229;0.00525186;0.00525186;0.0035784;0.00216219;0;0.09844
229.1;0.00532144;0.00532144;0.00363228;0.00221;0;0.099007
229.2;0.00539551;0.00539551;0.00368653;0.00226294;0;0.098287
229.3;0.00546746;0.00546746;0.00374157;0.00232122;0;0.098944
229.4;0.00554223;0.00554223;0.00379593;0.00238592;0;0.09871
229.5;0.00561512;0.00561512;0.00384942;0.00245366;0;0.098661
229.6;0.00568721;0.00568721;0.00390207;0.00252518;0;0.098046
229.7;0.00576275;0.00576275;0.00395739;0.00259805;0;0.07649
229.8;0.00584408;0.00584408;0.00401448;0.00267528;0;0.069822
229.9;0.00592736;0.00592736;0.00407146;0.00275493;0;0.069292
230;0.0060112;0.0060112;0.00413007;0.00283699;0;0.071821
230.1;1.21915e-06;1.21915e-06;1.13381e-06;3.05833e-06;0;0.102112
230.2;4.57673e-06;4.57673e-06;4.05394e-06;1.14305e-05;0;0.070151
230.3;9.8858e-06;9.8858e-06;8.83551e-06;2.43089e-05;0;0.07052
230.4;1.70425e-05;1.70425e-05;1.53224e-05;4.08204e-05;0;0.070978
230.5;2.60297e-05;2.60297e-05;2.3445e-05;6.08215e-05;0;0.095429
230.6;3.68359e-05;3.68359e-05;3.33026e-05;8.41341e-05;0;0.096119
230.7;4.93966e-05;4.93966e-05;4.47452e-05;0.00011026;0;0.074528
230.8;6.3641e-05;6.3641e-05;5.77188e-05;0.000139152;0;0.074915
230.9;7.96321e-05;7.96321e-05;7.22089e-05;0.000170305;0;0.081992
231;9.73673e-05;9.73673e-05;8.81974e-05;0.000203147;0;0.081603
231.1;0.0001168;0.0001168;0.000105565;0.000239091;0;0.071471
231.2;0.000137866;0.000137866;0.000124257;0.000277111;0;0.069077
231.3;0.000160671;0.000160671;0.000144319;0.000317497;0;0.070487
231.4;0.000185096;0.000185096;0.000165568;0.000360474;0;0.068013
231.5;0.000211337;0.000211337;0.000188124;0.00040626;0;0.068975
231.6;0.000239414;0.000239414;0.000211937;0.000454754;0;0.082204
231.7;0.000269272;0.000269272;0.000236931;0.000506591;0;0.069868
231.8;0.000300975;0.000300975;0.000262963;0.000561603;0;0.067878
231.9;0.000334454;0.000334454;0.000289976;0.000620251;0;0.072494
232;0.000369555;0.000369555;0.000318155;0.000683067;0;0.069575
232.1;0.000406511;0.000406511;0.000347017;0.0007499;0;0.068727
232.2;0.000445161;0.000445161;0.000377118;0.000820932;0;0.069641
232.3;0.000485587;0.000485587;0.000408103;0.000897251;0;0.07096
232.4;0.00052769;0.00052769;0.00043999;0.000978838;0;0.072662
232.5;0.000571478;0.000571478;0.000472652;0.00106575;0;0.070217
232.6;0.000616952;0.000616952;0.000506248;0.00115805;0;0.071867
232.7;0.000663781;0.000663781;0.000540861;0.00125634;0;0.070375
232.8;0.000712322;0.000712322;0.000576273;0.00135985;0;0.070877
232.9;0.000762513;0.000762513;0.000612437;0.00146975;0;0.070885
233;0.000814218;0.000814218;0.000649593;0.001585;0;0.072689
233.1;0.000867535;0.000867535;0.000687696;0.00170584;0;0.070648
233.2;0.000922508;0.000922508;0.000726842;0.00183119;0;0.09133
233.3;0.000978981;0.000978981;0.000766816;0.00196077;0;0.105795
233.4;0.00103678;0.00103678;0.00080756;0.00209296;0;0.080947
233.5;0.0010958;0.0010958;0.000849151;0.00222622;0;0.075884
233.6;0.00115611;0.00115611;0.000891522;0.00235937;0;0.071856
233.7;0.00121762;0.00121762;0.000934977;0.00249099;0;0.070176
233.8;0.00128023;0.00128023;0.000979313;0.00262087;0;0.068579
233.9;0.00134411;0.00134411;0.00102385;0.00274779;0;0.078167
234;0.00140885;0.00140885;0.00106986;0.0028668;0;0.069244
234.1;0.00147441;0.00147441;0.00111656;0.00298429;0;0.070466
234.2;0.00154103;0.00154103;0.00116426;0.00309632;0;0.071685
234.3;0.00160846;0.00160846;0.00121208;0.00320121;0;0.070356
234.4;0.00167693;0.00167693;0.00126101;0.00329524;0;0.069849
234.5;0.00174626;0.00174626;0.00131061;0.0033822;0;0.068139
234.6;0.00181628;0.00181628;0.00136039;0.0034579;0;0.074205
234.7;0.0018868;0.0018868;0.00141116;0.00352257;0;0.069908
234.8;0.0019583;0.0019583;0.00146251;0.00356021;0;0.072514
234.9;0.00203037;0.00203037;0.00151471;0.00360063;0;0.083467
235;0.00210277;0.00210277;0.00156694;0.00362867;0;0.07107
235.1;0.00217587;0.00217587;0.00161941;0.00364454;0;0.084197
235.2;0.00224912;0.00224912;0.0016725;0.00364833;0;0.081656
235.3;0.00232294;0.00232294;0.00172556;0.00363954;0;0.070779
235.4;0.00239699;0.00239699;0.00177909;0.00361918;0;0.073174
235.5;0.00247165;0.00247165;0.00183267;0.00358349;0;0.069776
235.6;0.00254611;0.00254611;0.00188595;0.00353753;0;0.069441
235.7;0.0026211;0.0026211;0.00193886;0.00348441;0;0.072241
235.8;0.00269632;0.00269632;0.00199252;0.00342192;0;0.071535
235.9;0.0027723;0.0027723;0.00204542;0.00335082;0;0.067378
236;0.00284836;0.00284836;0.00209849;0.00327229;0;0.074731
236.1;0.00292467;0.00292467;0.00215105;0.00318661;0;0.068225
236.2;0.00300052;0.00300052;0.00220395;0.00309562;0;0.073067
236.3;0.00307698;0.00307698;0.00225671;0.00299272;0;0.084957
236.4;0.0031539;0.0031539;0.00230881;0.00289574;0;0.076785
236.5;0.00323113;0.00323113;0.0023607;0.00279705;0;0.080589
236.6;0.00330857;0.00330857;0.00241237;0.00269749;0;0.079942
236.7;0.00338637;0.00338637;0.00246377;0.00259853;0;0.069852
236.8;0.00346375;0.00346375;0.00251473;0.00250194;0;0.070692
236.9;0.00354154;0.00354154;0.00256524;0.00240872;0;0.072049
237;0.00361947;0.00361947;0.00261576;0.0023198;0;0.072277
237.1;0.00369764;0.00369764;0.00266611;0.00223656;0;0.069159
237.2;0.00377647;0.00377647;0.00271653;0.00215931;0;0.086125
237.3;0.00385602;0.00385602;0.00276691;0.00208927;0;0.096383
237.4;0.0039356;0.0039356;0.00281702;0.00202696;0;0.077772
237.5;0.00401525;0.00401525;0.00286707;0.00197287;0;0.085505
237.6;0.00409513;0.00409513;0.00291704;0.00192855;0;0.077788
237.7;0.00417421;0.00417421;0.00296682;0.00189276;0;0.069827
237.8;0.00425399;0.00425399;0.0030168;0.00186625;0;0.084964
237.9;0.00433381;0.00433381;0.00306702;0.001849;0;0.075508
238;0.00441376;0.00441376;0.00311767;0.00184065;0;0.06969
238.1;0.0044933;0.0044933;0.00316857;0.00183955;0;0.070555
238.2;0.00457367;0.00457367;0.00321938;0.00184557;0;0.071888
238.3;0.00465253;0.00465253;0.00327063;0.00185883;0;0.09097
238.4;0.00473165;0.00473165;0.00332258;0.00187872;0;0.074395
238.5;0.00481157;0.00481157;0.00337489;0.00190443;0;0.070793
238.6;0.0048902;0.0048902;0.00342732;0.00193637;0;0.070395
238.7;0.00497016;0.00497016;0.00348041;0.00197258;0;0.068505
238.8;0.00505063;0.00505063;0.00353371;0.00201307;0;0.074389
238.9;0.00512975;0.00512975;0.0035867;0.00205545;0;0.069458
239;0.00520944;0.00520944;0.00363983;0.00209961;0;0.071936
239.1;0.00528803;0.00528803;0.00369326;0.00214632;0;0.070478
239.2;0.00536635;0.00536635;0.00374655;0.00219322;0;0.070698
239.3;0.00544389;0.00544389;0.00379981;0.00224189;0;0.070718
239.4;0.00552043;0.00552043;0.00385371;0.00228984;0;0.070911
239.5;0.00559675;0.00559675;0.00390739;0.0023393;0;0.074317
239.6;0.00567255;0.00567255;0.00396076;0.00238931;0;0.071291
239.7;0.00574724;0.00574724;0.00401356;0.00243968;0;0.068998
239.8;0.00582116;0.00582116;0.00406553;0.00249109;0;0.07055
239.9;0.00589443;0.00589443;0.0041178;0.0025432;0;0.069717
240;0.00596639;0.00596639;0.00416872;0.00259612;0;0.068729
240.1;3.1298e-06;3.1298e-06;2.10199e-06;8.0552e-06;0;0.125372
240.2;7.06823e-06;7.06823e-06;5.01726e-06;2.10955e-05;0;0.086977
240.3;1.07034e-05;1.07034e-05;8.62889e-06;4.2535e-05;0;0.07335
240.4;1.74196e-05;1.74196e-05;1.45159e-05;7.56823e-05;0;0.072257
240.5;2.65933e-05;2.65933e-05;2.18596e-05;0.000120434;0;0.078575
240.6;3.79722e-05;3.79722e-05;3.10257e-05;0.000177363;0;0.072534
240.7;5.14776e-05;5.14776e-05;4.18381e-05;0.000247315;0;0.070568
240.8;6.70939e-05;6.70939e-05;5.43877e-05;0.000330882;0;0.07311
240.9;8.48091e-05;8.48091e-05;6.85703e-05;0.000428433;0;0.080914
241;0.000104696;0.000104696;8.45024e-05;0.000540886;0;0.073877
241.1;0.000126806;0.000126806;0.000102086;0.000668291;0;0.070459
241.2;0.000150942;0.000150942;0.000121285;0.000810927;0;0.08699
241.3;0.000177481;0.000177481;0.000142229;0.000969169;0;0.079454
241.4;0.000206254;0.000206254;0.000164928;0.00114245;0;0.081539
241.5;0.000237189;0.000237189;0.000189349;0.00132916;0;0.075071
241.6;0.000270235;0.000270235;0.000215486;0.00153075;0;0.069527
241.7;0.000305487;0.000305487;0.000243509;0.00174342;0;0.069886
241.8;0.000342893;0.000342893;0.000273137;0.00196693;0;0.069545
241.9;0.00038235;0.00038235;0.000304566;0.00220007;0;0.084732
242;0.000422206;0.000422206;0.000337395;0.00243929;0;0.099072
242.1;0.0004651;0.0004651;0.000372256;0.00268152;0;0.070608
242.2;0.000510121;0.000510121;0.000409078;0.00292427;0;0.069124
242.3;0.000557226;0.000557226;0.00044747;0.00315693;0;0.069593
242.4;0.000605987;0.000605987;0.000487626;0.00340414;0;0.071751
242.5;0.000656429;0.000656429;0.000529544;0.00364963;0;0.09701
242.6;0.000708468;0.000708468;0.000573067;0.00389081;0;0.089718
242.7;0.000761814;0.000761814;0.000618026;0.00410327;0;0.068084
242.8;0.000816423;0.000816423;0.000664472;0.00432984;0;0.068309
242.9;0.000872411;0.000872411;0.000712295;0.00454676;0;0.07133
243;0.000929501;0.000929501;0.00076129;0.00475206;0;0.068282
243.1;0.000988343;0.000988343;0.000811316;0.00494237;0;0.068503
243.2;0.00104824;0.00104824;0.000862334;0.00510585;0;0.070419
243.3;0.00110888;0.00110888;0.000914621;0.00525916;0;0.072638
243.4;0.00117035;0.00117035;0.000967678;0.00538627;0;0.070781
243.5;0.00123269;0.00123269;0.0010213;0.00549958;0;0.067897
243.6;0.00129563;0.00129563;0.00107573;0.00559372;0;0.069178
243.7;0.00135925;0.00135925;0.00113049;0.00566608;0;0.068058
243.8;0.00142386;0.00142386;0.0011854;0.00571896;0;0.071214
243.9;0.00148917;0.00148917;0.00124088;0.005715;0;0.069806
244;0.00155465;0.00155465;0.00129636;0.00572448;0;0.067712
244.1;0.00162078;0.00162078;0.00135178;0.00571446;0;0.068132
244.2;0.00168724;0.00168724;0.00140665;0.00568558;0;0.071472
244.3;0.00175432;0.00175432;0.00146157;0.00563806;0;0.075487
244.4;0.00182187;0.00182187;0.00151595;0.00557346;0;0.068824
244.5;0.0018897;0.0018897;0.00156919;0.00549215;0;0.068455
244.6;0.00195806;0.00195806;0.00162264;0.00539659;0;0.071598
244.7;0.00202698;0.00202698;0.00167581;0.0052908;0;0.068136
244.8;0.00209576;0.00209576;0.00172762;0.00517306;0;0.069668
244.9;0.00216553;0.00216553;0.00177965;0.0050459;0;0.067986
245;0.00223591;0.00223591;0.00183075;0.00491048;0;0.068176
245.1;0.00230658;0.00230658;0.00188112;0.00477016;0;0.070595
245.2;0.00237693;0.00237693;0.00193072;0.00462623;0;0.06959
245.3;0.00244815;0.00244815;0.00197957;0.00447988;0;0.068797
245.4;0.00252023;0.00252023;0.00202746;0.00433324;0;0.070229
245.5;0.00259284;0.00259284;0.0020742;0.00418934;0;0.070706
245.6;0.00266603;0.00266603;0.00212067;0.00404964;0;0.069942
245.7;0.00273951;0.00273951;0.00216697;0.00391257;0;0.070735
245.8;0.00281409;0.00281409;0.00221284;0.00378284;0;0.0714
245.9;0.00288942;0.00288942;0.00225905;0.00366001;0;0.07285
246;0.00296569;0.00296569;0.00230496;0.00354425;0;0.075405
246.1;0.00304339;0.00304339;0.00235099;0.00343799;0;0.088794
246.2;0.00312141;0.00312141;0.00239716;0.00333726;0;0.075029
246.3;0.00319994;0.00319994;0.00244328;0.00324408;0;0.079227
246.4;0.00327917;0.00327917;0.00249036;0.003158;0;0.074894
246.5;0.00335905;0.00335905;0.00253764;0.00307804;0;0.073461
246.6;0.00343893;0.00343893;0.00258529;0.00300442;0;0.073491
246.7;0.00352022;0.00352022;0.00263397;0.00293616;0;0.075195
246.8;0.00360161;0.00360161;0.00268313;0.00287349;0;0.071454
246.9;0.00368383;0.00368383;0.00273324;0.00281655;0;0.071171
247;0.00376661;0.00376661;0.00278434;0.00276522;0;0.071136
247.1;0.0038491;0.0038491;0.00283588;0.00271823;0;0.074813
247.2;0.0039324;0.0039324;0.002889;0.00267519;0;0.070344
247.3;0.00401644;0.00401644;0.00294248;0.00263686;0;0.071498
247.4;0.00410042;0.00410042;0.00299749;0.0026028;0;0.07371
247.5;0.00418449;0.00418449;0.00305336;0.00257112;0;0.07424
247.6;0.00426907;0.00426907;0.00311018;0.0025414;0;0.072484
247.7;0.00435385;0.00435385;0.00316799;0.00251325;0;0.071142
247.8;0.00443851;0.00443851;0.0032268;0.00248618;0;0.069673
247.9;0.0045231;0.0045231;0.00328599;0.00246015;0;0.071806
248;0.00460713;0.00460713;0.00334614;0.00243592;0;0.069064
248.1;0.00469152;0.00469152;0.00340723;0.00241411;0;0.074169
248.2;0.00477511;0.00477511;0.00346864;0.0023911;0;0.068712
248.3;0.00485872;0.00485872;0.00353052;0.00237003;0;0.076931
248.4;0.00494207;0.00494207;0.00359256;0.00235993;0;0.07058
248.5;0.0050249;0.0050249;0.00365554;0.00235544;0;0.068965
248.6;0.0051077;0.0051077;0.00371768;0.00235759;0;0.069822
248.7;0.00518999;0.00518999;0.00378029;0.00236751;0;0.069884
248.8;0.00527166;0.00527166;0.00384375;0.00238859;0;0.074086
248.9;0.00535294;0.00535294;0.00390735;0.00242079;0;0.070283
249;0.00543423;0.00543423;0.00397049;0.00246608;0;0.070563
249.1;0.00551486;0.00551486;0.00403354;0.0025261;0;0.070296
249.2;0.00559547;0.00559547;0.0040971;0.00260136;0;0.072875
249.3;0.00567624;0.00567624;0.00415906;0.00269431;0;0.069502
249.4;0.00575737;0.00575737;0.00422169;0.0028055;0;0.089517
249.5;0.00583921;0.00583921;0.00428417;0.00293634;0;0.095961
249.6;0.00592046;0.00592046;0.0043454;0.00308746;0;0.077812
249.7;0.00600027;0.00600027;0.0044072;0.00326001;0;0.072873
249.8;0.00607917;0.00607917;0.00446945;0.00345369;0;0.071279
249.9;0.0061583;0.0061583;0.00453069;0.00366925;0;0.072063
250;0.00623656;0.00623656;0.0045923;0.0039065;0;0.097579
250.1;1.49977e-06;1.49977e-06;1.54168e-06;1.46448e-05;0;0.100697
250.2;5.80067e-06;5.80067e-06;5.52216e-06;5.75041e-05;0;0.072081
250.3;1.28084e-05;1.28084e-05;1.22446e-05;0.000127636;0;0.074085
250.4;2.24286e-05;2.24286e-05;2.17453e-05;0.000225113;0;0.075258
250.5;3.47648e-05;3.47648e-05;3.39275e-05;0.00034834;0;0.075209
250.6;4.96737e-05;4.96737e-05;4.89949e-05;0.000491432;0;0.073536
250.7;6.70848e-05;6.70848e-05;6.68248e-05;0.00065703;0;0.078314
250.8;8.69214e-05;8.69214e-05;8.73626e-05;0.000841831;0;0.069626
250.9;0.000109088;0.000109088;0.000110685;0.00104503;0;0.079617
251;0.000133606;0.000133606;0.000136805;0.00126474;0;0.068793
251.1;0.000160545;0.000160545;0.000165475;0.00149924;0;0.078953
251.2;0.000189766;0.000189766;0.000196608;0.00174656;0;0.068604
251.3;0.000221229;0.000221229;0.000230533;0.00198142;0;0.069668
251.4;0.000254621;0.000254621;0.000266742;0.00223923;0;0.069344
251.5;0.000290256;0.000290256;0.000305354;0.00250684;0;0.069428
251.6;0.000327755;0.000327755;0.000346269;0.00276345;0;0.066919
251.7;0.00036719;0.00036719;0.000389133;0.00302941;0;0.06714
251.8;0.000408343;0.000408343;0.000433663;0.00328751;0;0.067486
251.9;0.000450733;0.000450733;0.000480017;0.0035364;0;0.067224
252;0.000494285;0.000494285;0.000527901;0.00377408;0;0.072788
252.1;0.000539231;0.000539231;0.000577166;0.00400399;0;0.069992
252.2;0.00058519;0.00058519;0.000627651;0.00422327;0;0.066165
252.3;0.000632718;0.000632718;0.000678856;0.00442982;0;0.067389
252.4;0.000680461;0.000680461;0.00073067;0.00460169;0;0.069818
252.5;0.00072922;0.00072922;0.000782143;0.00478303;0;0.06785
252.6;0.000779064;0.000779064;0.000834559;0.00495235;0;0.068318
252.7;0.000829975;0.000829975;0.000885624;0.00510908;0;0.066267
252.8;0.000881911;0.000881911;0.000937848;0.0052543;0;0.06604
252.9;0.000934474;0.000934474;0.000989603;0.00538946;0;0.069388
253;0.000987597;0.000987597;0.00104067;0.00551408;0;0.067106
253.1;0.00104208;0.00104208;0.00109145;0.00563117;0;0.066145
253.2;0.00109835;0.00109835;0.00114082;0.00573917;0;0.065959
253.3;0.00115469;0.00115469;0.00118832;0.00584376;0;0.068935
253.4;0.00121163;0.00121163;0.00123519;0.00594247;0;0.066025
253.5;0.00126842;0.00126842;0.00128191;0.00602646;0;0.068443
253.6;0.00132614;0.00132614;0.00132726;0.00612262;0;0.069955
253.7;0.00138496;0.00138496;0.00137199;0.00621938;0;0.065845
253.8;0.00144534;0.00144534;0.00141555;0.00631779;0;0.068755
253.9;0.00150638;0.00150638;0.00145769;0.00641972;0;0.067863
254;0.00156886;0.00156886;0.00149872;0.00652428;0;0.066493
254.1;0.00163336;0.00163336;0.00153836;0.00663341;0;0.067046
254.2;0.00169802;0.00169802;0.00157703;0.00674745;0;0.06999
254.3;0.00176472;0.00176472;0.00161349;0.00686554;0;0.066703
254.4;0.00183194;0.00183194;0.00165039;0.00698225;0;0.069439
254.5;0.00189969;0.00189969;0.00168597;0.00709588;0;0.06797
254.6;0.00196829;0.00196829;0.00172099;0.00720536;0;0.068883
254.7;0.00203654;0.00203654;0.00175521;0.00730731;0;0.067372
254.8;0.00210598;0.00210598;0.00178899;0.00740071;0;0.066959
254.9;0.00217648;0.00217648;0.0018225;0.00747251;0;0.066612
255;0.00224707;0.00224707;0.00185627;0.00754145;0;0.066344
255.1;0.00231763;0.00231763;0.00189017;0.00759727;0;0.06979
255.2;0.00238936;0.00238936;0.00192406;0.00764029;0;0.066507
255.3;0.0024621;0.0024621;0.00195826;0.00766851;0;0.068412
255.4;0.00253568;0.00253568;0.00199231;0.00768117;0;0.067526
255.5;0.00261068;0.00261068;0.0020277;0.00767759;0;0.068575
255.6;0.00268575;0.00268575;0.00206341;0.00765761;0;0.066832
255.7;0.0027623;0.0027623;0.00209963;0.00761954;0;0.067683
255.8;0.00283936;0.00283936;0.00213655;0.00756453;0;0.068728
255.9;0.0029173;0.0029173;0.00217315;0.00748249;0;0.067739
256;0.00299619;0.00299619;0.00221099;0.00738825;0;0.068129
256.1;0.00307555;0.00307555;0.00225028;0.00727307;0;0.067005
256.2;0.00315481;0.00315481;0.00229044;0.00713496;0;0.065892
256.3;0.00323405;0.00323405;0.0023315;0.00697496;0;0.066953
256.4;0.00331331;0.00331331;0.00237304;0.00679289;0;0.068617
256.5;0.00339212;0.00339212;0.00241626;0.00658894;0;0.065802
256.6;0.00347124;0.00347124;0.00246047;0.00635703;0;0.067275
256.7;0.00355007;0.00355007;0.0025045;0.00611848;0;0.067484
256.8;0.00362855;0.00362855;0.00254986;0.00586346;0;0.067644
256.9;0.00370629;0.00370629;0.00259614;0.00559582;0;0.069474
257;0.00378422;0.00378422;0.00264245;0.00531795;0;0.067128
257.1;0.00386253;0.00386253;0.0026895;0.00503261;0;0.065921
257.2;0.0039409;0.0039409;0.00273702;0.00474412;0;0.067176
257.3;0.00401939;0.00401939;0.00278467;0.0044566;0;0.071426
257.4;0.00409679;0.00409679;0.00283173;0.00417328;0;0.067325
257.5;0.00417371;0.00417371;0.00287988;0.00389687;0;0.067899
257.6;0.00425095;0.00425095;0.0029288;0.00363382;0;0.067127
257.7;0.00432792;0.00432792;0.00297803;0.00338708;0;0.067763
257.8;0.00440551;0.00440551;0.00302757;0.00315989;0;0.066976
257.9;0.00448371;0.00448371;0.00307788;0.00295619;0;0.07412
258;0.00456307;0.00456307;0.00312872;0.00278025;0;0.102904
258.1;0.00463867;0.00463867;0.00317819;0.00263469;0;0.105579
258.2;0.00471374;0.00471374;0.00322832;0.00252021;0;0.082721
258.3;0.00479452;0.00479452;0.00328177;0.00244219;0;0.073378
258.4;0.0048779;0.0048779;0.0033366;0.00240496;0;0.069168
258.5;0.00496207;0.00496207;0.00339289;0.00240969;0;0.075949
258.6;0.00504724;0.00504724;0.00345111;0.00245568;0;0.071813
258.7;0.00513329;0.00513329;0.00351079;0.00254367;0;0.068204
258.8;0.00522051;0.00522051;0.00357259;0.00267043;0;0.067815
258.9;0.00530852;0.00530852;0.00363614;0.00283281;0;0.071344
259;0.00539718;0.00539718;0.00370157;0.00302373;0;0.066913
259.1;0.00548562;0.00548562;0.00376908;0.00324029;0;0.069521
259.2;0.00557399;0.00557399;0.00383872;0.00348508;0;0.06856
259.3;0.00566283;0.00566283;0.00390986;0.00375242;0;0.074965
259.4;0.00575191;0.00575191;0.00398302;0.00404434;0;0.069785
259.5;0.00584201;0.00584201;0.00405789;0.00435771;0;0.07135
259.6;0.00593192;0.00593192;0.00413433;0.00468816;0;0.070608
259.7;0.00602234;0.00602234;0.0042123;0.0050345;0;0.074086
259.8;0.00611292;0.00611292;0.00429162;0.00539031;0;0.068688
259.9;0.00620371;0.00620371;0.0043726;0.00576093;0;0.07023
260;0.00629435;0.00629435;0.00445509;0.00613832;0;0.07008
260.1;1.77242e-06;1.77242e-06;2.31979e-06;1.89965e-05;0;0.101546
260.2;6.88142e-06;6.88142e-06;9.07455e-06;7.34563e-05;0;0.071312
260.3;1.51285e-05;1.51285e-05;2.01409e-05;0.000161473;0;0.07075
260.4;2.62042e-05;2.62042e-05;3.54739e-05;0.000278063;0;0.08317
260.5;3.98473e-05;3.98473e-05;5.50701e-05;0.000422145;0;0.086493
260.6;5.59064e-05;5.59064e-05;7.85808e-05;0.00059266;0;0.076486
260.7;7.4175e-05;7.4175e-05;0.000105951;0.000789423;0;0.070455
260.8;9.47455e-05;9.47455e-05;0.000136804;0.00101195;0;0.075144
260.9;0.000117562;0.000117562;0.000170911;0.00125916;0;0.079242
261;0.000142582;0.000142582;0.000207327;0.00151838;0;0.072508
261.1;0.000169797;0.000169797;0.000246739;0.00181292;0;0.073339
261.2;0.000199611;0.000199611;0.000289089;0.00213235;0;0.069377
261.3;0.000231515;0.000231515;0.000333792;0.00247757;0;0.070902
261.4;0.00026561;0.00026561;0.000380585;0.00285191;0;0.071356
261.5;0.000301343;0.000301343;0.000429022;0.00325111;0;0.072084
261.6;0.000339315;0.000339315;0.000479563;0.00367904;0;0.069883
261.7;0.000379739;0.000379739;0.000531554;0.00413707;0;0.068684
261.8;0.000422506;0.000422506;0.000584781;0.00462673;0;0.069721
261.9;0.000467262;0.000467262;0.000639222;0.00514806;0;0.069807
262;0.000515534;0.000515534;0.000693906;0.00570311;0;0.067209
262.1;0.000565289;0.000565289;0.00075009;0.00628985;0;0.06832
262.2;0.000617766;0.000617766;0.000807308;0.00691358;0;0.070325
262.3;0.000672987;0.000672987;0.000865354;0.00757177;0;0.080801
262.4;0.000730875;0.000730875;0.000924636;0.00826416;0;0.096784
262.5;0.000790634;0.000790634;0.000983723;0.00898755;0;0.117601
262.6;0.000850337;0.000850337;0.00104378;0.00974341;0;0.110359
262.7;0.000913095;0.000913095;0.00110276;0.0105294;0;0.105996
262.8;0.000979076;0.000979076;0.00116292;0.0113392;0;0.103776
262.9;0.00104557;0.00104557;0.00122521;0.0121611;0;0.099721
263;0.00111264;0.00111264;0.00128664;0.0129776;0;0.100256
263.1;0.00118363;0.00118363;0.00134873;0.0137875;0;0.100084
263.2;0.00125181;0.00125181;0.00141249;0.0145799;0;0.102217
263.3;0.00132055;0.00132055;0.00147548;0.01534;0;0.101279
263.4;0.00139085;0.00139085;0.00153749;0.0160679;0;0.099303
263.5;0.00146092;0.00146092;0.00159769;0.0167624;0;0.099167
263.6;0.00153081;0.00153081;0.0016599;0.0174247;0;0.099186
263.7;0.00160137;0.00160137;0.00172083;0.0180482;0;0.085588
263.8;0.00167629;0.00167629;0.00178244;0.0186302;0;0.071555
263.9;0.00175356;0.00175356;0.00184329;0.0191652;0;0.072058
264;0.00183189;0.00183189;0.00190265;0.0196505;0;0.068971
264.1;0.00191101;0.00191101;0.00196306;0.0200852;0;0.06953
264.2;0.00199084;0.00199084;0.0020227;0.020466;0;0.077777
264.3;0.00207155;0.00207155;0.00208182;0.0207915;0;0.095929
264.4;0.00215272;0.00215272;0.00213996;0.0210578;0;0.083403
264.5;0.00223368;0.00223368;0.00219663;0.0212585;0;0.069915
264.6;0.00231394;0.00231394;0.00225252;0.0213931;0;0.076401
264.7;0.00239336;0.00239336;0.00230528;0.0214484;0;0.068109
264.8;0.00246935;0.00246935;0.00235896;0.0214186;0;0.070034
264.9;0.00254436;0.00254436;0.00241171;0.0213082;0;0.071064
265;0.00261864;0.00261864;0.00246324;0.021119;0;0.06941
265.1;0.00269163;0.00269163;0.00251354;0.0208334;0;0.069779
265.2;0.00276273;0.00276273;0.00256229;0.0204955;0;0.069607
265.3;0.00283238;0.00283238;0.00260865;0.0200812;0;0.072048
265.4;0.00290101;0.00290101;0.00265439;0.0196001;0;0.068858
265.5;0.00296881;0.00296881;0.00269558;0.0190475;0;0.067813
265.6;0.0030346;0.0030346;0.00273586;0.0184363;0;0.069904
265.7;0.0030986;0.0030986;0.00277462;0.0177729;0;0.069518
265.8;0.0031614;0.0031614;0.0028102;0.017046;0;0.07049
265.9;0.00322367;0.00322367;0.00284278;0.0163003;0;0.067305
266;0.0032845;0.0032845;0.00287303;0.0155167;0;0.069347
266.1;0.00334393;0.00334393;0.00290028;0.0147055;0;0.069207
266.2;0.00340376;0.00340376;0.00292441;0.0138754;0;0.071022
266.3;0.00346127;0.00346127;0.00294532;0.0130358;0;0.069336
266.4;0.00351791;0.00351791;0.00296356;0.0122061;0;0.074312
266.5;0.00357515;0.00357515;0.00297812;0.0113714;0;0.067913
266.6;0.00363774;0.00363774;0.00299243;0.0105484;0;0.070059
266.7;0.00369463;0.00369463;0.00300507;0.00974738;0;0.067478
266.8;0.0037538;0.0037538;0.00301684;0.00897677;0;0.068624
266.9;0.00381419;0.00381419;0.00302756;0.00824311;0;0.069131
267;0.00387908;0.00387908;0.00303886;0.00755109;0;0.080003
267.1;0.00394393;0.00394393;0.00305066;0.0069059;0;0.096662
267.2;0.00401035;0.00401035;0.00306306;0.00630978;0;0.082533
267.3;0.00407755;0.00407755;0.00307773;0.00576351;0;0.067058
267.4;0.00414517;0.00414517;0.00309431;0.0052656;0;0.069805
267.5;0.00421435;0.00421435;0.00311382;0.00481588;0;0.067048
267.6;0.0042837;0.0042837;0.00313671;0.00441028;0;0.066441
267.7;0.00435404;0.00435404;0.00316262;0.00404854;0;0.066495
267.8;0.0044251;0.0044251;0.00319213;0.00373019;0;0.067621
267.9;0.00449653;0.00449653;0.00322505;0.00345449;0;0.07024
268;0.00456907;0.00456907;0.00326115;0.00322337;0;0.069271
268.1;0.00464229;0.00464229;0.00329963;0.00303866;0;0.069502
268.2;0.00471818;0.00471818;0.00334154;0.00289285;0;0.068423
268.3;0.0047954;0.0047954;0.00338676;0.00277796;0;0.076314
268.4;0.00487583;0.00487583;0.0034353;0.00272092;0;0.078679
268.5;0.00495738;0.00495738;0.0034867;0.00270885;0;0.068023
268.6;0.00504114;0.00504114;0.00354202;0.00273975;0;0.06695
268.7;0.00512684;0.00512684;0.00360032;0.00281571;0;0.073618
268.8;0.00521372;0.00521372;0.00366256;0.00293416;0;0.081399
268.9;0.00530056;0.00530056;0.00372874;0.00309501;0;0.068294
269;0.00538731;0.00538731;0.00379779;0.00329023;0;0.068459
269.1;0.0054749;0.0054749;0.00387096;0.0035142;0;0.072298
269.2;0.00556188;0.00556188;0.00394756;0.00376644;0;0.068175
269.3;0.00564984;0.00564984;0.00402691;0.00404743;0;0.074293
269.4;0.00573557;0.00573557;0.00410651;0.00435605;0;0.072924
269.5;0.0058206;0.0058206;0.00418993;0.00467829;0;0.069859
269.6;0.00590538;0.00590538;0.00427401;0.00505507;0;0.068235
269.7;0.00598975;0.00598975;0.00435829;0.00545928;0;0.069267
269.8;0.00607405;0.00607405;0.00444399;0.00588894;0;0.069583
269.9;0.00615811;0.00615811;0.00453025;0.00635381;0;0.068684
270;0.00624319;0.00624319;0.00461642;0.00685619;0;0.072979
270.1;2.35678e-06;2.35678e-06;2.89181e-06;4.06018e-05;0;0.103355
