$MeshFormat
4.1 0 8
$EndMeshFormat
$PhysicalNames
2
1 1 "Absorbing"
2 2 "Domain"
$EndPhysicalNames
$Entities
4 4 1 0
1 -50 -50 0 0 
2 50 -50 0 0 
3 50 50 0 0 
4 -50 50 0 0 
1 -50 -50 0 50 -50 0 1 1 2 1 -2 
2 50 -50 0 50 50 0 1 1 2 2 -3 
3 -50 50 0 50 50 0 1 1 2 3 -4 
4 -50 -50 0 -50 50 0 1 1 2 4 -1 
1 -50 -50 0 50 50 0 1 2 4 1 2 3 4 
$EndEntities
$Nodes
9 7593 1 7593
0 1 0 1
1
-50 -50 0
0 2 0 1
2
50 -50 0
0 3 0 1
3
50 50 0
0 4 0 1
4
-50 50 0
1 1 0 79
5
6
7
8
9
10
11
12
13
14
15
16
17
18
19
20
21
22
23
24
25
26
27
28
29
30
31
32
33
34
35
36
37
38
39
40
41
42
43
44
45
46
47
48
49
50
51
52
53
54
55
56
57
58
59
60
61
62
63
64
65
66
67
68
69
70
71
72
73
74
75
76
77
78
79
80
81
82
83
-47.50000000000423 -50 0
-45.00000000000846 -50 0
-42.5000000000127 -50 0
-40.00000000001693 -50 0
-37.50000000002255 -50 0
-35.00000000004316 -50 0
-32.50000000006516 -50 0
-30.00000000008132 -50 0
-27.50000000009444 -50 0
-25.00000000010755 -50 0
-22.50000000012067 -50 0
-20.00000000013378 -50 0
-17.50000000014384 -50 0
-15.00000000014808 -50 0
-12.50000000015231 -50 0
-10.00000000015654 -50 0
-7.500000000160767 -50 0
-5.000000000165002 -50 0
-2.500000000169237 -50 0
-1.734719035084709e-10 -50 0
2.4999999998223 -50 0
4.999999999818058 -50 0
7.499999999813831 -50 0
9.999999999809603 -50 0
12.49999999980537 -50 0
14.99999999981057 -50 0
17.4999999998241 -50 0
19.99999999983764 -50 0
22.49999999985117 -50 0
24.9999999998647 -50 0
27.49999999987823 -50 0
29.99999999989176 -50 0
32.49999999990528 -50 0
34.99999999991881 -50 0
37.49999999993236 -50 0
39.99999999994589 -50 0
42.49999999995941 -50 0
44.99999999997296 -50 0
47.49999999998647 -50 0
-48.75000000000177 -50 0
-46.25000000000642 -50 0
-43.75000000001117 -50 0
-41.25000000001481 -50 0
-38.7500000000196 -50 0
-36.25000000003318 -50 0
-33.75000000005387 -50 0
-31.25000000007394 -50 0
-28.75000000008803 -50 0
-26.25000000010104 -50 0
-23.75000000011399 -50 0
-21.25000000012722 -50 0
-18.75000000013845 -50 0
-16.25000000014626 -50 0
-13.75000000015019 -50 0
-11.25000000015442 -50 0
-8.750000000158408 -50 0
-6.250000000163283 -50 0
-3.75000000016712 -50 0
-1.250000000171518 -50 0
1.249999999824944 -50 0
3.749999999819998 -50 0
6.249999999816055 -50 0
8.749999999811664 -50 0
11.24999999980768 -50 0
13.74999999980818 -50 0
16.24999999981705 -50 0
18.74999999983169 -50 0
21.24999999984489 -50 0
23.74999999985876 -50 0
26.24999999987278 -50 0
28.74999999988341 -50 0
31.24999999990041 -50 0
33.7499999999124 -50 0
36.24999999992498 -50 0
38.74999999994043 -50 0
41.24999999995232 -50 0
43.74999999996574 -50 0
46.24999999997989 -50 0
48.74999999999164 -50 0
1 2 0 79
84
85
86
87
88
89
90
91
92
93
94
95
96
97
98
99
100
101
102
103
104
105
106
107
108
109
110
111
112
113
114
115
116
117
118
119
120
121
122
123
124
125
126
127
128
129
130
131
132
133
134
135
136
137
138
139
140
141
142
143
144
145
146
147
148
149
150
151
152
153
154
155
156
157
158
159
160
161
162
50 -47.50000000000423 0
50 -45.00000000000846 0
50 -42.5000000000127 0
50 -40.00000000001693 0
50 -37.50000000002255 0
50 -35.00000000004316 0
50 -32.50000000006516 0
50 -30.00000000008132 0
50 -27.50000000009444 0
50 -25.00000000010755 0
50 -22.50000000012067 0
50 -20.00000000013378 0
50 -17.50000000014384 0
50 -15.00000000014808 0
50 -12.50000000015231 0
50 -10.00000000015654 0
50 -7.500000000160767 0
50 -5.000000000165002 0
50 -2.500000000169237 0
50 -1.734719035084709e-10 0
50 2.4999999998223 0
50 4.999999999818058 0
50 7.499999999813831 0
50 9.999999999809603 0
50 12.49999999980537 0
50 14.99999999981057 0
50 17.4999999998241 0
50 19.99999999983764 0
50 22.49999999985117 0
50 24.9999999998647 0
50 27.49999999987823 0
50 29.99999999989176 0
50 32.49999999990528 0
50 34.99999999991881 0
50 37.49999999993236 0
50 39.99999999994589 0
50 42.49999999995941 0
50 44.99999999997296 0
50 47.49999999998647 0
50 -48.75000000000177 0
50 -46.25000000000642 0
50 -43.75000000001117 0
50 -41.25000000001481 0
50 -38.7500000000196 0
50 -36.25000000003318 0
50 -33.75000000005387 0
50 -31.25000000007394 0
50 -28.75000000008803 0
50 -26.25000000010104 0
50 -23.75000000011399 0
50 -21.25000000012722 0
50 -18.75000000013845 0
50 -16.25000000014626 0
50 -13.75000000015019 0
50 -11.25000000015442 0
50 -8.750000000158408 0
50 -6.250000000163283 0
50 -3.75000000016712 0
50 -1.250000000171518 0
50 1.249999999824944 0
50 3.749999999819998 0
50 6.249999999816055 0
50 8.749999999811664 0
50 11.24999999980768 0
50 13.74999999980818 0
50 16.24999999981705 0
50 18.74999999983169 0
50 21.24999999984489 0
50 23.74999999985876 0
50 26.24999999987278 0
50 28.74999999988341 0
50 31.24999999990041 0
50 33.7499999999124 0
50 36.24999999992498 0
50 38.74999999994043 0
50 41.24999999995232 0
50 43.74999999996574 0
50 46.24999999997989 0
50 48.74999999999164 0
1 3 0 79
163
164
165
166
167
168
169
170
171
172
173
174
175
176
177
178
179
180
181
182
183
184
185
186
187
188
189
190
191
192
193
194
195
196
197
198
199
200
201
202
203
204
205
206
207
208
209
210
211
212
213
214
215
216
217
218
219
220
221
222
223
224
225
226
227
228
229
230
231
232
233
234
235
236
237
238
239
240
241
47.50000000000423 50 0
45.00000000000846 50 0
42.5000000000127 50 0
40.00000000001693 50 0
37.50000000002255 50 0
35.00000000004316 50 0
32.50000000006516 50 0
30.00000000008132 50 0
27.50000000009444 50 0
25.00000000010755 50 0
22.50000000012067 50 0
20.00000000013378 50 0
17.50000000014384 50 0
15.00000000014808 50 0
12.50000000015231 50 0
10.00000000015654 50 0
7.500000000160767 50 0
5.000000000165002 50 0
2.500000000169237 50 0
1.734719035084709e-10 50 0
-2.4999999998223 50 0
-4.999999999818058 50 0
-7.499999999813831 50 0
-9.999999999809603 50 0
-12.49999999980537 50 0
-14.99999999981057 50 0
-17.4999999998241 50 0
-19.99999999983764 50 0
-22.49999999985117 50 0
-24.9999999998647 50 0
-27.49999999987823 50 0
-29.99999999989176 50 0
-32.49999999990528 50 0
-34.99999999991881 50 0
-37.49999999993236 50 0
-39.99999999994589 50 0
-42.49999999995941 50 0
-44.99999999997296 50 0
-47.49999999998647 50 0
48.75000000000177 50 0
46.25000000000642 50 0
43.75000000001117 50 0
41.25000000001481 50 0
38.7500000000196 50 0
36.25000000003318 50 0
33.75000000005387 50 0
31.25000000007394 50 0
28.75000000008803 50 0
26.25000000010104 50 0
23.75000000011399 50 0
21.25000000012722 50 0
18.75000000013845 50 0
16.25000000014626 50 0
13.75000000015019 50 0
11.25000000015442 50 0
8.750000000158408 50 0
6.250000000163283 50 0
3.75000000016712 50 0
1.250000000171518 50 0
-1.249999999824944 50 0
-3.749999999819998 50 0
-6.249999999816055 50 0
-8.749999999811664 50 0
-11.24999999980768 50 0
-13.74999999980818 50 0
-16.24999999981705 50 0
-18.74999999983169 50 0
-21.24999999984489 50 0
-23.74999999985876 50 0
-26.24999999987278 50 0
-28.74999999988341 50 0
-31.24999999990041 50 0
-33.7499999999124 50 0
-36.24999999992498 50 0
-38.74999999994043 50 0
-41.24999999995232 50 0
-43.74999999996574 50 0
-46.24999999997989 50 0
-48.74999999999164 50 0
1 4 0 79
242
243
244
245
246
247
248
249
250
251
252
253
254
255
256
257
258
259
260
261
262
263
264
265
266
267
268
269
270
271
272
273
274
275
276
277
278
279
280
281
282
283
284
285
286
287
288
289
290
291
292
293
294
295
296
297
298
299
300
301
302
303
304
305
306
307
308
309
310
311
312
313
314
315
316
317
318
319
320
-50 47.50000000000423 0
-50 45.00000000000846 0
-50 42.5000000000127 0
-50 40.00000000001693 0
-50 37.50000000002255 0
-50 35.00000000004316 0
-50 32.50000000006516 0
-50 30.00000000008132 0
-50 27.50000000009444 0
-50 25.00000000010755 0
-50 22.50000000012067 0
-50 20.00000000013378 0
-50 17.50000000014384 0
-50 15.00000000014808 0
-50 12.50000000015231 0
-50 10.00000000015654 0
-50 7.500000000160767 0
-50 5.000000000165002 0
-50 2.500000000169237 0
-50 1.734719035084709e-10 0
-50 -2.4999999998223 0
-50 -4.999999999818058 0
-50 -7.499999999813831 0
-50 -9.999999999809603 0
-50 -12.49999999980537 0
-50 -14.99999999981057 0
-50 -17.4999999998241 0
-50 -19.99999999983764 0
-50 -22.49999999985117 0
-50 -24.9999999998647 0
-50 -27.49999999987823 0
-50 -29.99999999989176 0
-50 -32.49999999990528 0
-50 -34.99999999991881 0
-50 -37.49999999993236 0
-50 -39.99999999994589 0
-50 -42.49999999995941 0
-50 -44.99999999997296 0
-50 -47.49999999998647 0
-50 48.75000000000177 0
-50 46.25000000000642 0
-50 43.75000000001117 0
-50 41.25000000001481 0
-50 38.7500000000196 0
-50 36.25000000003318 0
-50 33.75000000005387 0
-50 31.25000000007394 0
-50 28.75000000008803 0
-50 26.25000000010104 0
-50 23.75000000011399 0
-50 21.25000000012722 0
-50 18.75000000013845 0
-50 16.25000000014626 0
-50 13.75000000015019 0
-50 11.25000000015442 0
-50 8.750000000158408 0
-50 6.250000000163283 0
-50 3.75000000016712 0
-50 1.250000000171518 0
-50 -1.249999999824944 0
-50 -3.749999999819998 0
-50 -6.249999999816055 0
-50 -8.749999999811664 0
-50 -11.24999999980768 0
-50 -13.74999999980818 0
-50 -16.24999999981705 0
-50 -18.74999999983169 0
-50 -21.24999999984489 0
-50 -23.74999999985876 0
-50 -26.24999999987278 0
-50 -28.74999999988341 0
-50 -31.24999999990041 0
-50 -33.7499999999124 0
-50 -36.24999999992498 0
-50 -38.74999999994043 0
-50 -41.24999999995232 0
-50 -43.74999999996574 0
-50 -46.24999999997989 0
-50 -48.74999999999164 0
2 1 0 7273
321
322
323
324
325
326
327
328
329
330
331
332
333
334
335
336
337
338
339
340
341
342
343
344
345
346
347
348
349
350
351
352
353
354
355
356
357
358
359
360
361
362
363
364
365
366
367
368
369
370
371
372
373
374
375
376
377
378
379
380
381
382
383
384
385
386
387
388
389
390
391
392
393
394
395
396
397
398
399
400
401
402
403
404
405
406
407
408
409
410
411
412
413
414
415
416
417
418
419
420
421
422
423
424
425
426
427
428
429
430
431
432
433
434
435
436
437
438
439
440
441
442
443
444
445
446
447
448
449
450
451
452
453
454
455
456
457
458
459
460
461
462
463
464
465
466
467
468
469
470
471
472
473
474
475
476
477
478
479
480
481
482
483
484
485
486
487
488
489
490
491
492
493
494
495
496
497
498
499
500
501
502
503
504
505
506
507
508
509
510
511
512
513
514
515
516
517
518
519
520
521
522
523
524
525
526
527
528
529
530
531
532
533
534
535
536
537
538
539
540
541
542
543
544
545
546
547
548
549
550
551
552
553
554
555
556
557
558
559
560
561
562
563
564
565
566
567
568
569
570
571
572
573
574
575
576
577
578
579
580
581
582
583
584
585
586
587
588
589
590
591
592
593
594
595
596
597
598
599
600
601
602
603
604
605
606
607
608
609
610
611
612
613
614
615
616
617
618
619
620
621
622
623
624
625
626
627
628
629
630
631
632
633
634
635
636
637
638
639
640
641
642
643
644
645
646
647
648
649
650
651
652
653
654
655
656
657
658
659
660
661
662
663
664
665
666
667
668
669
670
671
672
673
674
675
676
677
678
679
680
681
682
683
684
685
686
687
688
689
690
691
692
693
694
695
696
697
698
699
700
701
702
703
704
705
706
707
708
709
710
711
712
713
714
715
716
717
718
719
720
721
722
723
724
725
726
727
728
729
730
731
732
733
734
735
736
737
738
739
740
741
742
743
744
745
746
747
748
749
750
751
752
753
754
755
756
757
758
759
760
761
762
763
764
765
766
767
768
769
770
771
772
773
774
775
776
777
778
779
780
781
782
783
784
785
786
787
788
789
790
791
792
793
794
795
796
797
798
799
800
801
802
803
804
805
806
807
808
809
810
811
812
813
814
815
816
817
818
819
820
821
822
823
824
825
826
827
828
829
830
831
832
833
834
835
836
837
838
839
840
841
842
843
844
845
846
847
848
849
850
851
852
853
854
855
856
857
858
859
860
861
862
863
864
865
866
867
868
869
870
871
872
873
874
875
876
877
878
879
880
881
882
883
884
885
886
887
888
889
890
891
892
893
894
895
896
897
898
899
900
901
902
903
904
905
906
907
908
909
910
911
912
913
914
915
916
917
918
919
920
921
922
923
924
925
926
927
928
929
930
931
932
933
934
935
936
937
938
939
940
941
942
943
944
945
946
947
948
949
950
951
952
953
954
955
956
957
958
959
960
961
962
963
964
965
966
967
968
969
970
971
972
973
974
975
976
977
978
979
980
981
982
983
984
985
986
987
988
989
990
991
992
993
994
995
996
997
998
999
1000
1001
1002
1003
1004
1005
1006
1007
1008
1009
1010
1011
1012
1013
1014
1015
1016
1017
1018
1019
1020
1021
1022
1023
1024
1025
1026
1027
1028
1029
1030
1031
1032
1033
1034
1035
1036
1037
1038
1039
1040
1041
1042
1043
1044
1045
1046
1047
1048
1049
1050
1051
1052
1053
1054
1055
1056
1057
1058
1059
1060
1061
1062
1063
1064
1065
1066
1067
1068
1069
1070
1071
1072
1073
1074
1075
1076
1077
1078
1079
1080
1081
1082
1083
1084
1085
1086
1087
1088
1089
1090
1091
1092
1093
1094
1095
1096
1097
1098
1099
1100
1101
1102
1103
1104
1105
1106
1107
1108
1109
1110
1111
1112
1113
1114
1115
1116
1117
1118
1119
1120
1121
1122
1123
1124
1125
1126
1127
1128
1129
1130
1131
1132
1133
1134
1135
1136
1137
1138
1139
1140
1141
1142
1143
1144
1145
1146
1147
1148
1149
1150
1151
1152
1153
1154
1155
1156
1157
1158
1159
1160
1161
1162
1163
1164
1165
1166
1167
1168
1169
1170
1171
1172
1173
1174
1175
1176
1177
1178
1179
1180
1181
1182
1183
1184
1185
1186
1187
1188
1189
1190
1191
1192
1193
1194
1195
1196
1197
1198
1199
1200
1201
1202
1203
1204
1205
1206
1207
1208
1209
1210
1211
1212
1213
1214
1215
1216
1217
1218
1219
1220
1221
1222
1223
1224
1225
1226
1227
1228
1229
1230
1231
1232
1233
1234
1235
1236
1237
1238
1239
1240
1241
1242
1243
1244
1245
1246
1247
1248
1249
1250
1251
1252
1253
1254
1255
1256
1257
1258
1259
1260
1261
1262
1263
1264
1265
1266
1267
1268
1269
1270
1271
1272
1273
1274
1275
1276
1277
1278
1279
1280
1281
1282
1283
1284
1285
1286
1287
1288
1289
1290
1291
1292
1293
1294
1295
1296
1297
1298
1299
1300
1301
1302
1303
1304
1305
1306
1307
1308
1309
1310
1311
1312
1313
1314
1315
1316
1317
1318
1319
1320
1321
1322
1323
1324
1325
1326
1327
1328
1329
1330
1331
1332
1333
1334
1335
1336
1337
1338
1339
1340
1341
1342
1343
1344
1345
1346
1347
1348
1349
1350
1351
1352
1353
1354
1355
1356
1357
1358
1359
1360
1361
1362
1363
1364
1365
1366
1367
1368
1369
1370
1371
1372
1373
1374
1375
1376
1377
1378
1379
1380
1381
1382
1383
1384
1385
1386
1387
1388
1389
1390
1391
1392
1393
1394
1395
1396
1397
1398
1399
1400
1401
1402
1403
1404
1405
1406
1407
1408
1409
1410
1411
1412
1413
1414
1415
1416
1417
1418
1419
1420
1421
1422
1423
1424
1425
1426
1427
1428
1429
1430
1431
1432
1433
1434
1435
1436
1437
1438
1439
1440
1441
1442
1443
1444
1445
1446
1447
1448
1449
1450
1451
1452
1453
1454
1455
1456
1457
1458
1459
1460
1461
1462
1463
1464
1465
1466
1467
1468
1469
1470
1471
1472
1473
1474
1475
1476
1477
1478
1479
1480
1481
1482
1483
1484
1485
1486
1487
1488
1489
1490
1491
1492
1493
1494
1495
1496
1497
1498
1499
1500
1501
1502
1503
1504
1505
1506
1507
1508
1509
1510
1511
1512
1513
1514
1515
1516
1517
1518
1519
1520
1521
1522
1523
1524
1525
1526
1527
1528
1529
1530
1531
1532
1533
1534
1535
1536
1537
1538
1539
1540
1541
1542
1543
1544
1545
1546
1547
1548
1549
1550
1551
1552
1553
1554
1555
1556
1557
1558
1559
1560
1561
1562
1563
1564
1565
1566
1567
1568
1569
1570
1571
1572
1573
1574
1575
1576
1577
1578
1579
1580
1581
1582
1583
1584
1585
1586
1587
1588
1589
1590
1591
1592
1593
1594
1595
1596
1597
1598
1599
1600
1601
1602
1603
1604
1605
1606
1607
1608
1609
1610
1611
1612
1613
1614
1615
1616
1617
1618
1619
1620
1621
1622
1623
1624
1625
1626
1627
1628
1629
1630
1631
1632
1633
1634
1635
1636
1637
1638
1639
1640
1641
1642
1643
1644
1645
1646
1647
1648
1649
1650
1651
1652
1653
1654
1655
1656
1657
1658
1659
1660
1661
1662
1663
1664
1665
1666
1667
1668
1669
1670
1671
1672
1673
1674
1675
1676
1677
1678
1679
1680
1681
1682
1683
1684
1685
1686
1687
1688
1689
1690
1691
1692
1693
1694
1695
1696
1697
1698
1699
1700
1701
1702
1703
1704
1705
1706
1707
1708
1709
1710
1711
1712
1713
1714
1715
1716
1717
1718
1719
1720
1721
1722
1723
1724
1725
1726
1727
1728
1729
1730
1731
1732
1733
1734
1735
1736
1737
1738
1739
1740
1741
1742
1743
1744
1745
1746
1747
1748
1749
1750
1751
1752
1753
1754
1755
1756
1757
1758
1759
1760
1761
1762
1763
1764
1765
1766
1767
1768
1769
1770
1771
1772
1773
1774
1775
1776
1777
1778
1779
1780
1781
1782
1783
1784
1785
1786
1787
1788
1789
1790
1791
1792
1793
1794
1795
1796
1797
1798
1799
1800
1801
1802
1803
1804
1805
1806
1807
1808
1809
1810
1811
1812
1813
1814
1815
1816
1817
1818
1819
1820
1821
1822
1823
1824
1825
1826
1827
1828
1829
1830
1831
1832
1833
1834
1835
1836
1837
1838
1839
1840
1841
1842
1843
1844
1845
1846
1847
1848
1849
1850
1851
1852
1853
1854
1855
1856
1857
1858
1859
1860
1861
1862
1863
1864
1865
1866
1867
1868
1869
1870
1871
1872
1873
1874
1875
1876
1877
1878
1879
1880
1881
1882
1883
1884
1885
1886
1887
1888
1889
1890
1891
1892
1893
1894
1895
1896
1897
1898
1899
1900
1901
1902
1903
1904
1905
1906
1907
1908
1909
1910
1911
1912
1913
1914
1915
1916
1917
1918
1919
1920
1921
1922
1923
1924
1925
1926
1927
1928
1929
1930
1931
1932
1933
1934
1935
1936
1937
1938
1939
1940
1941
1942
1943
1944
1945
1946
1947
1948
1949
1950
1951
1952
1953
1954
1955
1956
1957
1958
1959
1960
1961
1962
1963
1964
1965
1966
1967
1968
1969
1970
1971
1972
1973
1974
1975
1976
1977
1978
1979
1980
1981
1982
1983
1984
1985
1986
1987
1988
1989
1990
1991
1992
1993
1994
1995
1996
1997
1998
1999
2000
2001
2002
2003
2004
2005
2006
2007
2008
2009
2010
2011
2012
2013
2014
2015
2016
2017
2018
2019
2020
2021
2022
2023
2024
2025
2026
2027
2028
2029
2030
2031
2032
2033
2034
2035
2036
2037
2038
2039
2040
2041
2042
2043
2044
2045
2046
2047
2048
2049
2050
2051
2052
2053
2054
2055
2056
2057
2058
2059
2060
2061
2062
2063
2064
2065
2066
2067
2068
2069
2070
2071
2072
2073
2074
2075
2076
2077
2078
2079
2080
2081
2082
2083
2084
2085
2086
2087
2088
2089
2090
2091
2092
2093
2094
2095
2096
2097
2098
2099
2100
2101
2102
2103
2104
2105
2106
2107
2108
2109
2110
2111
2112
2113
2114
2115
2116
2117
2118
2119
2120
2121
2122
2123
2124
2125
2126
2127
2128
2129
2130
2131
2132
2133
2134
2135
2136
2137
2138
2139
2140
2141
2142
2143
2144
2145
2146
2147
2148
2149
2150
2151
2152
2153
2154
2155
2156
2157
2158
2159
2160
2161
2162
2163
2164
2165
2166
2167
2168
2169
2170
2171
2172
2173
2174
2175
2176
2177
2178
2179
2180
2181
2182
2183
2184
2185
2186
2187
2188
2189
2190
2191
2192
2193
2194
2195
2196
2197
2198
2199
2200
2201
2202
2203
2204
2205
2206
2207
2208
2209
2210
2211
2212
2213
2214
2215
2216
2217
2218
2219
2220
2221
2222
2223
2224
2225
2226
2227
2228
2229
2230
2231
2232
2233
2234
2235
2236
2237
2238
2239
2240
2241
2242
2243
2244
2245
2246
2247
2248
2249
2250
2251
2252
2253
2254
2255
2256
2257
2258
2259
2260
2261
2262
2263
2264
2265
2266
2267
2268
2269
2270
2271
2272
2273
2274
2275
2276
2277
2278
2279
2280
2281
2282
2283
2284
2285
2286
2287
2288
2289
2290
2291
2292
2293
2294
2295
2296
2297
2298
2299
2300
2301
2302
2303
2304
2305
2306
2307
2308
2309
2310
2311
2312
2313
2314
2315
2316
2317
2318
2319
2320
2321
2322
2323
2324
2325
2326
2327
2328
2329
2330
2331
2332
2333
2334
2335
2336
2337
2338
2339
2340
2341
2342
2343
2344
2345
2346
2347
2348
2349
2350
2351
2352
2353
2354
2355
2356
2357
2358
2359
2360
2361
2362
2363
2364
2365
2366
2367
2368
2369
2370
2371
2372
2373
2374
2375
2376
2377
2378
2379
2380
2381
2382
2383
2384
2385
2386
2387
2388
2389
2390
2391
2392
2393
2394
2395
2396
2397
2398
2399
2400
2401
2402
2403
2404
2405
2406
2407
2408
2409
2410
2411
2412
2413
2414
2415
2416
2417
2418
2419
2420
2421
2422
2423
2424
2425
2426
2427
2428
2429
2430
2431
2432
2433
2434
2435
2436
2437
2438
2439
2440
2441
2442
2443
2444
2445
2446
2447
2448
2449
2450
2451
2452
2453
2454
2455
2456
2457
2458
2459
2460
2461
2462
2463
2464
2465
2466
2467
2468
2469
2470
2471
2472
2473
2474
2475
2476
2477
2478
2479
2480
2481
2482
2483
2484
2485
2486
2487
2488
2489
2490
2491
2492
2493
2494
2495
2496
2497
2498
2499
2500
2501
2502
2503
2504
2505
2506
2507
2508
2509
2510
2511
2512
2513
2514
2515
2516
2517
2518
2519
2520
2521
2522
2523
2524
2525
2526
2527
2528
2529
2530
2531
2532
2533
2534
2535
2536
2537
2538
2539
2540
2541
2542
2543
2544
2545
2546
2547
2548
2549
2550
2551
2552
2553
2554
2555
2556
2557
2558
2559
2560
2561
2562
2563
2564
2565
2566
2567
2568
2569
2570
2571
2572
2573
2574
2575
2576
2577
2578
2579
2580
2581
2582
2583
2584
2585
2586
2587
2588
2589
2590
2591
2592
2593
2594
2595
2596
2597
2598
2599
2600
2601
2602
2603
2604
2605
2606
2607
2608
2609
2610
2611
2612
2613
2614
2615
2616
2617
2618
2619
2620
2621
2622
2623
2624
2625
2626
2627
2628
2629
2630
2631
2632
2633
2634
2635
2636
2637
2638
2639
2640
2641
2642
2643
2644
2645
2646
2647
2648
2649
2650
2651
2652
2653
2654
2655
2656
2657
2658
2659
2660
2661
2662
2663
2664
2665
2666
2667
2668
2669
2670
2671
2672
2673
2674
2675
2676
2677
2678
2679
2680
2681
2682
2683
2684
2685
2686
2687
2688
2689
2690
2691
2692
2693
2694
2695
2696
2697
2698
2699
2700
2701
2702
2703
2704
2705
2706
2707
2708
2709
2710
2711
2712
2713
2714
2715
2716
2717
2718
2719
2720
2721
2722
2723
2724
2725
2726
2727
2728
2729
2730
2731
2732
2733
2734
2735
2736
2737
2738
2739
2740
2741
2742
2743
2744
2745
2746
2747
2748
2749
2750
2751
2752
2753
2754
2755
2756
2757
2758
2759
2760
2761
2762
2763
2764
2765
2766
2767
2768
2769
2770
2771
2772
2773
2774
2775
2776
2777
2778
2779
2780
2781
2782
2783
2784
2785
2786
2787
2788
2789
2790
2791
2792
2793
2794
2795
2796
2797
2798
2799
2800
2801
2802
2803
2804
2805
2806
2807
2808
2809
2810
2811
2812
2813
2814
2815
2816
2817
2818
2819
2820
2821
2822
2823
2824
2825
2826
2827
2828
2829
2830
2831
2832
2833
2834
2835
2836
2837
2838
2839
2840
2841
2842
2843
2844
2845
2846
2847
2848
2849
2850
2851
2852
2853
2854
2855
2856
2857
2858
2859
2860
2861
2862
2863
2864
2865
2866
2867
2868
2869
2870
2871
2872
2873
2874
2875
2876
2877
2878
2879
2880
2881
2882
2883
2884
2885
2886
2887
2888
2889
2890
2891
2892
2893
2894
2895
2896
2897
2898
2899
2900
2901
2902
2903
2904
2905
2906
2907
2908
2909
2910
2911
2912
2913
2914
2915
2916
2917
2918
2919
2920
2921
2922
2923
2924
2925
2926
2927
2928
2929
2930
2931
2932
2933
2934
2935
2936
2937
2938
2939
2940
2941
2942
2943
2944
2945
2946
2947
2948
2949
2950
2951
2952
2953
2954
2955
2956
2957
2958
2959
2960
2961
2962
2963
2964
2965
2966
2967
2968
2969
2970
2971
2972
2973
2974
2975
2976
2977
2978
2979
2980
2981
2982
2983
2984
2985
2986
2987
2988
2989
2990
2991
2992
2993
2994
2995
2996
2997
2998
2999
3000
3001
3002
3003
3004
3005
3006
3007
3008
3009
3010
3011
3012
3013
3014
3015
3016
3017
3018
3019
3020
3021
3022
3023
3024
3025
3026
3027
3028
3029
3030
3031
3032
3033
3034
3035
3036
3037
3038
3039
3040
3041
3042
3043
3044
3045
3046
3047
3048
3049
3050
3051
3052
3053
3054
3055
3056
3057
3058
3059
3060
3061
3062
3063
3064
3065
3066
3067
3068
3069
3070
3071
3072
3073
3074
3075
3076
3077
3078
3079
3080
3081
3082
3083
3084
3085
3086
3087
3088
3089
3090
3091
3092
3093
3094
3095
3096
3097
3098
3099
3100
3101
3102
3103
3104
3105
3106
3107
3108
3109
3110
3111
3112
3113
3114
3115
3116
3117
3118
3119
3120
3121
3122
3123
3124
3125
3126
3127
3128
3129
3130
3131
3132
3133
3134
3135
3136
3137
3138
3139
3140
3141
3142
3143
3144
3145
3146
3147
3148
3149
3150
3151
3152
3153
3154
3155
3156
3157
3158
3159
3160
3161
3162
3163
3164
3165
3166
3167
3168
3169
3170
3171
3172
3173
3174
3175
3176
3177
3178
3179
3180
3181
3182
3183
3184
3185
3186
3187
3188
3189
3190
3191
3192
3193
3194
3195
3196
3197
3198
3199
3200
3201
3202
3203
3204
3205
3206
3207
3208
3209
3210
3211
3212
3213
3214
3215
3216
3217
3218
3219
3220
3221
3222
3223
3224
3225
3226
3227
3228
3229
3230
3231
3232
3233
3234
3235
3236
3237
3238
3239
3240
3241
3242
3243
3244
3245
3246
3247
3248
3249
3250
3251
3252
3253
3254
3255
3256
3257
3258
3259
3260
3261
3262
3263
3264
3265
3266
3267
3268
3269
3270
3271
3272
3273
3274
3275
3276
3277
3278
3279
3280
3281
3282
3283
3284
3285
3286
3287
3288
3289
3290
3291
3292
3293
3294
3295
3296
3297
3298
3299
3300
3301
3302
3303
3304
3305
3306
3307
3308
3309
3310
3311
3312
3313
3314
3315
3316
3317
3318
3319
3320
3321
3322
3323
3324
3325
3326
3327
3328
3329
3330
3331
3332
3333
3334
3335
3336
3337
3338
3339
3340
3341
3342
3343
3344
3345
3346
3347
3348
3349
3350
3351
3352
3353
3354
3355
3356
3357
3358
3359
3360
3361
3362
3363
3364
3365
3366
3367
3368
3369
3370
3371
3372
3373
3374
3375
3376
3377
3378
3379
3380
3381
3382
3383
3384
3385
3386
3387
3388
3389
3390
3391
3392
3393
3394
3395
3396
3397
3398
3399
3400
3401
3402
3403
3404
3405
3406
3407
3408
3409
3410
3411
3412
3413
3414
3415
3416
3417
3418
3419
3420
3421
3422
3423
3424
3425
3426
3427
3428
3429
3430
3431
3432
3433
3434
3435
3436
3437
3438
3439
3440
3441
3442
3443
3444
3445
3446
3447
3448
3449
3450
3451
3452
3453
3454
3455
3456
3457
3458
3459
3460
3461
3462
3463
3464
3465
3466
3467
3468
3469
3470
3471
3472
3473
3474
3475
3476
3477
3478
3479
3480
3481
3482
3483
3484
3485
3486
3487
3488
3489
3490
3491
3492
3493
3494
3495
3496
3497
3498
3499
3500
3501
3502
3503
3504
3505
3506
3507
3508
3509
3510
3511
3512
3513
3514
3515
3516
3517
3518
3519
3520
3521
3522
3523
3524
3525
3526
3527
3528
3529
3530
3531
3532
3533
3534
3535
3536
3537
3538
3539
3540
3541
3542
3543
3544
3545
3546
3547
3548
3549
3550
3551
3552
3553
3554
3555
3556
3557
3558
3559
3560
3561
3562
3563
3564
3565
3566
3567
3568
3569
3570
3571
3572
3573
3574
3575
3576
3577
3578
3579
3580
3581
3582
3583
3584
3585
3586
3587
3588
3589
3590
3591
3592
3593
3594
3595
3596
3597
3598
3599
3600
3601
3602
3603
3604
3605
3606
3607
3608
3609
3610
3611
3612
3613
3614
3615
3616
3617
3618
3619
3620
3621
3622
3623
3624
3625
3626
3627
3628
3629
3630
3631
3632
3633
3634
3635
3636
3637
3638
3639
3640
3641
3642
3643
3644
3645
3646
3647
3648
3649
3650
3651
3652
3653
3654
3655
3656
3657
3658
3659
3660
3661
3662
3663
3664
3665
3666
3667
3668
3669
3670
3671
3672
3673
3674
3675
3676
3677
3678
3679
3680
3681
3682
3683
3684
3685
3686
3687
3688
3689
3690
3691
3692
3693
3694
3695
3696
3697
3698
3699
3700
3701
3702
3703
3704
3705
3706
3707
3708
3709
3710
3711
3712
3713
3714
3715
3716
3717
3718
3719
3720
3721
3722
3723
3724
3725
3726
3727
3728
3729
3730
3731
3732
3733
3734
3735
3736
3737
3738
3739
3740
3741
3742
3743
3744
3745
3746
3747
3748
3749
3750
3751
3752
3753
3754
3755
3756
3757
3758
3759
3760
3761
3762
3763
3764
3765
3766
3767
3768
3769
3770
3771
3772
3773
3774
3775
3776
3777
3778
3779
3780
3781
3782
3783
3784
3785
3786
3787
3788
3789
3790
3791
3792
3793
3794
3795
3796
3797
3798
3799
3800
3801
3802
3803
3804
3805
3806
3807
3808
3809
3810
3811
3812
3813
3814
3815
3816
3817
3818
3819
3820
3821
3822
3823
3824
3825
3826
3827
3828
3829
3830
3831
3832
3833
3834
3835
3836
3837
3838
3839
3840
3841
3842
3843
3844
3845
3846
3847
3848
3849
3850
3851
3852
3853
3854
3855
3856
3857
3858
3859
3860
3861
3862
3863
3864
3865
3866
3867
3868
3869
3870
3871
3872
3873
3874
3875
3876
3877
3878
3879
3880
3881
3882
3883
3884
3885
3886
3887
3888
3889
3890
3891
3892
3893
3894
3895
3896
3897
3898
3899
3900
3901
3902
3903
3904
3905
3906
3907
3908
3909
3910
3911
3912
3913
3914
3915
3916
3917
3918
3919
3920
3921
3922
3923
3924
3925
3926
3927
3928
3929
3930
3931
3932
3933
3934
3935
3936
3937
3938
3939
3940
3941
3942
3943
3944
3945
3946
3947
3948
3949
3950
3951
3952
3953
3954
3955
3956
3957
3958
3959
3960
3961
3962
3963
3964
3965
3966
3967
3968
3969
3970
3971
3972
3973
3974
3975
3976
3977
3978
3979
3980
3981
3982
3983
3984
3985
3986
3987
3988
3989
3990
3991
3992
3993
3994
3995
3996
3997
3998
3999
4000
4001
4002
4003
4004
4005
4006
4007
4008
4009
4010
4011
4012
4013
4014
4015
4016
4017
4018
4019
4020
4021
4022
4023
4024
4025
4026
4027
4028
4029
4030
4031
4032
4033
4034
4035
4036
4037
4038
4039
4040
4041
4042
4043
4044
4045
4046
4047
4048
4049
4050
4051
4052
4053
4054
4055
4056
4057
4058
4059
4060
4061
4062
4063
4064
4065
4066
4067
4068
4069
4070
4071
4072
4073
4074
4075
4076
4077
4078
4079
4080
4081
4082
4083
4084
4085
4086
4087
4088
4089
4090
4091
4092
4093
4094
4095
4096
4097
4098
4099
4100
4101
4102
4103
4104
4105
4106
4107
4108
4109
4110
4111
4112
4113
4114
4115
4116
4117
4118
4119
4120
4121
4122
4123
4124
4125
4126
4127
4128
4129
4130
4131
4132
4133
4134
4135
4136
4137
4138
4139
4140
4141
4142
4143
4144
4145
4146
4147
4148
4149
4150
4151
4152
4153
4154
4155
4156
4157
4158
4159
4160
4161
4162
4163
4164
4165
4166
4167
4168
4169
4170
4171
4172
4173
4174
4175
4176
4177
4178
4179
4180
4181
4182
4183
4184
4185
4186
4187
4188
4189
4190
4191
4192
4193
4194
4195
4196
4197
4198
4199
4200
4201
4202
4203
4204
4205
4206
4207
4208
4209
4210
4211
4212
4213
4214
4215
4216
4217
4218
4219
4220
4221
4222
4223
4224
4225
4226
4227
4228
4229
4230
4231
4232
4233
4234
4235
4236
4237
4238
4239
4240
4241
4242
4243
4244
4245
4246
4247
4248
4249
4250
4251
4252
4253
4254
4255
4256
4257
4258
4259
4260
4261
4262
4263
4264
4265
4266
4267
4268
4269
4270
4271
4272
4273
4274
4275
4276
4277
4278
4279
4280
4281
4282
4283
4284
4285
4286
4287
4288
4289
4290
4291
4292
4293
4294
4295
4296
4297
4298
4299
4300
4301
4302
4303
4304
4305
4306
4307
4308
4309
4310
4311
4312
4313
4314
4315
4316
4317
4318
4319
4320
4321
4322
4323
4324
4325
4326
4327
4328
4329
4330
4331
4332
4333
4334
4335
4336
4337
4338
4339
4340
4341
4342
4343
4344
4345
4346
4347
4348
4349
4350
4351
4352
4353
4354
4355
4356
4357
4358
4359
4360
4361
4362
4363
4364
4365
4366
4367
4368
4369
4370
4371
4372
4373
4374
4375
4376
4377
4378
4379
4380
4381
4382
4383
4384
4385
4386
4387
4388
4389
4390
4391
4392
4393
4394
4395
4396
4397
4398
4399
4400
4401
4402
4403
4404
4405
4406
4407
4408
4409
4410
4411
4412
4413
4414
4415
4416
4417
4418
4419
4420
4421
4422
4423
4424
4425
4426
4427
4428
4429
4430
4431
4432
4433
4434
4435
4436
4437
4438
4439
4440
4441
4442
4443
4444
4445
4446
4447
4448
4449
4450
4451
4452
4453
4454
4455
4456
4457
4458
4459
4460
4461
4462
4463
4464
4465
4466
4467
4468
4469
4470
4471
4472
4473
4474
4475
4476
4477
4478
4479
4480
4481
4482
4483
4484
4485
4486
4487
4488
4489
4490
4491
4492
4493
4494
4495
4496
4497
4498
4499
4500
4501
4502
4503
4504
4505
4506
4507
4508
4509
4510
4511
4512
4513
4514
4515
4516
4517
4518
4519
4520
4521
4522
4523
4524
4525
4526
4527
4528
4529
4530
4531
4532
4533
4534
4535
4536
4537
4538
4539
4540
4541
4542
4543
4544
4545
4546
4547
4548
4549
4550
4551
4552
4553
4554
4555
4556
4557
4558
4559
4560
4561
4562
4563
4564
4565
4566
4567
4568
4569
4570
4571
4572
4573
4574
4575
4576
4577
4578
4579
4580
4581
4582
4583
4584
4585
4586
4587
4588
4589
4590
4591
4592
4593
4594
4595
4596
4597
4598
4599
4600
4601
4602
4603
4604
4605
4606
4607
4608
4609
4610
4611
4612
4613
4614
4615
4616
4617
4618
4619
4620
4621
4622
4623
4624
4625
4626
4627
4628
4629
4630
4631
4632
4633
4634
4635
4636
4637
4638
4639
4640
4641
4642
4643
4644
4645
4646
4647
4648
4649
4650
4651
4652
4653
4654
4655
4656
4657
4658
4659
4660
4661
4662
4663
4664
4665
4666
4667
4668
4669
4670
4671
4672
4673
4674
4675
4676
4677
4678
4679
4680
4681
4682
4683
4684
4685
4686
4687
4688
4689
4690
4691
4692
4693
4694
4695
4696
4697
4698
4699
4700
4701
4702
4703
4704
4705
4706
4707
4708
4709
4710
4711
4712
4713
4714
4715
4716
4717
4718
4719
4720
4721
4722
4723
4724
4725
4726
4727
4728
4729
4730
4731
4732
4733
4734
4735
4736
4737
4738
4739
4740
4741
4742
4743
4744
4745
4746
4747
4748
4749
4750
4751
4752
4753
4754
4755
4756
4757
4758
4759
4760
4761
4762
4763
4764
4765
4766
4767
4768
4769
4770
4771
4772
4773
4774
4775
4776
4777
4778
4779
4780
4781
4782
4783
4784
4785
4786
4787
4788
4789
4790
4791
4792
4793
4794
4795
4796
4797
4798
4799
4800
4801
4802
4803
4804
4805
4806
4807
4808
4809
4810
4811
4812
4813
4814
4815
4816
4817
4818
4819
4820
4821
4822
4823
4824
4825
4826
4827
4828
4829
4830
4831
4832
4833
4834
4835
4836
4837
4838
4839
4840
4841
4842
4843
4844
4845
4846
4847
4848
4849
4850
4851
4852
4853
4854
4855
4856
4857
4858
4859
4860
4861
4862
4863
4864
4865
4866
4867
4868
4869
4870
4871
4872
4873
4874
4875
4876
4877
4878
4879
4880
4881
4882
4883
4884
4885
4886
4887
4888
4889
4890
4891
4892
4893
4894
4895
4896
4897
4898
4899
4900
4901
4902
4903
4904
4905
4906
4907
4908
4909
4910
4911
4912
4913
4914
4915
4916
4917
4918
4919
4920
4921
4922
4923
4924
4925
4926
4927
4928
4929
4930
4931
4932
4933
4934
4935
4936
4937
4938
4939
4940
4941
4942
4943
4944
4945
4946
4947
4948
4949
4950
4951
4952
4953
4954
4955
4956
4957
4958
4959
4960
4961
4962
4963
4964
4965
4966
4967
4968
4969
4970
4971
4972
4973
4974
4975
4976
4977
4978
4979
4980
4981
4982
4983
4984
4985
4986
4987
4988
4989
4990
4991
4992
4993
4994
4995
4996
4997
4998
4999
5000
5001
5002
5003
5004
5005
5006
5007
5008
5009
5010
5011
5012
5013
5014
5015
5016
5017
5018
5019
5020
5021
5022
5023
5024
5025
5026
5027
5028
5029
5030
5031
5032
5033
5034
5035
5036
5037
5038
5039
5040
5041
5042
5043
5044
5045
5046
5047
5048
5049
5050
5051
5052
5053
5054
5055
5056
5057
5058
5059
5060
5061
5062
5063
5064
5065
5066
5067
5068
5069
5070
5071
5072
5073
5074
5075
5076
5077
5078
5079
5080
5081
5082
5083
5084
5085
5086
5087
5088
5089
5090
5091
5092
5093
5094
5095
5096
5097
5098
5099
5100
5101
5102
5103
5104
5105
5106
5107
5108
5109
5110
5111
5112
5113
5114
5115
5116
5117
5118
5119
5120
5121
5122
5123
5124
5125
5126
5127
5128
5129
5130
5131
5132
5133
5134
5135
5136
5137
5138
5139
5140
5141
5142
5143
5144
5145
5146
5147
5148
5149
5150
5151
5152
5153
5154
5155
5156
5157
5158
5159
5160
5161
5162
5163
5164
5165
5166
5167
5168
5169
5170
5171
5172
5173
5174
5175
5176
5177
5178
5179
5180
5181
5182
5183
5184
5185
5186
5187
5188
5189
5190
5191
5192
5193
5194
5195
5196
5197
5198
5199
5200
5201
5202
5203
5204
5205
5206
5207
5208
5209
5210
5211
5212
5213
5214
5215
5216
5217
5218
5219
5220
5221
5222
5223
5224
5225
5226
5227
5228
5229
5230
5231
5232
5233
5234
5235
5236
5237
5238
5239
5240
5241
5242
5243
5244
5245
5246
5247
5248
5249
5250
5251
5252
5253
5254
5255
5256
5257
5258
5259
5260
5261
5262
5263
5264
5265
5266
5267
5268
5269
5270
5271
5272
5273
5274
5275
5276
5277
5278
5279
5280
5281
5282
5283
5284
5285
5286
5287
5288
5289
5290
5291
5292
5293
5294
5295
5296
5297
5298
5299
5300
5301
5302
5303
5304
5305
5306
5307
5308
5309
5310
5311
5312
5313
5314
5315
5316
5317
5318
5319
5320
5321
5322
5323
5324
5325
5326
5327
5328
5329
5330
5331
5332
5333
5334
5335
5336
5337
5338
5339
5340
5341
5342
5343
5344
5345
5346
5347
5348
5349
5350
5351
5352
5353
5354
5355
5356
5357
5358
5359
5360
5361
5362
5363
5364
5365
5366
5367
5368
5369
5370
5371
5372
5373
5374
5375
5376
5377
5378
5379
5380
5381
5382
5383
5384
5385
5386
5387
5388
5389
5390
5391
5392
5393
5394
5395
5396
5397
5398
5399
5400
5401
5402
5403
5404
5405
5406
5407
5408
5409
5410
5411
5412
5413
5414
5415
5416
5417
5418
5419
5420
5421
5422
5423
5424
5425
5426
5427
5428
5429
5430
5431
5432
5433
5434
5435
5436
5437
5438
5439
5440
5441
5442
5443
5444
5445
5446
5447
5448
5449
5450
5451
5452
5453
5454
5455
5456
5457
5458
5459
5460
5461
5462
5463
5464
5465
5466
5467
5468
5469
5470
5471
5472
5473
5474
5475
5476
5477
5478
5479
5480
5481
5482
5483
5484
5485
5486
5487
5488
5489
5490
5491
5492
5493
5494
5495
5496
5497
5498
5499
5500
5501
5502
5503
5504
5505
5506
5507
5508
5509
5510
5511
5512
5513
5514
5515
5516
5517
5518
5519
5520
5521
5522
5523
5524
5525
5526
5527
5528
5529
5530
5531
5532
5533
5534
5535
5536
5537
5538
5539
5540
5541
5542
5543
5544
5545
5546
5547
5548
5549
5550
5551
5552
5553
5554
5555
5556
5557
5558
5559
5560
5561
5562
5563
5564
5565
5566
5567
5568
5569
5570
5571
5572
5573
5574
5575
5576
5577
5578
5579
5580
5581
5582
5583
5584
5585
5586
5587
5588
5589
5590
5591
5592
5593
5594
5595
5596
5597
5598
5599
5600
5601
5602
5603
5604
5605
5606
5607
5608
5609
5610
5611
5612
5613
5614
5615
5616
5617
5618
5619
5620
5621
5622
5623
5624
5625
5626
5627
5628
5629
5630
5631
5632
5633
5634
5635
5636
5637
5638
5639
5640
5641
5642
5643
5644
5645
5646
5647
5648
5649
5650
5651
5652
5653
5654
5655
5656
5657
5658
5659
5660
5661
5662
5663
5664
5665
5666
5667
5668
5669
5670
5671
5672
5673
5674
5675
5676
5677
5678
5679
5680
5681
5682
5683
5684
5685
5686
5687
5688
5689
5690
5691
5692
5693
5694
5695
5696
5697
5698
5699
5700
5701
5702
5703
5704
5705
5706
5707
5708
5709
5710
5711
5712
5713
5714
5715
5716
5717
5718
5719
5720
5721
5722
5723
5724
5725
5726
5727
5728
5729
5730
5731
5732
5733
5734
5735
5736
5737
5738
5739
5740
5741
5742
5743
5744
5745
5746
5747
5748
5749
5750
5751
5752
5753
5754
5755
5756
5757
5758
5759
5760
5761
5762
5763
5764
5765
5766
5767
5768
5769
5770
5771
5772
5773
5774
5775
5776
5777
5778
5779
5780
5781
5782
5783
5784
5785
5786
5787
5788
5789
5790
5791
5792
5793
5794
5795
5796
5797
5798
5799
5800
5801
5802
5803
5804
5805
5806
5807
5808
5809
5810
5811
5812
5813
5814
5815
5816
5817
5818
5819
5820
5821
5822
5823
5824
5825
5826
5827
5828
5829
5830
5831
5832
5833
5834
5835
5836
5837
5838
5839
5840
5841
5842
5843
5844
5845
5846
5847
5848
5849
5850
5851
5852
5853
5854
5855
5856
5857
5858
5859
5860
5861
5862
5863
5864
5865
5866
5867
5868
5869
5870
5871
5872
5873
5874
5875
5876
5877
5878
5879
5880
5881
5882
5883
5884
5885
5886
5887
5888
5889
5890
5891
5892
5893
5894
5895
5896
5897
5898
5899
5900
5901
5902
5903
5904
5905
5906
5907
5908
5909
5910
5911
5912
5913
5914
5915
5916
5917
5918
5919
5920
5921
5922
5923
5924
5925
5926
5927
5928
5929
5930
5931
5932
5933
5934
5935
5936
5937
5938
5939
5940
5941
5942
5943
5944
5945
5946
5947
5948
5949
5950
5951
5952
5953
5954
5955
5956
5957
5958
5959
5960
5961
5962
5963
5964
5965
5966
5967
5968
5969
5970
5971
5972
5973
5974
5975
5976
5977
5978
5979
5980
5981
5982
5983
5984
5985
5986
5987
5988
5989
5990
5991
5992
5993
5994
5995
5996
5997
5998
5999
6000
6001
6002
6003
6004
6005
6006
6007
6008
6009
6010
6011
6012
6013
6014
6015
6016
6017
6018
6019
6020
6021
6022
6023
6024
6025
6026
6027
6028
6029
6030
6031
6032
6033
6034
6035
6036
6037
6038
6039
6040
6041
6042
6043
6044
6045
6046
6047
6048
6049
6050
6051
6052
6053
6054
6055
6056
6057
6058
6059
6060
6061
6062
6063
6064
6065
6066
6067
6068
6069
6070
6071
6072
6073
6074
6075
6076
6077
6078
6079
6080
6081
6082
6083
6084
6085
6086
6087
6088
6089
6090
6091
6092
6093
6094
6095
6096
6097
6098
6099
6100
6101
6102
6103
6104
6105
6106
6107
6108
6109
6110
6111
6112
6113
6114
6115
6116
6117
6118
6119
6120
6121
6122
6123
6124
6125
6126
6127
6128
6129
6130
6131
6132
6133
6134
6135
6136
6137
6138
6139
6140
6141
6142
6143
6144
6145
6146
6147
6148
6149
6150
6151
6152
6153
6154
6155
6156
6157
6158
6159
6160
6161
6162
6163
6164
6165
6166
6167
6168
6169
6170
6171
6172
6173
6174
6175
6176
6177
6178
6179
6180
6181
6182
6183
6184
6185
6186
6187
6188
6189
6190
6191
6192
6193
6194
6195
6196
6197
6198
6199
6200
6201
6202
6203
6204
6205
6206
6207
6208
6209
6210
6211
6212
6213
6214
6215
6216
6217
6218
6219
6220
6221
6222
6223
6224
6225
6226
6227
6228
6229
6230
6231
6232
6233
6234
6235
6236
6237
6238
6239
6240
6241
6242
6243
6244
6245
6246
6247
6248
6249
6250
6251
6252
6253
6254
6255
6256
6257
6258
6259
6260
6261
6262
6263
6264
6265
6266
6267
6268
6269
6270
6271
6272
6273
6274
6275
6276
6277
6278
6279
6280
6281
6282
6283
6284
6285
6286
6287
6288
6289
6290
6291
6292
6293
6294
6295
6296
6297
6298
6299
6300
6301
6302
6303
6304
6305
6306
6307
6308
6309
6310
6311
6312
6313
6314
6315
6316
6317
6318
6319
6320
6321
6322
6323
6324
6325
6326
6327
6328
6329
6330
6331
6332
6333
6334
6335
6336
6337
6338
6339
6340
6341
6342
6343
6344
6345
6346
6347
6348
6349
6350
6351
6352
6353
6354
6355
6356
6357
6358
6359
6360
6361
6362
6363
6364
6365
6366
6367
6368
6369
6370
6371
6372
6373
6374
6375
6376
6377
6378
6379
6380
6381
6382
6383
6384
6385
6386
6387
6388
6389
6390
6391
6392
6393
6394
6395
6396
6397
6398
6399
6400
6401
6402
6403
6404
6405
6406
6407
6408
6409
6410
6411
6412
6413
6414
6415
6416
6417
6418
6419
6420
6421
6422
6423
6424
6425
6426
6427
6428
6429
6430
6431
6432
6433
6434
6435
6436
6437
6438
6439
6440
6441
6442
6443
6444
6445
6446
6447
6448
6449
6450
6451
6452
6453
6454
6455
6456
6457
6458
6459
6460
6461
6462
6463
6464
6465
6466
6467
6468
6469
6470
6471
6472
6473
6474
6475
6476
6477
6478
6479
6480
6481
6482
6483
6484
6485
6486
6487
6488
6489
6490
6491
6492
6493
6494
6495
6496
6497
6498
6499
6500
6501
6502
6503
6504
6505
6506
6507
6508
6509
6510
6511
6512
6513
6514
6515
6516
6517
6518
6519
6520
6521
6522
6523
6524
6525
6526
6527
6528
6529
6530
6531
6532
6533
6534
6535
6536
6537
6538
6539
6540
6541
6542
6543
6544
6545
6546
6547
6548
6549
6550
6551
6552
6553
6554
6555
6556
6557
6558
6559
6560
6561
6562
6563
6564
6565
6566
6567
6568
6569
6570
6571
6572
6573
6574
6575
6576
6577
6578
6579
6580
6581
6582
6583
6584
6585
6586
6587
6588
6589
6590
6591
6592
6593
6594
6595
6596
6597
6598
6599
6600
6601
6602
6603
6604
6605
6606
6607
6608
6609
6610
6611
6612
6613
6614
6615
6616
6617
6618
6619
6620
6621
6622
6623
6624
6625
6626
6627
6628
6629
6630
6631
6632
6633
6634
6635
6636
6637
6638
6639
6640
6641
6642
6643
6644
6645
6646
6647
6648
6649
6650
6651
6652
6653
6654
6655
6656
6657
6658
6659
6660
6661
6662
6663
6664
6665
6666
6667
6668
6669
6670
6671
6672
6673
6674
6675
6676
6677
6678
6679
6680
6681
6682
6683
6684
6685
6686
6687
6688
6689
6690
6691
6692
6693
6694
6695
6696
6697
6698
6699
6700
6701
6702
6703
6704
6705
6706
6707
6708
6709
6710
6711
6712
6713
6714
6715
6716
6717
6718
6719
6720
6721
6722
6723
6724
6725
6726
6727
6728
6729
6730
6731
6732
6733
6734
6735
6736
6737
6738
6739
6740
6741
6742
6743
6744
6745
6746
6747
6748
6749
6750
6751
6752
6753
6754
6755
6756
6757
6758
6759
6760
6761
6762
6763
6764
6765
6766
6767
6768
6769
6770
6771
6772
6773
6774
6775
6776
6777
6778
6779
6780
6781
6782
6783
6784
6785
6786
6787
6788
6789
6790
6791
6792
6793
6794
6795
6796
6797
6798
6799
6800
6801
6802
6803
6804
6805
6806
6807
6808
6809
6810
6811
6812
6813
6814
6815
6816
6817
6818
6819
6820
6821
6822
6823
6824
6825
6826
6827
6828
6829
6830
6831
6832
6833
6834
6835
6836
6837
6838
6839
6840
6841
6842
6843
6844
6845
6846
6847
6848
6849
6850
6851
6852
6853
6854
6855
6856
6857
6858
6859
6860
6861
6862
6863
6864
6865
6866
6867
6868
6869
6870
6871
6872
6873
6874
6875
6876
6877
6878
6879
6880
6881
6882
6883
6884
6885
6886
6887
6888
6889
6890
6891
6892
6893
6894
6895
6896
6897
6898
6899
6900
6901
6902
6903
6904
6905
6906
6907
6908
6909
6910
6911
6912
6913
6914
6915
6916
6917
6918
6919
6920
6921
6922
6923
6924
6925
6926
6927
6928
6929
6930
6931
6932
6933
6934
6935
6936
6937
6938
6939
6940
6941
6942
6943
6944
6945
6946
6947
6948
6949
6950
6951
6952
6953
6954
6955
6956
6957
6958
6959
6960
6961
6962
6963
6964
6965
6966
6967
6968
6969
6970
6971
6972
6973
6974
6975
6976
6977
6978
6979
6980
6981
6982
6983
6984
6985
6986
6987
6988
6989
6990
6991
6992
6993
6994
6995
6996
6997
6998
6999
7000
7001
7002
7003
7004
7005
7006
7007
7008
7009
7010
7011
7012
7013
7014
7015
7016
7017
7018
7019
7020
7021
7022
7023
7024
7025
7026
7027
7028
7029
7030
7031
7032
7033
7034
7035
7036
7037
7038
7039
7040
7041
7042
7043
7044
7045
7046
7047
7048
7049
7050
7051
7052
7053
7054
7055
7056
7057
7058
7059
7060
7061
7062
7063
7064
7065
7066
7067
7068
7069
7070
7071
7072
7073
7074
7075
7076
7077
7078
7079
7080
7081
7082
7083
7084
7085
7086
7087
7088
7089
7090
7091
7092
7093
7094
7095
7096
7097
7098
7099
7100
7101
7102
7103
7104
7105
7106
7107
7108
7109
7110
7111
7112
7113
7114
7115
7116
7117
7118
7119
7120
7121
7122
7123
7124
7125
7126
7127
7128
7129
7130
7131
7132
7133
7134
7135
7136
7137
7138
7139
7140
7141
7142
7143
7144
7145
7146
7147
7148
7149
7150
7151
7152
7153
7154
7155
7156
7157
7158
7159
7160
7161
7162
7163
7164
7165
7166
7167
7168
7169
7170
7171
7172
7173
7174
7175
7176
7177
7178
7179
7180
7181
7182
7183
7184
7185
7186
7187
7188
7189
7190
7191
7192
7193
7194
7195
7196
7197
7198
7199
7200
7201
7202
7203
7204
7205
7206
7207
7208
7209
7210
7211
7212
7213
7214
7215
7216
7217
7218
7219
7220
7221
7222
7223
7224
7225
7226
7227
7228
7229
7230
7231
7232
7233
7234
7235
7236
7237
7238
7239
7240
7241
7242
7243
7244
7245
7246
7247
7248
7249
7250
7251
7252
7253
7254
7255
7256
7257
7258
7259
7260
7261
7262
7263
7264
7265
7266
7267
7268
7269
7270
7271
7272
7273
7274
7275
7276
7277
7278
7279
7280
7281
7282
7283
7284
7285
7286
7287
7288
7289
7290
7291
7292
7293
7294
7295
7296
7297
7298
7299
7300
7301
7302
7303
7304
7305
7306
7307
7308
7309
7310
7311
7312
7313
7314
7315
7316
7317
7318
7319
7320
7321
7322
7323
7324
7325
7326
7327
7328
7329
7330
7331
7332
7333
7334
7335
7336
7337
7338
7339
7340
7341
7342
7343
7344
7345
7346
7347
7348
7349
7350
7351
7352
7353
7354
7355
7356
7357
7358
7359
7360
7361
7362
7363
7364
7365
7366
7367
7368
7369
7370
7371
7372
7373
7374
7375
7376
7377
7378
7379
7380
7381
7382
7383
7384
7385
7386
7387
7388
7389
7390
7391
7392
7393
7394
7395
7396
7397
7398
7399
7400
7401
7402
7403
7404
7405
7406
7407
7408
7409
7410
7411
7412
7413
7414
7415
7416
7417
7418
7419
7420
7421
7422
7423
7424
7425
7426
7427
7428
7429
7430
7431
7432
7433
7434
7435
7436
7437
7438
7439
7440
7441
7442
7443
7444
7445
7446
7447
7448
7449
7450
7451
7452
7453
7454
7455
7456
7457
7458
7459
7460
7461
7462
7463
7464
7465
7466
7467
7468
7469
7470
7471
7472
7473
7474
7475
7476
7477
7478
7479
7480
7481
7482
7483
7484
7485
7486
7487
7488
7489
7490
7491
7492
7493
7494
7495
7496
7497
7498
7499
7500
7501
7502
7503
7504
7505
7506
7507
7508
7509
7510
7511
7512
7513
7514
7515
7516
7517
7518
7519
7520
7521
7522
7523
7524
7525
7526
7527
7528
7529
7530
7531
7532
7533
7534
7535
7536
7537
7538
7539
7540
7541
7542
7543
7544
7545
7546
7547
7548
7549
7550
7551
7552
7553
7554
7555
7556
7557
7558
7559
7560
7561
7562
7563
7564
7565
7566
7567
7568
7569
7570
7571
7572
7573
7574
7575
7576
7577
7578
7579
7580
7581
7582
7583
7584
7585
7586
7587
7588
7589
7590
7591
7592
7593
1.249999999813953 -47.83493649054081 0
47.834936490535 1.249999999822544 0
-1.249340193911204 47.7971400721195 0
-47.96108360908314 -1.210956848109413 0
-11.25000000016384 -47.83493649054623 0
47.83493649054161 -11.25000000015577 0
11.24132963099779 47.75610179511441 0
-47.66602725764155 10.95278176249609 0
13.74999999981098 -47.83493649053725 0
47.83493649053717 13.74999999981089 0
-13.74999999988755 47.70195279936182 0
-47.87509019929649 -13.81954826349445 0
-23.75000000011958 -47.83493649054971 0
47.61247468393351 -23.89676018053543 0
23.75000000005464 47.79682966640394 0
-47.73309780944263 23.69092542356198 0
23.74999999985602 -47.83493649052864 0
47.79310664613236 23.7011361430559 0
-23.74999999992703 47.70195279936158 0
-47.87873555993185 -23.74999999985796 0
-47.83493649052593 -33.74999999991329 0
33.7499999998842 -47.83493649053449 0
47.76914351111429 33.71206889317227 0
-33.75000000000271 47.70195279936807 0
-33.75000000006658 -47.83493649056318 0
47.83493649055796 -33.75000000005416 0
33.74560910117299 47.77975406349871 0
-47.83493649055796 33.75000000005416 0
41.24999999993068 -47.83493649052173 0
-47.83493649052892 -41.24999999995389 0
47.88401434833384 41.24999999995234 0
-41.24946040977829 47.79728237685881 0
-41.20570899043578 -47.8605079168466 0
47.77717488680901 -41.28275384027859 0
41.24422409303531 47.70411703153647 0
-47.72127984186864 41.10289522968264 0
18.74999999982025 -47.83493649053115 0
47.70957721902177 19.09457358913896 0
-18.69395935868453 47.66746887993254 0
-47.88723247823569 -18.7499999998324 0
-16.25000000015265 -47.83493649054516 0
47.88723247820747 -16.25000000014607 0
16.24037192011637 47.7471698287471 0
-47.83493649054509 16.25000000014596 0
-28.75000000009626 -47.83493649055167 0
47.61617709577049 -28.54906431882001 0
28.74132963093761 47.75610179511109 0
-47.62439664752524 28.38850131025777 0
8.749999999806892 -47.83493649054018 0
47.83493649054012 8.749999999813117 0
-8.693959358712203 47.66363399587728 0
-48.0141231594042 -8.619159370760835 0
28.749999999885 -47.83493649052718 0
47.62439664728029 28.38850131014857 0
-28.69395935873523 47.66746887993362 0
-47.8349364905275 -28.74999999988239 0
-6.250000000170324 -47.83493649054339 0
47.83493649054137 -6.250000000163309 0
6.250000000102419 47.79682966639808 0
-47.77410879325972 6.280596168447263 0
-47.8907592389519 -46.15331216348852 0
46.15331216341008 -47.8907592389415 0
48.05288045424931 46.48737212467562 0
-46.15763647782883 47.74759603229207 0
16.24999999981146 -47.83493649053512 0
14.99999999980547 -45.66987298107587 0
12.49999999980832 -45.66987298108015 0
13.74999999980447 -43.50480947162018 0
11.24999999980787 -43.50480947162413 0
12.49999999980386 -41.33974596216431 0
14.99999999979991 -41.33974596216071 0
13.74999999979906 -39.17468245270484 0
16.24999999979497 -39.1746824527013 0
14.99999999979401 -37.00961894324555 0
12.4999999997982 -37.00961894324905 0
13.74999999979303 -34.84455543378982 0
11.2499999997973 -34.84455543379334 0
12.49999999979211 -32.67949192433414 0
9.999999999792209 -32.67949192433662 0
11.24999999979056 -30.51442841487839 0
8.74999999978894 -30.51442841488165 0
9.999999999789178 -28.34936490542287 0
7.499999999789165 -28.34936490542706 0
8.749999999788727 -26.18430139596723 0
6.249999999788526 -26.18430139597 0
7.499999999787978 -24.01923788651138 0
4.99999999978616 -24.019237886515 0
6.249999999787009 -21.85417437705568 0
3.749999999786568 -21.85417437706029 0
4.999999999786354 -19.68911086760016 0
2.499999999790262 -19.68911086760404 0
3.74999999978585 -17.52404735814477 0
1.249999999790369 -17.52404735814836 0
2.499999999785193 -15.35898384868923 0
-2.105421762858365e-10 -15.35898384869269 0
1.249999999784356 -13.19392033923361 0
-1.250000000211415 -13.19392033923706 0
-2.16508736864777e-10 -11.02885682977799 0
-2.50000000021218 -11.02885682978152 0
-1.250000000217387 -8.863793320322413 0
1.249999999778336 -8.863793320318884 0
-2.225574539475398e-10 -6.698729810863268 0
2.499999999773173 -6.698729810859764 0
1.249999999772303 -4.533666301404125 0
-1.250000000223432 -4.533666301407629 0
-2.28571236012461e-10 -2.368602791948483 0
-2.500000000224147 -2.368602791952052 0
2.499999999767148 -2.368602791944996 0
1.249999999766272 -0.2035392824893506 0
3.749999999761993 -0.2035392824858652 0
2.499999999761113 1.961524226969781 0
4.999999999756835 1.961524226973268 0
-3.750000000207026 -13.19392033924046 0
3.74999999975595 4.126587736428917 0
6.249999999751457 4.126587736433612 0
7.499999999752525 1.961524226976963 0
8.749999999784286 -21.85417437705225 0
8.749999999746709 4.126587736438421 0
4.999999999750681 6.291651245890243 0
2.499999999754964 6.291651245884935 0
9.999999999748175 1.961524226980708 0
3.749999999749996 8.456714755345025 0
1.249999999753994 8.456714755340586 0
11.24999999974313 4.126587736439389 0
12.499999999744 1.961524226983815 0
2.499999999748933 10.62177826479974 0
-2.47321237563843e-10 10.62177826479613 0
13.74999999978727 -30.51442841487484 0
13.74999999973891 4.126587736443374 0
1.249999999747927 12.78684177425609 0
-1.250000000248888 12.78684177425223 0
14.99999999973975 1.961524226987315 0
1.249999999782445 -21.85417437706388 0
16.24999999973468 4.126587736446979 0
-2.534419368343045e-10 14.9519052837124 0
-2.500000000250441 14.95190528370894 0
2.499999999743197 14.95190528371602 0
17.49999999973549 1.961524226990826 0
18.74999999973038 4.12658773645 0
1.249999999741972 17.11696879317217 0
3.749999999738238 17.11696879317562 0
19.99999999973122 1.961524226994233 0
2.499999999737373 19.28203230263149 0
4.999999999733372 19.28203230263486 0
21.24999999972609 4.126587736453345 0
-3.750000000245986 12.78684177424838 0
-5.000000000247852 14.95190528370552 0
-6.2500000002435 12.78684177424475 0
-7.500000000245405 14.95190528370199 0
-8.750000000241027 12.78684177424116 0
-10.0000000002429 14.95190528369818 0
-11.25000000023835 12.7868417742376 0
-12.50000000024015 14.95190528369344 0
-13.75000000023544 12.78684177423401 0
-15.00000000023702 14.95190528368936 0
-16.25000000023201 12.78684177423045 0
-17.50000000023356 14.95190528368616 0
-18.75000000022831 12.78684177422692 0
-11.25000000024414 17.11696879315337 0
-20.00000000022971 14.95190528368235 0
-21.25000000022434 12.78684177422292 0
-20.0000000002222 10.62177826476736 0
19.99999999972486 6.291651245909327 0
-22.50000000022539 14.9519052836785 0
-21.25000000023095 17.11696879313772 0
22.49999999972698 1.961524226997681 0
21.2499999997321 -0.2035392824614741 0
-22.50000000021907 10.62177826476349 0
-21.25000000021699 8.45671475530758 0
22.49999999972093 6.291651245912613 0
21.24999999971968 8.456714755368498 0
3.749999999732536 21.44709581209053 0
6.249999999727917 21.44709581209404 0
-23.75000000021409 8.456714755304059 0
-22.50000000021333 6.291651245848322 0
-23.7500000002265 17.11696879313405 0
-22.50000000023189 19.28203230259304 0
23.74999999971571 8.456714755371742 0
22.49999999971396 10.62177826482834 0
23.74999999972784 -0.2035392824580141 0
22.49999999973297 -2.36860279191716 0
17.49999999978995 -37.00961894324193 0
4.999999999780237 -28.34936490542786 0
24.99999999971031 10.62177826483086 0
23.74999999970881 12.78684177428748 0
-25.00000000020923 6.291651245844599 0
-23.75000000020932 4.126587736389443 0
24.9999999997287 -2.36860279191369 0
23.74999999973383 -4.53366630137282 0
-25.00000000022762 19.28203230258961 0
-23.75000000023277 21.44709581204887 0
4.999999999727351 23.61215932154916 0
7.49999999972245 23.61215932155238 0
-26.25000000022862 21.44709581204521 0
-25.00000000023374 23.61215932150481 0
26.24999999972956 -4.533666301369349 0
24.99999999973472 -6.698729810828482 0
2.499999999731973 23.6121593215461 0
26.24999999970483 12.78684177428973 0
24.99999999970453 14.95190528374505 0
-26.25000000020367 4.126587736385003 0
-25.00000000020398 1.961524226929944 0
3.749999999726884 25.77722283100472 0
1.249999999731487 25.77722283100177 0
27.49999999970589 10.62177826483418 0
-27.50000000022673 19.28203230258363 0
-27.50000000019931 1.961524226924907 0
-26.25000000019875 -0.2035392825304726 0
-23.75000000020225 -0.2035392825233415 0
-25.00000000019751 -2.368602791985685 0
-27.50000000019401 -2.368602791990105 0
-26.25000000019236 -4.533666301446497 0
-23.75000000019678 -4.533666301443821 0
-25.00000000019151 -6.698729810903814 0
-27.50000000018781 -6.69872981090691 0
-26.25000000018628 -8.863793320363651 0
27.49999999969982 14.95190528374792 0
26.24999999969945 17.11696879320372 0
27.49999999973037 -6.698729810825006 0
26.24999999973558 -8.863793320284117 0
-27.50000000022983 23.61215932150116 0
-26.250000000235 25.77722283096092 0
-23.75000000023816 25.77722283096487 0
-23.75000000019076 -8.863793320360937 0
-25.00000000018534 -11.02885682981994 0
-27.50000000018115 -11.02885682982317 0
-26.25000000018002 -13.19392033927889 0
-23.75000000018467 -13.19392033927565 0
-25.00000000017918 -15.35898384873421 0
-22.50000000018428 -15.35898384873085 0
-23.75000000017861 -17.52404735818902 0
-21.25000000018409 -17.5240473581856 0
-22.50000000017836 -19.68911086764362 0
-25.00000000017089 -19.68911086764611 0
-23.75000000017012 -21.85417437710017 0
-21.25000000017794 -21.85417437709761 0
-22.50000000017147 -24.0192378865555 0
-20.00000000017813 -24.01923788655176 0
-25.0000000001627 -24.01923788655709 0
-21.2500000001714 -26.1843013960095 0
-18.75000000017823 -26.18430139600546 0
22.49999999973902 -6.698729810831987 0
-27.50000000020585 6.291651245838481 0
27.4999999997244 -2.368602791910247 0
2.499999999726515 27.9422863404606 0
-2.689695820565351e-10 27.94228634045751 0
28.7499999997312 -8.863793320280624 0
27.49999999973645 -11.02885682973965 0
28.74999999969495 17.11696879320651 0
27.4999999996944 19.28203230266254 0
-28.75000000023125 25.77722283095707 0
-28.75000000017573 -13.19392033928255 0
-20.00000000017141 -28.34936490546276 0
-17.50000000017822 -28.34936490545898 0
-25.00000000024041 27.9422863404218 0
-22.50000000024219 27.94228634042563 0
-5.000000000207687 -11.02885682978505 0
-20.00000000021517 6.291651245852335 0
4.999999999780939 -15.35898384868576 0
29.9999999997321 -11.02885682973616 0
28.74999999973731 -13.1939203391951 0
26.24999999974175 -13.19392033919865 0
27.49999999974263 -15.35898384865395 0
29.99999999973792 -15.35898384865045 0
28.7499999997433 -17.52404735810912 0
29.99999999968961 19.28203230266549 0
28.74999999968856 21.44709581212085 0
26.24999999969402 21.44709581211779 0
27.49999999968806 23.61215932157586 0
24.99999999969378 23.61215932157249 0
26.24999999968774 25.77722283103029 0
28.7499999996821 25.77722283103387 0
27.49999999968136 27.94228634048807 0
24.99999999968779 27.9422863404841 0
29.99999999967583 27.94228634049204 0
-16.25000000018474 -26.18430139600167 0
-15.00000000018475 -28.34936490545546 0
26.24999999974812 -17.52404735811274 0
27.49999999974892 -19.68911086756761 0
29.9999999997436 -19.68911086756417 0
28.74999999974935 -21.85417437702221 0
26.24999999968072 30.10734984994155 0
23.74999999968771 30.1073498499373 0
1.249999999726187 30.10734984991633 0
-1.250000000269443 30.10734984991328 0
3.749999999721498 30.10734984991931 0
31.24999999974373 -21.85417437701889 0
29.99999999974952 -24.0192378864766 0
-23.75000000024518 30.10734984988353 0
-21.25000000024608 30.1073498498874 0
31.24999999972674 -8.863793320277157 0
-18.7500000001718 -30.51442841491593 0
-21.25000000016411 -30.51442841491985 0
31.24999999969103 17.11696879320946 0
8.749999999722773 21.44709581209769 0
-10.00000000023523 10.62177826478093 0
8.749999999789498 -34.84455543379345 0
32.49999999974362 -24.01923788647293 0
31.24999999975007 -26.18430139593086 0
2.499999999721281 32.27241335937502 0
4.999999999716588 32.27241335937799 0
32.49999999968589 19.28203230266892 0
-13.750000000191 -26.18430139599789 0
-12.5000000001909 -28.34936490545201 0
-20.00000000018951 -15.35898384872763 0
28.74999999975528 -26.18430139593479 0
29.99999999975596 -28.34936490538954 0
32.49999999975182 -28.34936490538496 0
31.2499999997565 -30.51442841484447 0
19.99999999971667 10.62177826482663 0
24.99999999975377 -19.68911086757107 0
-20.00000000016502 -32.67949192437227 0
-22.50000000015648 -32.67949192437624 0
24.9999999996806 32.27241335939436 0
22.49999999968769 32.27241335939012 0
-22.50000000024858 32.27241335934586 0
-20.00000000024933 32.27241335934917 0
-25.00000000024818 32.2724133593417 0
-18.75000000024722 30.10734984989107 0
-17.50000000025083 32.27241335935239 0
-16.25000000024876 30.10734984989471 0
-15.00000000025273 32.27241335935565 0
33.74999999973732 -21.85417437701562 0
21.24999999969474 30.10734984993325 0
19.99999999969464 32.272413359386 0
13.74999999974503 -0.2035392824720619 0
33.74999999968762 17.11696879321278 0
33.74999999975329 -30.51442841484007 0
32.49999999975746 -32.67949192430007 0
-6.250000000202441 -13.19392033924388 0
-7.500000000203064 -11.02885682978853 0
-2.500000000264607 27.94228634045441 0
34.99999999975725 -32.6794919242978 0
21.24999999968755 34.43747686884287 0
18.74999999969546 34.43747686883914 0
3.749999999716389 34.43747686883368 0
6.249999999712113 34.43747686883724 0
-16.25000000025443 34.43747686881338 0
-13.75000000025671 34.43747686881676 0
34.99999999968321 19.28203230267292 0
-11.25000000019698 -26.1843013959942 0
-10.0000000001968 -28.34936490544841 0
-11.25000000019084 -30.51442841490635 0
-8.750000000196515 -30.51442841490284 0
-10.0000000001907 -32.67949192436092 0
-7.500000000196102 -32.67949192435741 0
-12.50000000019723 -24.01923788653998 0
17.49999999969815 32.27241335938585 0
27.49999999976062 -28.34936490539334 0
-21.25000000015758 -34.84455543382795 0
-23.75000000014871 -34.84455543383167 0
-8.750000000190408 -34.84455543381491 0
-6.250000000195618 -34.84455543381207 0
-23.75000000025176 34.43747686880515 0
-26.25000000025362 34.43747686880123 0
33.74999999975947 -34.84455543375596 0
31.24999999976182 -34.84455543376014 0
36.2499999997624 -34.84455543375385 0
-25.00000000014757 -32.67949192438023 0
-26.25000000013961 -34.84455543383557 0
-27.50000000013792 -32.67949192438468 0
-28.75000000013101 -34.84455543384 0
-30.00000000012799 -32.67949192438675 0
-31.2500000001238 -34.8445554338447 0
-32.50000000012228 -32.67949192438887 0
-33.75000000011832 -34.8445554338494 0
-34.90837126331071 -32.62659004853094 0
-33.73472854398801 -30.50561143562158 0
-36.51230531995899 -34.62882021002986 0
12.49999999973699 6.291651245901663 0
36.24999999968482 17.11696879321619 0
34.99999999968914 14.95190528375615 0
36.24999999975357 -30.5144284148354 0
-36.14055456448897 -30.45124006321163 0
-34.97921385149783 -28.33736401696894 0
19.99999999968771 36.60254037829536 0
17.4999999996954 36.60254037829527 0
-10.00000000020294 -24.01923788653625 0
-8.750000000197796 -13.19392033924731 0
-10.00000000019843 -11.02885682979201 0
-6.250000000201936 -30.51442841489919 0
9.999999999717065 23.61215932155571 0
11.24999999971724 21.4470958121012 0
-13.750000000251 30.10734984989808 0
-15.00000000024674 27.94228634043734 0
-37.44820609622012 -28.31946168111598 0
-36.23790332470617 -26.1773173772043 0
-15.00000000025824 36.60254037827418 0
-12.50000000026085 36.6025403782776 0
4.999999999711523 36.60254037829238 0
2.499999999716068 36.60254037828931 0
-25.00000000025555 36.60254037826628 0
-27.50000000025791 36.60254037826203 0
-28.75000000025592 34.43747686879703 0
-30.00000000026044 36.60254037825749 0
-31.25000000025748 34.43747686879337 0
-32.50000000026171 36.60254037825269 0
-33.75000000025833 34.43747686878942 0
-35.00000000026223 36.60254037824788 0
-36.2500000002607 34.43747686878402 0
-37.50000000026501 36.60254037824115 0
37.4781004650149 19.2946760049118 0
37.4999999996859 14.95190528375928 0
36.24999999969022 12.78684177429965 0
-35.00000000025509 32.27241335932861 0
-37.50000000026095 32.2724133593248 0
-36.25000000025179 30.10734984987011 0
7.49999999970697 36.60254037829562 0
32.49999999976426 -37.00961894321801 0
29.99999999976533 -37.00961894322208 0
-25.0000000001403 -37.00961894328834 0
-6.250000000247931 17.11696879316241 0
-30.00000000022565 23.61215932149767 0
23.74999999970356 17.1169687932017 0
22.49999999967975 36.60254037829982 0
7.499999999712359 32.27241335938169 0
27.49999999967316 32.27241335939875 0
-5.000000000202707 -15.35898384869876 0
32.49999999972773 -11.02885682973262 0
33.74999999972227 -8.863793320273672 0
34.9999999997231 -11.02885682972904 0
36.24999999971778 -8.863793320270208 0
34.99999999971704 -6.698729810814716 0
37.43616146528048 -11.06571402476805 0
37.49999999971263 -6.698729810811361 0
36.24999999971194 -4.533666301355734 0
6.249999999734204 17.11696879318001 0
18.74999999979106 -39.17468245269819 0
-18.75000000016607 -34.84455543382451 0
11.24999999978629 -26.18430139596338 0
-20.0000000001587 -37.00961894328012 0
-25.00000000022459 14.95190528367317 0
-5.000000000239666 10.62177826478831 0
-3.750000000265155 30.10734984991024 0
4.99999999976313 -2.368602791941667 0
-17.5000000001673 -37.00961894327666 0
-30.0000000001234 -37.0096189432971 0
-16.2500000002372 17.116968793144 0
24.99999999972266 1.961524227001165 0
-5.000000000260471 27.94228634045121 0
-8.750000000203741 -8.863793320333041 0
-11.2500000001993 -8.863793320336537 0
-10.0000000002045 -6.698729810877301 0
-12.50000000020042 -6.698729810880821 0
-11.25000000020543 -4.533666301421468 0
-13.75000000020153 -4.533666301424953 0
-12.50000000020645 -2.368602791965401 0
23.74999999975292 -17.52404735811626 0
22.49999999975844 -19.68911086757483 0
21.24999999975762 -17.52404735811988 0
19.99999999976312 -19.68911086757877 0
18.74999999976228 -17.52404735812355 0
-30.00000000017717 -11.02885682982673 0
-31.25000000017193 -13.19392033928655 0
-32.50000000017351 -11.02885682983044 0
-33.75000000016846 -13.1939203392862 0
-35.00000000017014 -11.02885682983365 0
-36.25000000016126 -13.19392033928266 0
-32.50000000015828 -15.35898384873807 0
-33.75000000017512 -8.863793320374217 0
-36.25000000017156 -8.863793320377971 0
-35.00000000017653 -6.698729810918231 0
-37.5000000001728 -6.698729810921865 0
-36.25000000017785 -4.533666301462236 0
21.24999999976414 -21.85417437703339 0
-2.344837655679897e-10 1.961524226966225 0
12.49999999971145 23.6121593215592 0
13.74999999971166 21.44709581210473 0
12.49999999971757 19.28203230264666 0
-7.500000000190024 -37.0096189432697 0
-5.000000000195066 -37.00961894326696 0
-3.750000000200668 -34.84455543380858 0
-2.500000000200016 -37.00961894326359 0
36.24635007723388 21.44920309583918 0
-35.04371755342022 -36.97366307267204 0
-37.50000000010991 -37.00961894331575 0
19.99999999978609 -37.00961894323838 0
21.24999999978811 -39.17468245269493 0
38.74117095725851 -4.5387637513871 0
37.49852849263203 -2.369452366902492 0
38.746263015917 12.78468422571728 0
37.49937716906292 10.62141867341238 0
-38.75000000016404 -8.863793320374842 0
-38.75000000017398 -4.533666301465843 0
-37.50000000017911 -2.368602792006322 0
-38.82364096026469 -30.72904395150675 0
21.24999999968006 38.76760388775152 0
23.74999999967108 38.76760388775612 0
3.74999999971124 38.76760388774805 0
1.249999999715682 38.76760388774505 0
-36.25000000026657 38.76760388770556 0
-31.25000000026566 38.76760388771709 0
-26.25000000026012 38.76760388772792 0
-23.75000000025705 38.76760388773035 0
-38.75000000026632 38.76760388770007 0
-38.70926293037912 -26.16078183783282 0
-37.4911943759361 -24.01415395705574 0
-34.99822259370091 -24.01821170047178 0
38.72384222216026 21.46219801203025 0
37.49503204968097 23.61502756886293 0
-38.75000000025135 30.10734984986756 0
-37.50000000024531 27.94228634041319 0
-11.25000000019305 -13.19392033925082 0
-13.7500000001999 -8.863793320342788 0
-1.250000000205516 -34.84455543380484 0
-2.047617644570656e-10 -37.00961894326007 0
-15.00000000020484 -2.368602791969488 0
-13.75000000020759 -0.2035392825093028 0
-11.2500000002113 -0.2035392825058391 0
14.99999999971233 19.28203230265022 0
13.74999999971789 17.11696879319189 0
16.24999999970854 21.44709581210784 0
-1.250000000199331 -39.17468245271886 0
1.249999999796011 -39.17468245271534 0
36.23936024398429 -13.20006320502454 0
38.67374841691788 -13.23794421103695 0
-21.2500000002364 21.44709581205251 0
-18.75000000015996 -39.17468245273259 0
-16.25000000016827 -39.17468245272916 0
17.49999999976775 -19.68911086758249 0
16.24999999976691 -17.5240473581272 0
17.49999999976146 -15.35898384866824 0
14.999999999766 -15.35898384867186 0
16.2499999997606 -13.19392033921288 0
13.74999999976506 -13.19392033921647 0
14.99999999975957 -11.02885682975751 0
12.49999999976408 -11.02885682976103 0
-2.63517948203192e-10 23.61215932154294 0
-36.25728625899194 -39.16868980766434 0
-38.73478972555979 -39.18316645528283 0
-18.75000000018713 -17.52404735818401 0
-12.50000000021168 1.961524226949348 0
-10.00000000021602 1.9615242269536 0
31.24999999976865 -39.17468245268135 0
33.74999999976899 -39.174682452677 0
-13.75000000026227 38.76760388773466 0
-11.25000000026516 38.76760388773774 0
-10.00000000026382 36.60254037828112 0
-8.750000000268312 38.76760388774102 0
-40.00000000024298 27.9422863404121 0
-38.75000000023785 25.77722283095712 0
39.92309496676398 15.02124246417894 0
-11.25000000020334 -21.85417437708276 0
13.74999999975861 -8.863793320301989 0
11.24999999976276 -8.863793320305422 0
-6.250000000189573 -39.17468245272545 0
-32.4969338772726 -28.34759467861572 0
39.55961519102723 -6.526684493899868 0
39.90049556265599 -2.39595572190908 0
38.73207043271355 -0.2076044743674298 0
36.24676648736222 -0.204358410263553 0
37.49647281981241 1.960710173725592 0
34.9988732176665 1.961252030162332 0
39.8799079427905 2.041734534473258 0
-40.00000000010829 -37.00961894331975 0
-37.50000000027018 40.93266739716481 0
2.525298943650085 40.91806104511032 0
0.08302441363574378 40.95085488264978 0
5.004216490363016 40.93023300519117 0
39.99481237842383 23.61515439612825 0
38.74830740446475 25.77820005136123 0
-40.00000000026922 36.60254037823772 0
-39.99174288447499 -24.01447063861108 0
-38.74715621015941 -21.85253251418678 0
-40.00000000027145 40.93266739715926 0
39.99553638018472 10.61920119292483 0
-40.00000000017516 -2.368602792009976 0
-38.75000000018031 -0.2035392825505141 0
-36.25000000018431 -0.2035392825468087 0
-37.5000000001855 1.961524226908944 0
-40.0000000001813 1.961524226905382 0
-38.75000000018652 4.126587736364712 0
-36.2500000001908 4.126587736368306 0
-37.50000000019198 6.291651245823909 0
-40.00000000018747 6.291651245820224 0
-38.75000000019294 8.45671475527913 0
-36.25000000019775 8.456714755282849 0
-37.50000000019863 10.6217782647379 0
-35.00000000020381 10.62177826474167 0
-36.25000000020456 12.78684177419626 0
-38.75000000019904 12.78684177419251 0
-37.5000000002052 14.95190528365056 0
-33.75000000021025 12.78684177420002 0
-40.00000000019919 14.95190528364686 0
-38.75000000020662 17.11696879310778 0
-36.25000000021176 17.11696879310899 0
-8.750000000208789 -21.85417437707903 0
37.48551810996783 -15.36734497158822 0
39.98487775429243 -15.36771468110291 0
38.74506597719319 -17.52689601732983 0
-16.25000000020455 -4.533666301431718 0
16.24999999971286 17.11696879319547 0
14.99999999971819 14.95190528373689 0
-7.50000000026713 36.60254037828447 0
-8.750000000184928 -39.17468245272626 0
34.99999999973719 -24.01923788646933 0
4.999999999744894 10.6217782648061 0
34.99989619458948 10.62171833293607 0
11.24999999971134 25.77722283101359 0
9.999999999808169 -41.33974596216785 0
1.249999999789788 -34.84455543380123 0
-2.110468839478763e-10 -32.67949192434595 0
18.74999999978475 -34.84455543378261 0
21.2499999997807 -34.84455543377855 0
19.9999999997792 -32.67949192432307 0
12.49999999977078 -15.35898384867544 0
-8.750000000262448 34.43747686882471 0
19.99999999973723 -2.368602791920611 0
3.749999999774047 -8.863793320315393 0
-2.788883198453125e-10 36.60254037828666 0
18.74999999975595 -13.19392033920943 0
-15.00000000022975 10.62177826477682 0
-16.25000000020604 -0.2035392825125096 0
-7.50000000020836 -24.01923788653287 0
-12.50000000024923 27.94228634044087 0
-13.75000000024493 25.77722283098027 0
-11.25000000024786 25.77722283098414 0
-6.250000000214045 -21.85417437707535 0
-5.000000000213473 -24.01923788652947 0
13.74999999970551 25.77722283101712 0
12.49999999970602 27.94228634047289 0
12.49999999972351 14.95190528373334 0
-16.25000000025991 38.76760388773148 0
28.74999999976455 -34.84455543376458 0
28.74999999977002 -39.17468245267801 0
-37.50000000010196 -41.33974596223283 0
-35.00121437658476 -41.33874718803852 0
-39.85844503909654 -41.42142314812704 0
-41.25000000017005 -4.533666301469407 0
41.24665728839193 -17.52597727337344 0
39.99862054408082 -19.68990729663377 0
-41.25000000024784 30.10734984986659 0
-41.25000000020279 17.11696879311033 0
-41.24814984919717 -21.85310619195543 0
-39.99921767665285 -19.68865919295906 0
41.24885329693108 25.77788488020397 0
39.99952678334451 27.94255955210058 0
37.49963903107985 27.94249474583461 0
38.74986096884572 30.1074301194694 0
36.24991666643171 30.10739796244627 0
37.49996293898811 32.27243475644111 0
39.99997065107963 32.27243030386539 0
38.74998893144728 34.4374832591466 0
36.24999197817938 34.43748150011353 0
37.49999681803721 36.60254221527669 0
34.99999813247257 36.60254145638359 0
36.2499991581826 38.76760437364666 0
33.7499995482009 38.76760414844725 0
38.74999932913167 38.76760427495242 0
37.49999974764555 40.9326675427765 0
39.97294168026231 40.91704544685361 0
41.21395856191405 38.75248987754399 0
-41.25000000018825 8.456714755275517 0
41.14584939910074 21.48939253419174 0
-41.06356671513137 -26.12172903905523 0
22.4999999996718 40.93266739720716 0
24.99999999966211 40.93266739721142 0
19.99999999968094 40.93266739720281 0
26.24999999966217 38.76760388776049 0
27.49999999965211 40.93266739721566 0
-10.00000000026953 40.93266739719804 0
-7.500000000272991 40.93266739720077 0
-15.00000000026371 40.93266739719225 0
-17.50000000026169 40.93266739718917 0
-25.00000000026161 40.932667397194 0
-41.25000000023486 25.77722283095605 0
41.32688508644688 -12.84741573619947 0
42.49921297188892 -19.6895652582713 0
41.24963891914585 -21.8543828469679 0
32.49999961321245 36.60254060144693 0
-37.50000000021198 19.28203230256239 0
-36.25000000023493 25.77722283095516 0
-33.7500000002499 30.10734984987046 0
32.49999999977251 -41.3397459621421 0
34.999999999775 -41.33974596213037 0
-17.50000000019181 -15.35898384872632 0
-18.75000000019449 -13.19392033926961 0
-35.00000000021685 19.28203230256775 0
13.74999999972371 12.78684177427825 0
-33.75000000020279 8.456714755286932 0
-16.25000000024228 25.77722283097663 0
14.99999999977235 -19.68911086758614 0
16.24999999977322 -21.85417437704145 0
22.49999999977504 -32.6794919243189 0
21.24999999977351 -30.51442841486357 0
-1.986341892649922e-10 -41.33974596217421 0
2.499999999796824 -41.33974596217071 0
3.749999999791479 -39.17468245271178 0
-17.50000000016123 -41.33974596218499 0
-20.00000000015284 -41.33974596218837 0
-15.00000000016879 -41.33974596218171 0
9.999999999767397 -11.02885682976433 0
-33.75000000018171 -4.533666301458474 0
-16.25000000017366 -34.84455543382193 0
12.49999999975772 -6.698729810846412 0
9.999999999761966 -6.69872981084995 0
33.74999999971625 -4.533666301359087 0
11.2499999997287 12.78684177427466 0
-15.00000000024053 23.61215932151974 0
14.99999999975305 -6.698729810842995 0
-7.500000000208821 -6.698729810873965 0
-26.25000000014207 -30.5144284149271 0
26.24999999976015 -26.18430139593827 0
-8.75000000021527 -0.203539282502493 0
-7.50000000021992 1.961524226957182 0
-10.00000000020251 -19.68911086762392 0
-8.75000000022095 4.126587736413374 0
-6.250000000224585 4.126587736416795 0
-13.75000000019759 -21.85417437708896 0
36.24999999970032 4.12658773647403 0
33.74981220269766 4.126542370328421 0
32.49978090320183 1.961471299845735 0
31.24993218412289 4.126571354249318 0
31.24999999967734 25.77722283103701 0
-7.500000000184121 -41.33974596218349 0
19.99999999979207 -41.33974596215609 0
22.49999999979073 -41.33974596214933 0
-37.49939564789429 -19.68876194470048 0
-42.50000000019342 14.95190528364496 0
-42.50000000018292 6.291651245816638 0
21.24999999967275 43.09773090665828 0
18.7499999996832 43.09773090665483 0
3.780218182744632 43.08028443055089 0
6.255739111984148 43.15689501846547 0
38.80348318256488 43.13374113463307 0
41.335476889313 43.02754136842923 0
36.25891382146364 43.10373263563635 0
-38.75000000027521 43.1602084964599 0
-41.25000000027788 43.1706214280929 0
-42.50000000027322 40.94481581739932 0
-36.25000000027171 43.1081438382699 0
26.24999999965302 43.16020849649074 0
28.7413296306427 43.17483502168153 0
-16.22505208196661 43.08332721930488 0
-18.66738511613031 43.12152367194881 0
-42.50000000017118 -2.368602792013635 0
-43.75000000016603 -4.533666301472995 0
-42.61120675122249 -19.74067241303444 0
-41.2684040714083 -17.53256566996115 0
42.49973001316091 27.94244221731657 0
-43.74476119103466 43.11492869149478 0
-40.00000000023007 23.61215932150133 0
-42.5000000002223 23.61215932149769 0
-3.750000000219079 -21.85417437707185 0
-2.500000000218449 -24.01923788652572 0
4.999999999796493 -41.33974596216846 0
-31.25000000022683 25.77722283095237 0
-30.00000000023852 27.94228634041347 0
-32.50000000022136 23.61215932149349 0
-36.25020239616566 -43.50464300931205 0
-16.25000000019648 -13.19392033926498 0
-15.00000000018784 -15.35898384871948 0
-17.50000000019949 -11.0288568298105 0
17.49999999971309 14.95190528374043 0
18.74999999970928 17.11696879319909 0
-18.75000000015432 -43.50480947164009 0
36.246764014347 -17.52591565512921 0
-13.75000000017564 -39.17468245272617 0
-6.250000000266088 34.4374768688272 0
-10.00000000017955 -41.33974596218427 0
-6.250000000261136 30.10734984990769 0
9.999999999711321 27.94228634046823 0
-31.25000000022273 21.44709581203618 0
2.499999999784368 -32.67949192434229 0
1.249999999783463 -30.51442841488701 0
23.74999999969948 21.44709581211455 0
22.4999999996995 23.61215932156902 0
13.7499999997778 -21.8541743770451 0
14.9999999997787 -24.0192378865004 0
6.249999999797199 -39.17468245271099 0
-1.250000000209547 -17.52404735815281 0
-5.000000000270316 36.60254037828666 0
-25.00000000021615 10.62177826475948 0
7.501659266858566 40.94212235050722 0
8.75123306293685 43.17164500733907 0
10.00048205476336 40.94656223954098 0
11.24161548374132 43.17905691387536 0
12.49868292287779 40.94853753880472 0
13.72766407223474 43.23724369164238 0
11.24986082940613 38.77256471841095 0
24.9999999997167 6.291651245916106 0
17.49999999977409 -24.01923788649673 0
16.24999999977953 -26.18430139595564 0
-42.50000000016497 -6.698729810928782 0
-13.74584201388447 43.09533029209567 0
8.749999999753456 -0.2035392824788866 0
4.999999999768882 -6.698729810856279 0
-1.25000000021187 -30.51442841489113 0
21.24999999970528 21.44709581211198 0
19.99999999970382 23.61215932156647 0
18.74999999977778 -30.51442841486772 0
18.74999999977498 -26.18430139595152 0
-2.500000000193939 -41.3397459621776 0
-1.250000000193317 -43.50480947163307 0
12.49999999977701 -19.68911086758983 0
3.749999999785248 -34.84455543379758 0
11.24999999975667 -4.53366630139095 0
22.49999999975208 -15.35898384866111 0
11.24999999970728 30.10734984993042 0
29.99995218103151 1.961512675444098 0
-2.500000000269713 32.27241335937016 0
-33.75000000021726 17.11696879311278 0
-2.402748370637179e-10 6.291651245881194 0
-2.584906574501897e-10 19.28203230262819 0
-18.7500000002575 38.76760388772853 0
-3.75000000025979 25.77722283099519 0
31.24995551384957 -0.2035500289026958 0
-11.25000000025349 30.10734984990144 0
-27.50000000026585 40.93266739719061 0
-26.22505208197127 43.08332721931424 0
-28.66738511614804 43.12152367195148 0
-21.25000000024027 25.77722283096815 0
-6.250000000255762 25.77722283099185 0
-5.000000000255064 23.61215932153559 0
-18.75000000018447 -21.8541743770942 0
14.99999999970012 27.94228634047591 0
36.24999999977211 -39.17468245267138 0
37.49999999977749 -41.3397459621237 0
38.74999999977447 -39.174682452666 0
39.99999999977868 -41.33974596211804 0
41.24999999977497 -39.17468245266194 0
42.49999999977825 -41.33974596211239 0
43.74999999977329 -39.17468245265785 0
42.49999999977102 -37.00961894320297 0
38.74999999982603 -43.50480947157979 0
32.49999999970358 6.291651245926465 0
29.99998869711025 6.29164851555343 0
31.24999811593596 8.456714300319984 0
8.749999999813637 -43.50480947162698 0
17.49999999968998 40.93266739720402 0
41.24999326352586 34.43748075802505 0
-3.750000000213445 -26.1843013959837 0
38.74915225800386 8.456225311495158 0
41.22148156830965 8.472157707485456 0
42.59678179375378 10.38684063922566 0
-5.000000000224204 1.961524226960119 0
-2.176751001670141e-10 -28.34936490543274 0
-7.500000000251307 23.61215932153221 0
-21.25000000014528 -43.50480947164242 0
-22.50000000014327 -41.33974596219209 0
-23.75000000013527 -43.50480947164532 0
-25.00000000013291 -41.3397459621961 0
-23.74584201388033 43.09533029210332 0
42.49999398554468 32.27241683171089 0
23.74999999977605 -34.84455543377397 0
-26.25000000012446 -43.50480947164807 0
-27.50000000012176 -41.33974596219961 0
-28.75000000011315 -43.50480947165116 0
-30.00000000011023 -41.339745962203 0
-11.25000000018517 -34.84455543381904 0
-31.25000000010296 -43.50480947165822 0
-7.500000000225732 6.291651245873121 0
-5.000000000229206 6.291651245876547 0
24.99999999977076 -32.67949192431414 0
3.749999999798327 -43.50480947162548 0
-10.00000000022223 6.291651245867187 0
-3.750000000188745 -43.50480947163446 0
23.74999999978387 -39.17468245268971 0
-8.750000000178506 -43.50480947164115 0
-11.25000000017614 -43.50480947163743 0
24.99999999979692 -41.33974596213552 0
21.24999999980272 -43.50480947160601 0
-43.75000000022445 25.77722283095086 0
-43.78321236678719 8.453204878810421 0
-43.75000000014201 -17.52404735817736 0
-42.61471284217758 -15.30057292586114 0
20.00242054620247 45.32644833417132 0
-8.6715431025015 43.12392428650836 0
-6.240102023410016 43.09511790061043 0
-4.998350337465418 40.9322318961956 0
-3.694566414343542 43.13245105170846 0
-4.964163488175394 45.25374191860237 0
-37.49924457395271 45.31536399512157 0
37.56839244524956 45.30841027103933 0
43.74976388480243 25.77735915205601 0
-43.69572831580064 17.14830256471098 0
43.68641339368605 -21.89088612110342 0
42.4893420519553 -24.02539125546361 0
39.99816349500788 -24.02029819295113 0
41.24791759098251 -26.18550367515761 0
38.74982997885171 -26.18439955751516 0
39.99962459479889 -28.34958164550608 0
42.49959036411501 -28.34960140859011 0
41.24986915965236 -30.51450395538612 0
43.69083414629825 -30.48037300800808 0
45.35125381791212 -19.81118295983095 0
-43.75000000013746 -21.85417437710106 0
43.58627826327366 34.46605817437897 0
44.97388814116363 -37.02498784418089 0
-41.25000000022094 21.44709581204501 0
-43.7500000002134 21.44709581204151 0
43.70077504226686 -34.87302434493951 0
41.24179584018664 -34.8493002522803 0
-36.25000000022142 21.44709581203434 0
4.999999999779856 -32.67949192434031 0
13.74975729184354 38.77107571646521 0
12.49993635334084 36.6039458215299 0
16.24999999970203 25.77722283102013 0
36.24999999973078 -21.85417437701231 0
17.49999999969865 27.94228634047593 0
19.99999999970954 14.95190528374309 0
32.49999999967077 27.94228634049848 0
31.24999999967293 30.10734984995315 0
12.49999999972945 10.62177826481878 0
14.99999999972541 10.62177826482101 0
9.999999999733955 10.62177826481596 0
8.749999999734026 12.78684177427119 0
-17.50000000023786 23.6121593215161 0
-10.00000000019335 -15.35898384870574 0
24.99999999976521 -28.3493649053975 0
23.74999999976514 -26.18430139594166 0
-20.00000000014674 -45.66987298109447 0
26.24999999967284 34.43747686885153 0
28.74999999966554 34.43747686885548 0
-5.000000000212568 -19.68911086761653 0
6.249999999769742 -8.86379332031191 0
8.749999999760997 -4.533666301394417 0
-30.00000000025486 32.27241335933486 0
-42.50553539462213 10.62119328532049 0
4.999999999775002 -11.02885682977108 0
-3.750000000218971 -4.533666301411329 0
-5.000000000219333 -2.368602791955567 0
21.24999999969985 25.7772228310232 0
-20.00000000019572 -11.02885682981407 0
-18.75000000020057 -8.863793320355114 0
24.99999999976002 -24.01923788648363 0
-16.25000000023758 21.4470958120592 0
-13.75000000023948 21.4470958120631 0
-6.250000000250386 21.44709581207577 0
-8.750000000248612 21.44709581207334 0
-3.750000000253828 21.44709581207938 0
29.99855493813704 40.94551808305815 0
31.22759509922901 43.2360368003373 0
39.97794339497921 6.304052122646482 0
42.29443092983777 6.252448050350688 0
-2.500000000186882 -45.66987298108796 0
33.74999999967329 25.77722283104541 0
32.49999999967802 23.612159321583 0
18.7499999997969 -43.50480947161076 0
33.74999999979977 -43.50480947159426 0
31.24999999977254 -43.50480947160821 0
-40.02218615236251 -15.35066841354313 0
-41.2728164991859 -13.18279927959486 0
-43.8057378043718 -13.10997431678389 0
-42.51309238402816 -11.01301231612087 0
-44.93597201701107 -11.04615618873467 0
-44.77005014655985 -6.877937157989202 0
-46.14192908180962 -4.869119520854932 0
45.33823563964481 32.40112767842436 0
-45.35531473857566 14.97200851730905 0
44.98777208198668 27.97112624846665 0
-45.00000000018421 10.62177826472733 0
44.95035782673305 -28.34290424289293 0
22.49999999966449 45.26279441611307 0
-2.482082822531719 45.30536282122823 0
-34.99987409583932 45.32434281786978 0
-33.74997901619784 43.10972446220459 0
-32.44646653930326 45.36669979276781 0
17.48917066437888 45.44689821451752 0
35.00002705481898 45.29503997283294 0
-45.03076802975367 40.96895436468785 0
-43.75000000026954 38.76760388769024 0
-46.22255664771832 38.79908903975658 0
-44.93471176730317 36.64284134462213 0
44.94297643349046 -24.04257038830855 0
27.49410178950444 45.40037433794894 0
-15.00000000026866 45.26279441611138 0
-12.44579802293283 45.35404269744987 0
5.001559996218811 45.29687548110435 0
2.508624015195387 45.29256145806664 0
9.994230949101656 45.40170583480686 0
-42.49974930614013 45.29899366885122 0
-44.98769761978153 45.35250148357132 0
-25.00000000026705 45.26279441612513 0
-22.44579802295637 45.35404269746202 0
45.06292066285317 -41.33024727514199 0
43.76048677697521 -43.50322635706725 0
46.24999999978233 -43.50480947157239 0
-45.00000000017845 6.291651245813082 0
-43.75000000017761 4.126587736357573 0
-46.25000000017327 4.126587736353986 0
-44.95303131812862 1.988641608120065 0
-46.27568275867625 8.55833538674214 0
-47.57257253828935 36.48743275087708 0
46.23817106883457 -39.09346815726316 0
46.24506787604503 25.90066868687766 0
45.04986006962984 23.6199868180987 0
46.41708411297815 21.43351241745223 0
43.6941591087143 21.16364437813491 0
47.59334615244174 -36.69592770837082 0
-47.59398388310396 1.705712656812544 0
-3.740931084090302 47.63068378958759 0
3.753022889890074 47.62181427944915 0
21.25144080128393 47.56635335900219 0
-36.24841444423634 47.62609812911086 0
-11.19865517906746 47.63454483271225 0
-9.935044692321085 45.3417081685372 0
-21.1986551791 47.63500136654346 0
-19.93435169460141 45.34202330243045 0
-31.19873476442941 47.63650816360482 0
-29.93447637823072 45.34438395116037 0
-16.23750436388799 47.5237348654696 0
-26.23750436393506 47.52373486546342 0
24.99949845124549 45.52668526849607 0
0.06134009535820325 45.48270900500579 0
-1.1884151774694 43.13568965864975 0
7.500234959077767 45.53569999506087 0
-43.73744569216218 47.62181340272321 0
-47.68298199390205 45.7914236885489 0
-39.99881096541826 45.52965864751293 0
36.26067143348753 47.63517703883731 0
32.46996533579046 45.51493873927433 0
38.8202076067316 47.69036365498147 0
40.09951116200759 45.3204832961416 0
42.73434860152373 45.52707765775096 0
43.67919487527627 42.82367643389941 0
45.10915307785747 44.64993978276767 0
44.61127971293717 47.10865043372073 0
-6.220162669253734 47.56562988303175 0
18.75570221244941 47.74415057788201 0
14.95652924443955 45.5502091815151 0
1.262274467812528 47.69903746910684 0
-38.74932173221064 47.71140052476736 0
8.747632589932822 47.74838954856337 0
26.24748831199069 47.74666517799333 0
13.73103476358847 47.78607038695547 0
31.23414697561353 47.78562268570882 0
44.98563315661384 -45.67891292001995 0
32.49999999977862 -45.66987298107262 0
33.74630113167984 43.13418477596985 0
-33.75000000022972 25.77722283095194 0
2.49999999977907 -28.34936490542877 0
1.249999999776725 -26.18430139597578 0
6.249999999784151 -34.84455543379474 0
-1.250000000218253 -21.85417437706794 0
6.249999999800382 -43.50480947162499 0
4.999999999802087 -45.66987298108049 0
-42.49095471947575 19.28725459784505 0
-44.93517548828209 19.3194587519853 0
-46.20773784398623 21.4336119352988 0
-47.57452790640119 19.08650332222031 0
-33.75023612885575 -43.50461526557559 0
-38.75000000022235 21.44709581203753 0
-32.5002417509783 -41.3395471321651 0
-12.50000000018974 -15.35898384871094 0
37.49990909544122 -28.34941738899639 0
-13.7500000001904 -13.1939203392558 0
-13.75000000018959 -17.52404735817531 0
-42.48911862810711 36.6092572059679 0
-43.67659072520724 34.48036660884509 0
-16.25000000019094 -17.5240473581809 0
-35.00000000022703 23.61215932149525 0
47.81404327861691 16.30742893136933 0
45.66639077908903 15.00957148840361 0
45.73216119602395 12.61048682603372 0
43.66465720552706 13.92455071089879 0
43.63674318758518 16.2806870330857 0
-47.90264076098327 -16.26159137709888 0
-45.40608939255687 -15.20471768902159 0
-39.9984924534234 19.28290268511801 0
-16.25000000020109 -8.863793320349357 0
-32.50000000022317 19.2820323025713 0
-31.25000000022284 17.11696879311659 0
42.48054569798731 -32.67936423486555 0
45.34547647654611 -32.62036364542805 0
39.99536844951912 -32.68027403590262 0
38.74786071479686 -34.84547658877506 0
-17.50000000020189 -6.698729810893228 0
-20.00000000020025 -6.69872981089887 0
-18.75000000020476 -4.533666301437831 0
-41.23595155906725 34.44574463008005 0
-42.48542371421884 32.28093960955371 0
-45.34998721679992 32.35949336907582 0
-43.75000000025683 30.10734984987596 0
-17.50000000020946 -2.368602791975334 0
-18.75000000020387 -0.2035392825140281 0
-17.50000000020208 1.961524226945818 0
-20.0000000001998 1.961524226947077 0
-20.00000000020347 -2.368602791976739 0
21.24999999983535 -47.83493649053049 0
22.49999999982342 -45.6698729810625 0
24.99999999984678 -45.6698729810584 0
-47.89475140278435 -21.24999999984505 0
-45.40135813389839 -19.87412773538088 0
7.499999999806438 -41.33974596216936 0
8.749999999801059 -39.1746824527097 0
7.499999999805078 -45.6698729810822 0
18.74999999970651 21.44709581211084 0
-30.00000000010126 -45.66987298110372 0
-25.00000000012312 -45.66987298109718 0
14.99994894066434 36.60335325695384 0
13.74998088213587 34.43784658915914 0
11.24998620571698 34.43777272943554 0
18.74999999970133 25.77722283102149 0
-38.74261816509606 -47.83919839493962 0
-39.99138785927639 -45.67484520289081 0
-42.30070306492752 -45.81218051225643 0
12.49999451444486 32.27252428954123 0
14.99999589923032 32.27249346779831 0
26.24999999986465 -47.8349364905235 0
27.49999999985156 -45.6698729810538 0
26.24999999981301 -43.50480947158793 0
3.74999999978037 -26.18430139597348 0
-38.74765859340037 34.43885482899948 0
18.74999999971419 12.78684177428466 0
-30.00000000022465 19.28203230257818 0
-28.75000000022433 17.11696879312274 0
-30.00000000022133 14.95190528366229 0
-27.50000000022332 14.95190528366774 0
-28.75000000022031 12.78684177420727 0
7.499999999784839 -32.67949192433942 0
21.24999999970817 17.11696879320011 0
34.99946066883541 -19.68942225039572 0
-41.24818643824281 38.77074809569241 0
-17.50000000015647 -45.66987298109139 0
11.24999999973477 8.456714755359876 0
8.749999999739895 8.456714755356851 0
-21.25000000020406 -0.2035392825187657 0
-1.914355340915108e-10 -45.66987298108527 0
-18.75000000023751 21.44709581205584 0
7.499999999793407 -37.00961894325238 0
-47.84223633542965 -26.24999999987066 0
-45.69298915658161 -27.49999999987507 0
-45.67372567697615 -29.99999999988441 0
-43.59536609701854 -28.84012484521831 0
-43.52054435847766 -31.26502080744135 0
-41.47058086230862 -29.93667891258438 0
-41.28627171915502 -32.40363222414399 0
-43.50231268957747 -33.72987231147376 0
-38.72753839668859 -33.22539044769527 0
-47.83557860651331 -31.24999999989482 0
-45.8891978675876 -24.98255303045185 0
13.74999840208034 30.10738168969119 0
47.57922811529041 44.09767625580744 0
-47.84424028193314 -43.73388536055021 0
-45.68638127332588 -42.47140679902718 0
-45.67262436310356 -39.99523446646273 0
-43.56237517510983 -40.96786737118647 0
-43.55913677901753 -38.61506516888591 0
-45.67938609596972 -37.47671660585151 0
-43.6162142164809 -36.2006835653209 0
-45.6896098273553 -34.98454541373083 0
-45.82735356209493 -44.95052662613227 0
-46.02150741259774 -47.64458240271657 0
45.66987298106716 17.49999999982415 0
43.5970053245886 18.61413182777035 0
41.35502173069079 17.34570815446898 0
47.83493649054894 -18.75000000013882 0
37.49887152722204 -32.67977580206588 0
21.24999999971048 12.78684177428716 0
-42.50000000025121 27.94228634041824 0
-44.98781511833941 27.97110140164699 0
-46.23795719954327 25.89943393836703 0
-23.75000000014136 -39.17468245274048 0
-33.75000000021982 21.44709581203249 0
35.00086890113153 40.93974347895157 0
-3.750000000269629 34.43747686882715 0
11.24999999981071 -47.83493649053903 0
47.84531785969697 11.26841447084763 0
45.3064702938543 10.13879005543907 0
45.76025680927738 7.490204839747623 0
-47.50532154266848 -11.1464315717051 0
27.49999999966583 36.60254037830779 0
29.99999993524676 36.60254041550233 0
31.24999992452351 34.43747691225542 0
33.74999827462641 34.43747786484633 0
32.49999969963721 32.27241353264479 0
-45.02979880893871 23.64340821028631 0
22.49999999976999 -28.34936490540185 0
38.74972419573467 -30.51448961995816 0
34.99998484903216 -28.3493736526494 0
9.999999999741117 6.29165124589916 0
17.49999999972105 10.62177826482366 0
37.49964345227401 -37.00977246904731 0
-27.50000000025139 32.27241335933876 0
47.8349364905276 31.24999999989935 0
13.74999999973124 8.456714755361785 0
43.7300307111645 -26.18837872771892 0
46.19746242945276 -26.21161297639614 0
-35.00003728961104 -45.6698423120402 0
-28.7500000001207 -39.17468245274861 0
-7.500000000261274 32.27241335936791 0
13.74999999978317 -26.18430139595961 0
47.85000046190667 6.248367473138768 0
45.82516667357493 4.99809538535937 0
-18.75000000023988 25.77722283097281 0
14.99999999978403 -28.34936490541499 0
11.2499999997823 -21.85417437704879 0
9.99999999978124 -19.68911086759292 0
-10.00000000025763 32.27241335936491 0
7.499999999784507 -19.68911086759578 0
8.749999999780236 -17.5240473581374 0
-12.50000000017532 -41.33974596218107 0
-13.75000000017246 -43.5048094716367 0
-12.50000000016988 -45.66987298109084 0
-11.25000000018151 -39.17468245272333 0
8.749999999712216 30.1073498499259 0
7.499999999716828 27.94228634046617 0
14.99999999973304 6.291651245903992 0
-36.24766147132691 -21.85282422685541 0
-33.74975000406749 -21.85403004179348 0
-32.49966209971577 -24.01904279965291 0
-31.24995000893778 -21.85414551465607 0
-29.99993535153367 -24.01920056165876 0
-28.74999303708116 -21.85417035696354 0
-29.99999050776593 -19.6891053872114 0
-34.99946785395078 -19.68880363289011 0
-36.2498105837415 -17.52393799856812 0
-31.24942188815168 -26.18396762290095 0
-28.74989287337333 -26.1842395463403 0
-29.99937477319668 -28.34900393052937 0
-27.49987794118975 -28.34929443470354 0
18.74999999972311 8.456714755366379 0
38.74999999992812 -47.83493649053117 0
39.99999999987072 -45.6698729810421 0
36.24999999991191 -47.83493649053374 0
34.99999999984081 -45.6698729810618 0
47.84311613349549 38.7499999999406 0
45.85644830679492 39.95222107498248 0
45.90647386140252 37.48561979891501 0
47.83493649052452 36.24999999993021 0
26.24999999976527 -30.51442841485331 0
17.49999999970467 23.61215932156497 0
9.99999678650053 32.27248115784295 0
-33.74355960584083 -26.18058303263577 0
-32.49985972916631 -19.68902988215672 0
7.499999999770989 -11.02885682976769 0
47.8436524884871 -13.75000000015149 0
45.32892172308453 -15.19289980280555 0
45.66987298108504 -12.50000000015646 0
45.66987298108258 -10.00000000016045 0
43.50480947162691 -11.25000000016065 0
43.54983168683691 -8.827980764383078 0
41.39306238185881 -10.16784573441068 0
45.67737668361631 -7.512996794200831 0
43.53479930359988 -6.270518857660299 0
45.6698729810766 -5.000000000169495 0
43.50480947161773 -3.75000000017434 0
45.66987298107345 -2.500000000173634 0
43.59426884778464 -1.283287988313149 0
45.68478287710023 -0.00554799820043513 0
43.60126867293391 1.190973049260504 0
45.71431677938254 2.488920072645826 0
43.54625896362968 3.964411179633477 0
47.83742147320676 -1.250924666510382 0
-47.83493649054257 13.75000000015019 0
-38.75650235536994 -17.52392951141007 0
37.49831853398672 -19.69008166225056 0
33.74937078035345 -17.52441063808033 0
23.74999999967989 34.43747686884743 0
32.49999999969246 14.95190528375286 0
-15.00000000023583 19.28203230260278 0
9.999999999755406 -2.368602791935176 0
-28.75000000022637 21.44709581204033 0
23.74991640826161 43.15212564702945 0
-18.75000000019956 4.126587736403796 0
-16.25000000020257 4.12658773640282 0
-17.50000000021034 6.291651245859087 0
-15.00000000021388 6.291651245862077 0
-18.7500000002199 8.456714755314051 0
43.74999999971098 -17.52404735808651 0
-22.50000000016247 -28.34936490546823 0
-8.750000000246089 17.11696879315839 0
-10.00000000024792 19.28203230261444 0
14.99601738100781 40.95914318975276 0
7.499999999728511 19.28203230263895 0
8.749999999729241 17.11696879318431 0
22.49999999970451 19.28203230265768 0
-23.75000000016032 -26.18430139601316 0
-31.25000000017877 -8.863793320370592 0
-26.25000000022551 17.11696879312849 0
4.99999999973933 14.95190528372084 0
-26.25000000022226 12.78684177421244 0
-27.50000000021886 10.62177826475231 0
-30.0000000002149 10.62177826474834 0
-22.50000000014961 -37.00961894328417 0
24.99999999967193 36.60254037830386 0
8.750333691690884 38.77232232546773 0
33.74822670710518 -13.19494415016133 0
-20.00000000024379 27.94228634042945 0
28.74999999967487 30.10734984994617 0
-2.500000000207109 -15.35898384869606 0
-3.750000000201416 -17.52404735815461 0
-27.50000000017144 -15.35898384873609 0
-27.50000000013093 -37.00961894329279 0
-7.500000000236136 10.62177826478472 0
31.24970445096211 -13.19409097435384 0
-15.00000000019896 -11.0288568298044 0
34.99487330924836 -15.36194374477184 0
-28.75000000021132 8.456714755292943 0
31.24989512984137 -17.52410790476881 0
29.99999999969583 14.95190528375047 0
31.24999999969681 12.78684177429411 0
27.49999999977022 -37.00961894322388 0
-32.50000000025565 32.27241335933149 0
-31.25000000025823 30.10734984987225 0
-10.00000000025263 27.94228634044527 0
-26.25000000021137 8.456714755299959 0
-30.00000000020317 6.291651245832824 0
14.99999999970731 23.61215932156233 0
-18.7500000002348 17.11696879314084 0
42.49999999971231 -15.35898384863228 0
-20.00000000023759 23.6121593215123 0
-12.5000000002551 32.27241335935935 0
-31.24683953247335 -30.51260371807969 0
3.749999999744258 12.78684177426068 0
33.74998269884264 12.78683178564638 0
-40.00092256593236 10.62168076816578 0
17.49999999970845 19.28203230265454 0
23.74999999969393 25.77722283102657 0
12.49999999978656 -28.34936490541919 0
-6.249725056469946 38.76753130424264 0
-3.749679232506353 38.76751920699328 0
16.24999999978884 -34.84455543378632 0
-26.25000000024531 30.1073498498802 0
8.749999999766006 -8.863793320308615 0
8.749999999772891 -13.19392033922338 0
6.249999999706778 38.76760388775114 0
-12.50000000024443 23.61215932152415 0
-41.25107632688878 12.78672802819283 0
14.9999999997877 -32.67949192433053 0
33.74999747462735 -26.18430285380345 0
-23.75000000022197 12.78684177421833 0
-7.500000000198279 -15.35898384870199 0
-8.75000000019191 -17.52404735816117 0
-37.50000000016026 -11.02885682983257 0
-12.50000000018505 -32.67949192436394 0
-13.75000000018004 -34.84455543382018 0
36.24990437424483 8.456659546004829 0
-12.49930700253594 40.93226729476924 0
-2.500000000243082 10.62177826479244 0
9.999999999785699 -24.01923788650766 0
-2.466331124738147 40.94772509732316 0
-2.149098676795802e-10 -19.68911086760913 0
39.99821666776299 -37.01058885977226 0
-10.0000000002105 -2.368602791962067 0
-13.75000000018485 -30.51442841490931 0
-3.750000000212973 -8.863793320326058 0
17.4999999997834 -32.679491924327 0
-21.25000000015095 -39.17468245273629 0
-2.500000000206303 -32.67949192434973 0
24.9999999997409 -11.02885682974318 0
23.74999999973995 -8.863793320287609 0
21.24999999974439 -8.863793320291167 0
19.99999999974346 -6.698729810835539 0
18.74999999974923 -8.86379332029491 0
22.49999999974554 -11.02885682974678 0
-41.25000000017619 -0.2035392825541008 0
47.83618710763032 -8.752166132499612 0
-44.81393153150081 -2.454550776517229 0
-3.750000000228766 4.126587736419669 0
19.99999999976984 -24.01923788649203 0
7.499999999759612 -2.36860279193861 0
33.7492293535844 -0.2037317821602687 0
32.49986414438367 -2.368636666265278 0
9.999999999797128 -37.00961894325101 0
-35.00000000018957 1.961524226912641 0
-33.75000000018831 -0.2035392825430662 0
-32.50000000019394 1.961524226916204 0
-31.25000000019234 -0.2035392825393153 0
-30.00000000019658 1.961524226920112 0
-28.75000000018919 -4.533666301450603 0
21.24999999973812 -4.533666301376315 0
18.74999999974269 -4.533666301379998 0
17.49999999974168 -2.368602791924263 0
6.249999999776332 -13.19392033922697 0
7.499999999777531 -15.35898384868242 0
-1.250000000254331 17.11696879316871 0
-3.750000000250534 17.11696879316535 0
7.499999999764905 -6.698729810852932 0
28.74999999972514 -4.533666301365966 0
-43.66419179300954 -0.1862270018821481 0
-2.7425401421891e-10 32.27241335937207 0
-17.50000000024478 27.94228634043367 0
-2.500000000218148 -6.698729810866912 0
6.249999999764103 -4.533666301397353 0
26.24999999972351 -0.2035392824545923 0
2.499999999779217 -11.02885682977452 0
-8.750000000167052 -47.83493649054418 0
6.249999999757925 -0.2035392824824661 0
3.749999999768048 -4.533666301400658 0
32.49999999972144 -6.698729810818099 0
12.49999999978233 -24.01923788650416 0
3.749999999780173 -13.1939203392302 0
16.24999999974068 -0.2035392824684457 0
14.99999999974635 -2.368602791928056 0
11.24999999980124 -39.17468245270779 0
18.74999999976869 -21.85417437703747 0
28.74997884356875 4.126582625771944 0
-35.00000000018307 -2.368602792002605 0
32.49867839620806 -15.35974687679776 0
-40.00000000016829 -6.698729810919791 0
28.74999780197933 8.456714224473288 0
-6.250000000208197 -26.18430139598721 0
18.7499999997364 -0.2035392824649556 0
11.24999999976935 -13.19392033921988 0
-12.50000000019667 -11.02885682979706 0
11.2499999997494 -0.2035392824755512 0
-15.00000000020156 -6.698729810887144 0
23.7499999997218 4.126587736456917 0
1.249999999802429 -43.50480947162806 0
34.99906474623175 -2.368918638051069 0
2.499999999790641 -37.00961894325648 0
-33.75000000019544 4.126587736371815 0
26.24999963342337 8.456714666890997 0
-8.750000000209685 -4.533666301418135 0
3.749999999780229 -30.514428414886 0
-35.00000000019652 6.291651245827524 0
-32.50000000020135 6.291651245830668 0
23.74999999976975 -30.51442841485855 0
19.99999999975678 -15.35898384866471 0
22.49999999978147 -37.0096189432338 0
13.74999999977162 -17.52404735813087 0
-11.25000000021516 4.126587736407888 0
-1.250000000229163 -0.2035392824930004 0
38.96588643707378 -8.914211557791976 0
29.99999999976101 -32.67949192430412 0
1.249999999760551 4.126587736425351 0
-45.66987298105025 -32.49999999989181 0
-22.50000000025391 36.60254037826724 0
-3.750000000194503 -39.17468245272219 0
16.24999999978304 -30.5144284148712 0
-26.25000000017094 -17.52404735819126 0
1.249999999721049 34.43747686883072 0
-32.50000000018029 -6.698729810914444 0
24.99999999974732 -15.35898384865747 0
-15.0000000001911 -24.01923788654456 0
-3.750000000207055 -30.51442841489531 0
13.749999999752 -4.533666301387431 0
-32.50728625900031 -37.00362629819642 0
-28.75000000018254 -8.863793320366954 0
-5.00000000020128 -32.67949192435371 0
29.99999999972593 -6.698729810821595 0
-5.000000000189102 -41.33974596218043 0
-11.21625580574089 43.12999002275973 0
-41.25000000018211 4.126587736361105 0
24.99999999969923 19.28203230265966 0
-12.50000000023231 10.62177826477858 0
17.49999999972904 6.291651245906527 0
23.74999999974645 -13.19392033920213 0
47.87073673423319 3.747563821767811 0
8.749999999717131 25.77722283101022 0
4.999999999721718 27.94228634046326 0
16.24999999971876 12.78684177428165 0
6.249999999782056 -17.52404735814109 0
18.74999999969928 30.10734984993 0
-1.230497657407298 38.77313063854719 0
27.49999416258597 6.291649835844393 0
31.24997735716537 -4.533671947089505 0
4.999999999790354 -37.00961894325398 0
-30.00000000016092 -15.35898384873723 0
17.4999999997798 -28.34936490541102 0
-18.75000000025259 34.43747686881018 0
-21.25000000025171 34.4374768688075 0
-32.50000000018709 -2.36860279199879 0
-20.00000000018375 -19.68911086764032 0
32.49992265400316 -19.68915552314177 0
47.79430250495835 -21.19425299071538 0
-1.250000000264117 25.77722283099853 0
-6.250000000208308 -8.86379332032957 0
10.00001951326188 36.60443714033044 0
-8.750000000202848 -26.18430139599059 0
-16.25000000017869 -30.51442841491238 0
38.74912358194892 -21.85468037704561 0
-11.25000000025942 34.43747686882074 0
1.249999999737026 21.4470958120873 0
-6.250000000219687 -0.2035392824994745 0
-47.83698057335496 -38.74532517868001 0
27.49998850391381 1.961521449961989 0
17.49999999975487 -11.02885682975399 0
-22.49930700252921 40.93226729476666 0
28.74999117315849 -0.203541414684337 0
21.24999999975118 -13.19392033920578 0
38.7291366589206 17.18139920277052 0
26.24999358487161 4.126586186825419 0
-17.50000000018464 -24.01923788654804 0
-35.00000000021108 14.95190528365447 0
29.9999646980011 -2.368611525036338 0
-21.25000000018959 -13.1939203392728 0
27.49999999975473 -24.01923788648025 0
-42.50000000017689 1.961524226902102 0
-11.25000000022489 8.456714755322274 0
6.249999999716755 30.10734984992225 0
-31.25000000018562 -4.533666301454658 0
-6.250000000183775 -43.50480947163745 0
-43.7500000001865 12.78684177418638 0
9.999999999723139 19.28203230264311 0
-30.00000000018405 -6.698729810910678 0
-1.250000000273877 34.43747686882867 0
16.24999999972714 8.45671475536389 0
19.99999999977517 -28.34936490540711 0
6.249999999722076 25.77722283100742 0
-5.000000000265518 32.27241335936689 0
-5.000000000213578 -6.69872981087064 0
-7.500000000202423 -28.34936490544499 0
19.99999999975019 -11.02885682975034 0
-2.500000000259303 23.61215932153936 0
22.4999999996943 27.9422863404802 0
28.74975914533195 38.76974567493714 0
-8.750000000257234 30.10734984990753 0
-1.250000000241105 8.456714755336954 0
47.79714083273723 -31.27728713032878 0
-47.8349364905569 31.25000000007435 0
-17.50000000017241 -32.67949192436875 0
8.750000417435139 34.43785360568724 0
-6.250000000214259 -4.533666301414934 0
-16.25000000016419 -43.50480947163688 0
-32.50000000021637 14.95190528365826 0
-30.00000000019081 -2.368602791994802 0
-7.50000000025622 27.94228634044827 0
17.49999999974829 -6.698729810839383 0
16.24999999975393 -8.863793320298463 0
-28.7500000001953 -0.2035392825349459 0
-35.00000000023995 27.94228634041076 0
12.49999999975081 -2.368602791931537 0
16.24999999974734 -4.533666301383687 0
11.24999999977613 -17.52404735813418 0
22.49999999970834 14.95190528374356 0
37.49951950917095 -24.01951529781779 0
-22.50000000023649 23.61215932150859 0
-31.25000000021547 12.78684177420365 0
-15.00000000017912 -32.67949192436608 0
9.999999999808102 -45.66987298108532 0
-17.50000000018937 -19.68911086763891 0
-27.50000000024007 27.94228634041865 0
-29.98623085291393 40.93663285806632 0
-7.500000000214787 -2.368602791958778 0
47.83535065431636 -3.750154111225176 0
26.24999999975434 -21.85417437702561 0
18.74999999968941 38.76760388774915 0
-8.750000000251632 25.77722283098844 0
11.2499999997235 17.11696879318832 0
-22.50000000019034 -11.02885682981729 0
29.99999999968279 23.61215932157901 0
-1.250000000258513 21.44709581208381 0
-3.750000000224265 -0.203539282496316 0
-16.25000000019099 -21.85417437709301 0
-32.50000000020938 10.62177826474513 0
-23.75000000015339 -30.51442841492496 0
36.24882974737325 25.77789847653396 0
9.999999999775387 -15.35898384867868 0
-37.50000000023132 23.61215932149904 0
-18.75000000014419 -47.83493649054731 0
-17.50000000025612 36.60254037827087 0
36.24987348447676 -26.18437443954192 0
-42.34033636750815 -23.95646640499648 0
28.74999999970057 12.78684177429226 0
19.9999999997008 27.94228634047692 0
29.9999999371412 32.27241339550896 0
23.74999999975924 -21.85417437702891 0
7.499999999739836 10.62177826481144 0
-33.75995769984713 -39.16649265858179 0
-26.25000000013133 -39.17468245274432 0
-20.00000000023537 19.28203230259634 0
7.499999999745818 6.291651245896084 0
-33.75000000026647 38.76760388771064 0
9.999999999729157 14.95190528372936 0
-5.00000000020766 -28.34936490544137 0
-28.74770514237065 38.76826479787024 0
17.49999999979583 -41.33974596215718 0
42.48054968960037 23.57390369313559 0
22.49999999976522 -24.01923788648739 0
29.99999965263516 10.62177818099619 0
-10.00000000024846 23.61215932152858 0
-2.50000000022914 1.961524226962959 0
28.74999999976053 -30.5144284148483 0
-31.25000000020714 8.456714755289472 0
-21.25000000019553 -8.863793320358363 0
-47.84015216453432 -36.24276453300445 0
33.74999999969691 8.456714755384684 0
-17.50000000022663 10.62177826477352 0
-2.5000000002129 -28.34936490543746 0
32.49997944356615 10.62176652159624 0
21.24999999977043 -26.18430139594659 0
-31.25291428503001 -39.172285574532 0
-1.250000000234254 4.126587736421699 0
-19.98611535328255 40.9365661743366 0
6.249999999806706 -47.83493649053852 0
34.99995276262369 6.291634483341234 0
34.99994057518354 -37.00964453085392 0
-21.25000000021264 4.126587736394068 0
29.99999999977891 -41.33974596213335 0
-1.250000000219092 -26.18430139597957 0
7.499999999734284 14.95190528372541 0
37.496158798208 6.293624489405989 0
-31.25000000019777 4.126587736375184 0
41.2498470669404 30.10743814574339 0
-2.500000000253955 19.28203230262453 0
34.99973090731454 27.94244170105232 0
-15.0000000001745 -37.00961894327443 0
42.33493070666621 36.53667781784016 0
27.49999999976531 -32.67949192430883 0
-22.50000000019625 -6.698729810901794 0
-2.500000000234917 6.291651245878316 0
-2.208542978128965e-10 -24.01923788652274 0
-15.00000000020744 1.961524226945208 0
39.96647793512037 36.58904636713081 0
-20.00000000025419 36.60254037826797 0
6.249999999739438 12.78684177426594 0
-21.25000000020076 -4.533666301440043 0
31.24999999968351 21.44709581212375 0
16.2499999997997 -43.50480947161527 0
38.72852971923626 4.139616828858676 0
-22.5000000002008 -2.368602791981399 0
-34.99999650292415 40.93640181170455 0
-28.7500000002499 30.1073498498785 0
-5.000000000250425 19.28203230262109 0
-7.500000000248559 19.28203230261757 0
16.24999905001781 30.10736850795954 0
-22.5000000001336 -45.66987298109698 0
-17.50000000023638 19.28203230259983 0
6.249999999745186 8.456714755350955 0
26.24999999976982 -34.84455543376853 0
-10.00000000018481 -37.00961894326938 0
-2.49669614850106 36.6034473899616 0
33.74939167927261 21.44744702607891 0
-3.750000000235958 8.456714755333333 0
19.99999999970703 19.2820323026557 0
-31.25000000008045 -47.8349364905548 0
-11.2500000001944 -17.52404735816683 0
-28.75000000020106 4.126587736379418 0
43.74999999966704 30.10734984999751 0
-13.75000000024112 17.11696879314679 0
-32.50000000023697 27.94228634040954 0
-6.250000000232276 8.456714755330122 0
-12.50000000018028 -37.00961894327208 0
-26.2500000001095 -47.83493649054891 0
-21.21313320056336 43.13029223884131 0
-7.500000000209846 -19.68911086762146 0
-8.750000000229413 8.45671475532639 0
-12.50000000024257 19.28203230260828 0
-6.250000000201462 -17.52404735815507 0
-22.50000000020534 1.961524226936404 0
-11.25000000024693 21.44709581206921 0
-27.50000000011266 -45.66987298109864 0
34.99826725881866 23.61315971999056 0
2.499999999806209 -45.6698729810827 0
-13.75000000021011 4.126587736404169 0
16.24999115719232 34.43762719114772 0
-12.5000000002039 -19.68911086763304 0
-2.500000000216088 -19.68911086761375 0
-21.24757039280573 38.76818700018288 0
-21.25000000013268 -47.83493649054943 0
24.99999999977651 -37.00961894322879 0
-39.99483897790776 32.27544202128203 0
-1.250000000180359 -47.83493649054342 0
16.24928726876508 38.7727306377367 0
-13.75000000022263 8.456714755321199 0
-32.49882707265341 40.93434200865282 0
-15.00000000016298 -45.66987298109174 0
-28.74934870787796 -30.51405239116852 0
-3.750000000175084 -47.83493649054648 0
3.749999999811722 -47.83493649053831 0
-32.50004556980301 -45.66983550191595 0
2.499999999781902 -24.01923788651853 0
33.74994121206733 30.10738379100836 0
16.23656356023903 43.20398209688111 0
-12.50000000021815 6.291651245864132 0
6.249999999783878 -30.51442841488371 0
-5.000000000182367 -45.66987298108707 0
-16.25000000022052 8.456714755317792 0
17.49999999980492 -45.66987298107166 0
26.24999999977805 -39.17468245267786 0
-24.99997965699237 -28.34935316034125 0
-7.500000000176918 -45.66987298108855 0
-15.00000000019373 -19.68911086763502 0
-13.75000000015829 -47.83493649054566 0
-10.00000000017205 -45.66987298109139 0
-31.21389416257454 43.13555112413389 0
-27.49997872176326 -24.01922560147005 0
-26.24999529324978 -21.85417165956308 0
-26.2499677611896 -26.18428278283937 0
19.99999999981393 -45.66987298106876 0
34.99996846165502 32.27243156791673 0
31.24971886329096 38.7701027201041 0
32.49550641361154 40.96553166781136 0
-27.49999871478163 -19.68911012553222 0
-28.74999820386479 -17.52404632110035 0
-31.24997474020904 -17.52403277435653 0
23.74999999981226 -43.50480947159994 0
-43.62839745621011 -8.937082731925218 0
-41.23191497347926 -8.873367470016198 0
-33.74985215123152 -17.52396199757231 0
-34.9999437892702 -15.35895139536265 0
-40.00000000014003 -11.02885682982769 0
-38.75000000013858 -13.19392033928496 0
-37.50474048017399 -15.35755466624193 0
-36.24877590914838 -47.83564169644374 0
27.49999999979266 -41.33974596213196 0
43.73149088662558 -47.8457469384132 0
31.24999999985893 -47.83493649055003 0
-37.4971702698912 -45.67149668121546 0
37.4999999998598 -45.6698729810507 0
41.2517477960159 -43.5045456191526 0
36.24999999981314 -43.50480947159009 0
-38.72453426075751 -43.51949391257743 0
-41.03900901212489 -43.63115443743384 0
28.74999999981248 -43.50480947158631 0
29.99999999982652 -45.66987298106636 0
47.69773369257481 -45.92776494450307 0
42.49655976933865 -45.67287355103613 0
41.37019148806824 -0.1099626270852447 0
29.98474474361962 45.47798489667699 0
12.48206735735059 45.48506463398492 0
41.54047672164518 12.80569552875793 0
-46.23576473502845 43.3308033511178 0
-41.11520130703548 -35.04499299207593 0
41.2294192700807 -4.710027269763145 0
-48.16275531350438 -6.208863084557185 0
-41.34332103727502 -39.48334799572321 0
41.14702654447809 4.186039488561241 0
-43.55509251210646 -26.18234087495255 0
43.63665990635158 38.74999999994187 0
39.86860279168327 19.35789451608792 0
-27.42846753291505 45.28887220296343 0
-17.42845268960458 45.28859117334327 0
-7.454162555728987 45.3406260255279 0
1.325523245850492 43.10528371260361 0
-43.59455543378462 -43.5945554337844 0
42.33765100588871 40.83893516205607 0
43.58509087034663 8.165073548677942 0
-39.81946816095449 -28.2451347995391 0
-45.93266739747464 -22.4999999998514 0
45.86742290700718 35.04475954618457 0
45.70812084453238 42.28947333292888 0
-43.48425394253535 -47.98836504836206 0
45.91570664710343 -34.99490050611623 0
45.98230914142091 29.99999999989248 0
-45.9633373469177 30.00397990067363 0
46.01709176051337 -17.5040185887569 0
-46.04494551148579 -17.51635487988001 0
-45.96398441183103 -0.2639567773023182 0
43.66609785239114 -13.42985987759088 0
-45.92125569742609 12.61668206377381 0
46.56608440036011 48.01343031300266 0
-45.87913658792093 17.35525463127432 0
45.87999727561703 -30.25399846909556 0
45.417539749274 19.56117244246412 0
-48.25144895043879 -3.74999999982018 0
-45.87375974763152 34.74402681469485 0
45.8774841667961 -22.16713052809875 0
39.55914875751557 -11.24662625284143 0
48.31107549935948 26.21044909089956 0
-48.30353089989356 26.250000000101 0
-48.27658427476665 43.61436001794613 0
-38.77100900478026 -35.38368830728731 0
-45.90564219118095 -12.86536560594794 0
48.32531754715255 -43.74999999990544 0
-48.32815376556761 21.25000000012722 0
48.32038407932274 -26.24518104317933 0
-48.3332920138993 38.75000000001977 0
-45.80127018933271 -9.122867597419772 0
-48.31365301626516 3.90477913741551 0
41.54798398193365 -7.864193465676411 0
48.32173842161706 -38.91442994119041 0
-48.3681878682272 8.684530474045729 0
41.97284963944553 -2.500000000178382 0
-36.95022757926115 -32.36208066922217 0
42.02399876244244 15.07557677827807 0
48.44220216443219 21.28492872798682 0
-41.92407212712636 -37.42186646829357 0
41.91047931815358 2.384402211437566 0
-48.16987298106962 -48.16987298106486 0
48.16987298106486 -48.16987298106962 0
-48.16987298106486 48.16987298106962 0
48.18813743625947 48.18813743625459 0
41.83384818603783 19.59597264245676 0
-41.72471963501825 -28.04074907191649 0
-44.35235207628024 -23.64531818338633 0
43.85236885969753 11.9215510729715 0
-44.27831216351968 -46.24999999996829 0
44.30216176848172 36.30082911406605 0
43.04210413483515 48.24364035885998 0
44.29757453047427 6.230228706851291 0
-41.76442841490682 -41.76442841496694 0
44.21420680373239 40.94013698630523 0
-46.77347219878209 -2.711541766973757 0
46.21743142800656 46.18162183164551 0
-46.57802557812216 -7.139589346316386 0
42.38210928684029 -5.490273063711722 0
41.38870162600718 -6.287110367719778 0
42.54139164276677 -7.067356161668355 0
-48.98054180454157 -0.6054784239679705 0
-47.77753374609355 0.2473779043515656 0
-48.79699194155198 0.852856328493008 0
46.30608436463348 28.17981377930762 0
45.61641997901585 26.93589746767216 0
46.93473226166266 27.14458499851312 0
-46.30610588293233 28.17980135595238 0
-46.93117692353425 27.1439676243124 0
-45.61288615894134 26.93526767000701 0
40.39451723055397 -5.618355881831507 0
40.55379958648044 -7.19543897978814 0
48.91746824527898 -34.37500000004866 0
47.71414132149985 -35.22296385421249 0
48.79667307622087 -35.84796385420699 0
44.53946086139776 -16.35847358044603 0
43.91446086139842 -15.27594182571891 0
43.12499999971165 -16.4415156033594 0
-43.1823564211598 -16.41231014201925 0
-44.01040111736722 -15.25264530744137 0
-44.57804469634944 -16.36438252359947 0
-43.18060337568225 -18.6323598856059 0
-44.5756790670202 -18.69908754677912 0
-44.00628244256044 -19.80740007420766 0
46.59309515423053 -19.28059147998488 0
46.57277816143524 -20.50271797527316 0
47.81461949775364 -19.9721264954271 0
46.55368957537955 33.05659828579832 0
46.58658606508621 31.82556383916186 0
47.80204000082095 32.48103444653581 0
-46.59246185367894 33.05474668456499 0
-47.83493649055742 32.50000000006425 0
-46.59246185367841 31.80474668457509 0
-40.05495633970986 -31.56633808782537 0
-40.00690505792181 -32.81451133591963 0
-38.77558967847663 -31.97721719960101 0
46.59020648355204 -33.1851818227411 0
47.8160386616476 -32.51364356519147 0
46.57130865464167 -31.94882538787841 0
-46.59512561456037 15.6110042587275 0
-47.83493649054383 15.00000000014808 0
-46.59512561455912 14.36100425872962 0
42.4158472790369 -12.04870786818006 0
42.44893592674286 -10.70892286728566 0
41.35997373415285 -11.50763073530507 0
-47.96396377370939 27.31925065517938 0
-47.27074404971842 26.07471696923401 0
47.27807168770225 26.05555888888861 0
47.96773607331988 27.29947520052406 0
-46.33301362891288 10.78728001361171 0
-46.9708550081589 9.755558574619116 0
-45.63784137943023 9.590056825734736 0
-48.91746824527254 16.8750000001449 0
-47.70473219847314 17.66825166118313 0
-48.78726395320059 18.29325166118208 0
41.98928634727952 46.61559734464372 0
42.88822636817945 46.88535900830547 0
42.14316411393523 47.97387869519822 0
-40.14711091128666 -30.33286143204557 0
-41.37842629073182 -31.17015556836419 0
46.81828320906074 34.37841421967842 0
45.60282927332599 33.72294361230446 0
-43.18060337567998 -20.79742339506775 0
-44.57567906701793 -20.86415105624097 0
-43.21022532327469 -14.20527362132252 0
-44.60591359846434 -14.15734600290274 0
-41.20073651309525 -33.72431260810996 0
-39.92136985186204 -34.1351917198856 0
43.95162604380404 10.26281534733237 0
43.09093633205021 9.275957093951803 0
44.44578058210047 9.151931802058506 0
40.67186762752145 46.51230016383904 0
41.41692988176567 45.42378047694628 0
46.28326746125177 -28.44598428085647 0
46.90681976261162 -27.38033864760807 0
45.5739101280929 -27.27725860964453 0
-48.79699194155198 2.102856328490891 0
45.61436899235412 -20.98915674396485 0
46.83589333587722 -21.68069175940706 0
-46.96253401045708 -0.7374568127058655 0
-46.7789841474675 0.7208779397551128 0
48.79667307622087 -37.09796385419668 0
-48.91746824527898 34.37500000004866 0
-47.70375451442365 35.11871637546562 0
-48.78628626914468 35.74371637546012 0
44.57941957677591 11.03017056420529 0
43.22457532672566 11.15419585609858 0
46.8753215688307 -34.37245025308519 0
46.75452639977259 -35.84541410724353 0
-46.37602393581115 41.03592479718525 0
-46.97191824479348 39.95099213471961 0
-45.626662338736 39.88402170222221 0
48.84886684628741 -45.46388247225577 0
48.84886684628741 -46.71388247225366 0
-45.5107537063031 -48.82229120135828 0
-46.76075370630099 -48.82229120135828 0
44.49750978773784 -14.31137984019821 0
43.08304892605172 -14.39442186311158 0
-45.61187348221572 33.55176009188533 0
-46.85434811909474 34.2470134073745 0
40.47610556968719 -10.70723599362606 0
40.44301692198123 -12.04702099452045 0
-48.84149099695102 45.39571184427868 0
-48.84149099695102 46.64571184427656 0
43.67281415723045 46.31786404573585 0
43.82669192388616 47.67614539629035 0
-48.78726395320059 19.54325166117705 0
46.27772555871199 -23.96966528442199 0
45.57021943147161 -25.12709168235235 0
46.90496855669313 -25.05418657846579 0
-45.72551745202133 -16.3605362844508 0
-44.89747275581389 -17.52020111902868 0
44.88354588011217 -17.51403297342171 0
45.67300674179895 -16.34845919578122 0
46.83856905417713 -30.76564279971218 0
45.61273687608157 -31.43718105726181 0
38.18593781390722 44.2210757028362 0
39.45149717228624 44.22711221538734 0
38.83395180362858 45.31444678359047 0
-39.94310515590787 -35.21434064968162 0
-38.74927370073442 -34.3045393774913 0
20.62572040070886 48.7831766795011 0
21.8757204007023 48.7831766795011 0
-44.36872284606757 48.8109067013616 0
-43.1187228460608 48.8109067013616 0
-14.37500000007811 46.4823736077366 0
-13.72289901160075 45.30841855678062 0
-13.09789901141019 46.52799774840584 0
-6.860081334533782 48.78281494151587 0
-5.610081334535896 48.78281494151587 0
-4.37046554195418 48.81534189479379 0
-4.980546876672017 47.59815683630967 0
3.126511445029656 48.81090713972458 0
4.376511445027538 48.81090713972458 0
-3.120465541956301 48.81534189479379 0
-34.37493704792102 46.51314780861892 0
-33.72317031757129 45.3455213053188 0
-33.09823326965298 46.53432629606794 0
-24.37500000009705 46.48237360774336 0
-23.72289901161171 45.30841855679358 0
-23.0978990114417 46.5279977484118 0
35.63033571676534 48.81758851941866 0
36.88033571675504 48.81758851941866 0
37.54043952010957 47.6627703469094 0
38.16010380337708 48.84518182749073 0
39.41010380337427 48.84518182749073 0
16.86477129224763 46.59703402163231 0
18.12243643841415 46.59552439619976 0
17.49803706628289 47.74566020331456 0
29.98446236493586 43.20543591100942 0
30.60616992142432 44.35701084850714 0
29.36303718713116 44.32640995917926 0
12.48463977798803 43.20815030275887 0
13.10486571479266 44.36115416281365 0
11.86184142054596 44.33206077393014 0
-11.19042135762696 45.34787543299353 0
-11.83102691433686 44.2420163601048 0
-10.57565024903099 44.23584909564846 0
-21.19007485877889 45.34803299994623 0
-21.82946561175986 44.24216746815166 0
-20.57374244758239 44.23615777063588 0
-31.19047145876699 45.35554187196409 0
-31.8301803509389 44.25112545845085 0
-30.57418527040263 44.23996753764713 0
28.11771571022103 46.57823806653001 0
27.49440897146415 47.75138348655221 0
26.87079505074757 46.57351975797113 0
10.61778029004972 46.57890381496064 0
9.994481110465305 47.75224567183889 0
9.370931769517238 46.57504769168511 0
-43.56075597706368 -39.79146627003619 0
-42.45284810619242 -40.22560768345484 0
-42.45122890814628 -39.04920658230456 0
-45.72315182269209 -18.69524130763044 0
-2.44149079590647 43.13407035517911 0
-3.080448769540844 42.04008807451581 0
-1.827373151103773 42.04170737798646 0
18.74579560529068 45.38667327434442 0
19.37906137932594 46.53529945602666 0
-11.84932758943641 48.81727241635613 0
-10.59932758943853 48.81727241635613 0
-21.84932758947559 48.81750068327173 0
-20.59932758946882 48.81750068327173 0
-31.84936738216735 48.81825408180241 0
-30.59936738216058 48.81825408180241 0
-40.00000000027654 43.1654149622764 0
-39.37440548284674 44.34493357198642 0
-40.62440548284807 44.35014003780292 0
25.62474922544925 44.34344688249341 0
24.37470742975355 44.33940545776277 0
24.99995820395731 43.15616707176009 0
-26.86875218190664 48.76186743273171 0
-25.61875218189988 48.76186743273171 0
7.503486087460499 43.16427001290226 0
8.125734011007308 44.35367250119997 0
6.877987035530958 44.34629750676316 0
-16.86875218185604 48.7618674327348 0
-15.61875218184928 48.7618674327348 0
-36.87420722208435 48.81304906455543 0
-35.62420722207757 48.81304906455543 0
-48.78628626914468 36.99371637544982 0
-48.01710756293437 9.818656118270912 0
-47.32193531345172 8.621432930393935 0
-17.46573186128626 47.59560187270107 0
-18.06120602414455 46.47803002663791 0
-16.83297852674628 46.40616301940643 0
-27.46573186133514 47.59560187269852 0
-28.06121344582514 46.47817054144852 0
-26.83298594842505 46.40630353421342 0
-45.6172256632483 16.16363157429168 0
-46.85703653923301 16.80262731571014 0
31.84878021750974 44.37548776980582 0
31.22735503970504 45.49646181797566 0
14.34209665833714 44.39372643657874 0
13.71929830089507 45.51763690775001 0
-46.97041782671443 22.56226867943039 0
-45.61876832646247 22.53851007279255 0
-46.38144830919067 23.66716681692414 0
-7.457061013982968 47.61463193945451 0
-8.074060957220595 46.50213001070259 0
-6.83716261249136 46.45312795427982 0
14.98211381623688 43.22061289426174 0
15.59654640233929 44.3770956391981 0
32.48694811545442 43.18511078815358 0
33.10813323373515 44.32456175762209 0
46.42004777483109 -41.30650055771029 0
45.65646033131775 -42.41752837335719 0
47.01358744329566 -42.39378165592549 0
46.34419059657394 44.37380801928756 0
46.89832977164848 45.13964904372648 0
45.66329225293202 45.41578080720659 0
1.284982055276795 45.38763523153622 0
0.6934316706043475 44.2939963588047 0
1.917073630522939 44.19892258533513 0
-47.92642748748346 46.98064833480926 0
-49.08493649053243 47.83493649053693 0
40.17947440946629 -9.54102864610133 0
41.47052318189623 -9.016019600043547 0
40.25693520950371 -8.389202511734194 0
-46.87809609398433 13.183341031962 0
-45.63828521800087 13.79434529054143 0
47.81605428476986 45.29252419024153 0
47.13515594112793 46.33449697816057 0
47.93380333681984 -47.04881896278634 0
49.08493649053243 -47.83493649053693 0
-47.09569019683367 -47.90722769189071 0
-47.83493649053693 -49.08493649053243 0
15.59845058227796 46.6486895051311 0
16.22284995440922 45.49855369801631 0
34.37281807799599 46.53739701816582 0
33.10778721848173 46.64734640138651 0
33.73499619530472 45.40498935605363 0
-42.66340179500833 -41.36614789307671 0
-41.55387472609092 -40.62388820534508 0
42.42000425390752 21.32651845616333 0
43.08735439915733 22.36877403563525 0
41.81319954435055 22.53164811366367 0
-46.22064677983977 -11.09629388021988 0
-45.36862110317189 -10.08451189307722 0
-46.65329586600059 -10.13464958456243 0
47.06333066599996 20.26404300329559 0
45.91731193112607 20.49734242995817 0
46.56355848414788 19.32787301580154 0
40.63905834872738 16.18347530932396 0
40.04207919480569 17.26355367861975 0
39.32611581284229 16.10132083347473 0
46.4214833578811 23.6605614805773 0
45.73347209130399 22.52674961777546 0
47.10509537955525 22.56732428025406 0
-46.72683224716106 18.22087897674731 0
-46.38705439671908 6.286123707130173 0
-45.63784137942735 7.424993316277611 0
-47.02489577596799 7.419465777594702 0
-9.314502025516644 46.50267108220724 0
-8.694603624025035 45.34116709703255 0
-19.31415552664297 46.5047460911815 0
-18.68140219210299 45.31530723788686 0
-29.31421786848297 46.50592641554699 0
-28.68147195557288 45.31662807706189 0
45.63059156182477 -33.80763207577214 0
-47.01205439671649 5.203591952400625 0
-45.62500000017586 5.209119491083534 0
48.07588969172698 20.18975115856288 0
47.42964313870517 21.35922057271952 0
-9.303293897411294 44.23281622752278 0
-9.943899454121198 43.12695715463404 0
-19.30086840536586 44.23177348718963 0
-19.94025915834684 43.12590795539506 0
-29.30093074718938 44.23295381155592 0
-29.94063963936129 43.12853739804268 0
-45.57266704880518 46.55004875793169 0
-46.92030923586545 46.76950986042048 0
-46.33533980684179 45.57196258606011 0
40.06948003593894 43.08064125153115 0
40.7174940256603 44.17401233228541 0
-0.5635375410555982 44.30919933182777 0
0.06855403419054618 43.12048668562668 0
44.80563985647282 48.55432521686036 0
44.02105206742181 49.12182017942999 0
47.00767297782178 -40.18811099877088 0
45.65054586584387 -40.21185771620257 0
45.66027239053286 31.20056383915842 0
46.90862281597425 30.62499999989592 0
-46.8991369187373 30.626989950374 0
-45.65666228185881 31.18173663487473 0
-34.99920722211952 47.66402546423946 0
-35.62414427003783 46.47522047349032 0
23.12499999985957 46.52981204125851 0
23.74974922545499 45.39473984230457 0
24.37474922565006 46.66175746745001 0
-14.99375218188777 47.61284383241571 0
-15.61875218207832 46.39326464079049 0
5.625779998160615 46.54685257375122 0
6.250897477648289 45.41628773808261 0
6.875117479590093 46.66626483072947 0
-1.865711508221461 46.55125144667387 0
-1.210371363586758 45.39403591311701 0
-0.5940000492765004 46.63992453856265 0
-41.87460485795921 46.54813802285501 0
-41.24928013577919 45.41432615818208 0
-40.62413568759827 46.66347051218587 0
-24.99375218193105 47.6128438324125 0
-25.61875218210105 46.39326464079428 0
-31.82260065186633 46.50160397818632 0
-32.47436738221606 47.66923048148644 0
-11.82222660100014 46.49429376508106 0
-12.47432758947751 47.66824881603704 0
-21.82222660102818 46.49452203200273 0
-22.47432758951352 47.66847708295252 0
16.86286711230895 44.32544015569931 0
34.37316409324941 44.2146123744014 0
47.01908726108869 24.80090241496678 0
45.64746397283744 24.76032775248818 0
-46.98552750449295 24.7951796809645 0
-45.63387800424099 24.77142107432667 0
45.58868205664864 47.56104037336169 0
45.78304220018428 49.00671515650133 0
-0.552695381916828 42.04327227064977 0
-1.191653355551202 40.94928998998647 0
23.12500000008765 48.89841483320197 0
22.50072040066928 47.68159151270306 0
21.87572040047421 46.41457388755764 0
5.62500000013371 48.89841483319904 0
5.001511444996247 47.70932197292362 0
-1.874670096866752 48.89857003605975 0
-2.495135639000753 47.71391193085354 0
4.377291443054443 46.45934488027675 0
-3.11150695331101 46.46802330540791 0
-41.87473020486885 48.89864118842941 0
-42.49345305097023 47.70954788979101 0
-43.11859749915116 46.46040353578722 0
40.62211204652612 48.85205851576823 0
40.03221584988346 47.69724034325897 0
-44.36257165597186 46.48715744314727 0
-44.94754108499551 47.68470471750764 0
-45.57881823890089 48.87379801614603 0
35.63034924415325 46.46510850583513 0
35.00314026733026 47.70746555116801 0
34.37280455060807 48.88987703174935 0
-8.096979679263017 48.83181699793865 0
47.96828058754662 -27.39712268099967 0
47.25892325438775 -26.22839700978773 0
19.3778511062916 48.87207528894101 0
20.00357150686667 47.6552519684421 0
1.881137233990883 48.84951873455342 0
2.507648678851301 47.660425874278 0
38.19430002599058 46.4993869630104 0
39.45985938436959 46.50542347556154 0
-38.74902776968548 45.42251132131725 0
-38.12428315308168 46.51338225994446 0
-39.37406634881445 46.62052958614015 0
-36.87382950909452 46.47073106211622 0
-37.49886808822349 47.66874932693911 0
1.885449241503958 46.49579946358674 0
0.6618072815853658 46.59087323705631 0
-10.56684993569427 46.48812650062472 0
-20.56650343685071 46.48851233448696 0
-30.56660557133007 46.4904460573826 0
26.24680012037496 45.46352980322251 0
25.62349338161809 46.6366752232447 0
8.747232954089711 45.46870291493386 0
8.123933774505295 46.64204477181212 0
-13.12499999984646 48.85097639968091 0
-9.346979679260903 48.83181699793865 0
-9.94630726888983 47.64908941429476 0
-19.34697967926109 48.83373443996627 0
-19.94630726889227 47.651235123238 0
-23.1249999998891 48.85097639968079 0
-29.34697967931349 48.83373443996681 0
-29.94634706158232 47.65198852176923 0
-33.124999999954 48.85097639968403 0
-34.37499999996076 48.85097639968403 0
-41.87487465320901 44.23480754847206 0
-38.12462228711397 44.23778624579074 0
26.87205089457873 44.28029141721984 0
23.12495820396305 44.20746003157126 0
-14.37499999984906 48.85097639968091 0
-24.37499999989587 48.85097639968079 0
-28.09697967930673 48.83373443996681 0
-18.09697967925431 48.83373443996627 0
9.372732006019252 44.28667542107296 0
5.62864955410148 44.22688524978491 0
-38.12466086607149 48.85570026238368 0
-46.95937336446525 44.56111351983335 0
-45.61173117740499 44.34165241734456 0
20.6269306737432 46.44640084658676 0
3.130823452542731 46.4571878687579 0
28.73942326656204 45.43917961731297 0
29.36303718727861 46.61704334589404 0
11.23814915322612 45.44338523439589 0
11.86169849417419 46.62058321454967 0
-45.63326638239106 42.14987885790282 0
-46.97852228844854 42.21684929040022 0
-3.08832461843763 44.21890693646834 0
-1.835249000000559 44.22052623993899 0
46.92601412553115 -18.12700929444786 0
45.68417278921275 -18.65760077429393 0
43.51980438760881 -5.010259428917319 0
42.36711437084922 -4.230013634968742 0
42.49649146941901 -13.13863780689517 0
43.58545366200903 -12.33992993887576 0
39.26275081405051 -7.720448025845922 0
28.11771571007357 44.28760467981523 0
10.61792321642149 44.29038137434111 0
-37.61992185832379 -33.92710532886257 0
-37.64165716236963 -35.00625425865859 0
-44.3916061834857 9.537491571768877 0
-45.02944756273172 8.505770132776281 0
44.37200958917207 22.3918155981168 0
43.7652048796151 23.59694525561714 0
-48.02728592788397 39.92644761485121 0
-47.27792433080881 38.77454451988817 0
-36.73126644961008 -33.49545043962601 0
-37.83888298797487 -32.79373555845872 0
-44.39160618348282 7.372428062311752 0
-45.45598961418474 -5.873528339422068 0
-46.35997732996589 -6.004354433585659 0
-45.67403786234101 -7.008763252152795 0
-47.152342197657 -5.538991302706059 0
-47.37039044581327 -6.674226215436786 0
44.46225695145923 33.43359292640167 0
44.72685058514042 34.75540886028177 0
-47.75972235103634 -9.882795471232965 0
-46.90769667436845 -8.871013484090303 0
47.96642938162812 -25.07097061185738 0
46.8033528943506 29.19425065502053 0
45.48504061170379 28.98556312417957 0
-45.47557623262855 28.98754065116031 0
-46.79386699722147 29.1962406054657 0
-46.72316614296044 35.61572978278596 0
46.7449794253648 -23.03194535431709 0
45.41023030014328 -23.10485045820365 0
41.48984879256929 20.54268258832425 0
42.76400364737606 20.37980851029583 0
43.59776876035927 -0.04615746952632227 0
42.48573008050107 0.5405052110876296 0
42.48223016792644 -0.6966253076991967 0
45.41517755117503 -29.29845135599425 0
46.74808718569376 -29.40153139395779 0
40.97354686460321 15.0484096212285 0
41.68951024656661 16.21064246637352 0
42.92034494673372 5.108429614992083 0
41.72072873715793 5.219243769455964 0
42.34664275405388 4.075225334097359 0
-45.46062784880515 11.61923016425057 0
-46.79364147753382 11.78473191313495 0
44.36194407046845 -38.09983514841937 0
44.99408553430393 -39.1340753049605 0
45.60602960499909 -38.05922800072203 0
44.40646033131323 -40.25246486389992 0
-46.70548186692471 -12.00589858882652 0
-45.42080710409601 -11.9557608973413 0
39.26251759729467 -10.0804189053167 0
45.05562161084622 21.29857839779357 0
14.98570334185242 47.76662010785128 0
14.34378200401401 46.66813978423528 0
32.48987803839326 47.78268837460377 0
31.85205615570199 46.65028071249157 0
42.03491274541837 44.27730951309009 0
46.91575861063815 -37.89469793281699 0
46.28361714680268 -36.86045777627585 0
-48.03062578750512 22.4704627118446 0
-47.26794580477691 21.34180596771301 0
0.006467136950662145 47.74808877061317 0
-36.24955933489602 45.31985340649567 0
-39.99939107099446 47.75434145081309 0
8.123816295046794 48.87419477428168 0
9.37381629504468 48.87419477428168 0
25.62374415604912 48.87333258899666 0
26.87374415604257 48.87333258899666 0
30.61707348784743 48.89281134285441 0
31.86707348783934 48.89281134285441 0
13.11551738187039 48.89303519347773 0
14.36551738186827 48.89303519347773 0
-0.6246700968688661 48.89857003605975 0
0.6311372339930001 48.84951873455342 0
18.12785110629663 48.87207528894101 0
16.87018596013011 48.87358491437355 0
-40.62473020486209 48.89864118842941 0
-39.37466086607826 48.85570026238368 0
43.64558221665145 19.88888810295263 0
42.71542675531322 19.10505223511355 0
24.99874415602267 47.77174742219864 0
7.498816295017621 47.77260960748072 0
6.875000000131593 48.89841483319904 0
10.62066481557716 48.8780508975572 0
28.12066481551602 48.87805089755554 0
24.37500000008109 48.89841483320197 0
33.12280455061907 48.88987703174935 0
29.37066481550946 48.87805089755554 0
29.98773830327557 47.77086224040995 0
15.62018596013223 48.87358491437355 0
11.87066481557505 48.8780508975572 0
12.48618219729313 47.77108609103494 0
42.50733588229463 42.92560890116432 0
43.2067717384 44.17537704582519 0
47.28765877346744 -43.62740473573891 0
48.05124621698078 -42.51637692009201 0
40.61181226118703 18.35180133527845 0
39.29886972530194 18.26964685942922 0
44.39417397656687 43.73680810833354 0
43.9217508396906 45.08850872025931 0
-45.66701276568651 -21.18706386761614 0
-44.84133369880605 -22.17708718847623 0
44.86021639539732 45.8792951082442 0
-39.32155456060958 -29.48708937552293 0
-40.64502451163155 -29.09090685606174 0
33.1249999997892 -44.58734122633344 0
33.74999999980972 -45.66987298106721 0
34.37499999982029 -44.58734122632804 0
33.12499999983142 -46.75240473580355 0
34.37499999986251 -46.75240473579814 0
45.56947266001196 -46.78483607948073 0
44.35856202161971 -46.76232992921658 0
44.94240152501783 -47.86825308867735 0
34.37358501640568 42.03696412746071 0
33.12090377264569 42.0498582218906 0
33.74818765737154 40.95263757338147 0
25.6249999998299 -44.58734122632316 0
24.99999999981264 -43.50480947159393 0
24.37499999982952 -44.58734122632917 0
39.37499999984837 -44.58734122631095 0
38.12499999984291 -44.58734122631525 0
38.74999999986525 -45.6698729810464 0
21.87499999982939 -46.75240473579649 0
21.24999999981868 -45.66987298106562 0
20.62499999982464 -46.75240473579962 0
31.86155075642028 42.10078423407433 0
-35.62500000022423 22.52962756676479 0
-36.25000000022918 23.61215932149714 0
-36.87500000022637 22.52962756676668 0
42.49074544327813 -47.84034171446746 0
43.11402532798211 -46.75931024472467 0
41.87327988463466 -46.75390502077893 0
-43.55926345302918 -34.96527793839734 0
-44.59596125846638 -34.35720886260229 0
-44.6529120219181 -35.59261448952586 0
-46.76227315894062 -34.36727270682206 0
-45.67974140420277 -33.74227270681132 0
-46.75240473578809 -33.12499999990256 0
-40.62500000023892 26.85975458568408 0
-41.25000000024709 27.94228634041517 0
-41.87500000024303 26.85975458568715 0
-44.58609283531386 -33.11493615568278 0
25.62499999980496 -42.42227771686172 0
24.37499999980459 -42.42227771686773 0
-38.12500000025615 31.18988160459618 0
-38.74741948908436 32.27392769030342 0
-39.37241948907956 31.1913959355748 0
-42.47286415800171 17.13263567891066 0
-41.87047735983927 18.20211169547769 0
-43.09334151763819 18.21777858127802 0
-41.86771185723335 31.19414472971015 0
-43.11771185723784 31.19414472971484 0
-42.50000000025234 30.10734984987127 0
37.49999999981959 -43.50480947158494 0
36.87499999983647 -44.5873412263204 0
-43.71306510387892 19.30335667491518 0
-44.31545190204136 18.23388065834814 0
43.08568992214278 -31.57986862143682 0
43.91301108726671 -32.6498639401468 0
44.51815531142218 -31.55036832671806 0
-40.62424622681309 18.19993573911417 0
-41.24472358644957 19.28507864148153 0
-44.36890755928194 26.87416211629893 0
-44.99397859988386 25.83832838465894 0
41.86520742881984 -31.59693409512584 0
40.62261880458574 -31.59738899564437 0
41.23795707375321 -32.67981913538409 0
-35.00000000023233 25.77722283095355 0
-35.62500000023098 24.6946910762252 0
-34.37500000022838 24.6946910762236 0
31.87499999981878 -46.75240473581133 0
32.49999999987157 -47.83493649054226 0
31.87499984965507 31.18988169129897 0
31.24999981838921 32.27241346407688 0
30.62499996840706 31.18988162273105 0
-36.8750000002167 20.36456405729837 0
-37.50000000022189 21.44709581203593 0
-38.12500000021716 20.36456405729996 0
39.37499999989942 -46.75240473578664 0
38.12499999989396 -46.75240473579093 0
-36.87500000023313 24.69469107622709 0
42.47035165297531 -30.4974384816971 0
-34.37500000023483 26.85975458568135 0
-35.62500000023744 26.85975458568296 0
-34.37500000024492 29.02481809514061 0
-33.75000000023846 27.94228634041015 0
-33.12500000024343 29.02481809514 0
-38.12500000022683 22.52962756676828 0
34.99992893924952 30.10739087672732 0
35.62494256404337 31.18991476518151 0
34.37495483686118 31.18990767946255 0
-39.37424622682288 20.36499924857777 0
-38.74924622681769 19.2824674938402 0
31.87499976886798 35.52000875685118 0
32.49999909957496 34.43747738855087 0
33.12499894391943 35.52000923314663 0
-33.12500000023334 26.85975458568074 0
31.2499997742296 36.60254050847463 0
30.62499992988513 35.52000866387888 0
21.87499999981307 -44.58734122633425 0
20.62499999980832 -44.58734122633739 0
45.57665608169152 -48.94537961947075 0
44.36574544329927 -48.9228734692066 0
-36.87500000026286 35.52000862351258 0
-38.12382929683269 35.52069760362032 0
-37.49882929683054 34.43816584889175 0
-34.37572525272026 -42.42168122680705 0
-33.12523893991703 -42.42208119887034 0
-33.75072806378154 -41.33914716010181 0
33.12499999989474 -48.91746824526724 0
31.87499999988211 -48.91746824527502 0
6.874999999801818 -40.25721420744017 0
8.124999999803748 -40.25721420743953 0
7.499999999799129 -39.17468245271034 0
5.624999999796846 -40.25721420743973 0
6.249999999801465 -41.33974596216891 0
-0.6250000002122286 -18.60657911288097 0
-1.875000000212817 -18.60657911288328 0
-1.250000000215499 -19.68911086761144 0
14.37288733642568 39.86510945310899 0
14.99952228030431 38.77190317710095 0
15.62265232488645 39.86593691374473 0
8.124999999797232 -38.09215069798104 0
6.874999999795303 -38.09215069798169 0
9.374999999790854 -33.76202367906503 0
8.749999999788525 -32.67949192433802 0
8.124999999787168 -33.76202367906643 0
7.499999999786825 -34.84455543379409 0
6.874999999784495 -33.76202367906708 0
5.624999999784382 -27.26683315069893 0
4.999999999784448 -26.18430139597174 0
4.374999999780304 -27.26683315070067 0
4.374999999786364 -22.93670613178764 0
3.124999999784235 -22.93670613178941 0
3.749999999784031 -24.01923788651676 0
-32.50011806447935 -43.50471236861691 0
-31.87512087554063 -42.42217830191166 0
3.749999999779654 -28.34936490542832 0
3.12499999977972 -27.26683315070113 0
-43.12500000023783 26.85975458568455 0
-43.74390755929531 27.95669387103262 0
8.124999999789052 -29.43189666015435 0
6.874999999786521 -29.43189666015538 0
7.499999999786409 -30.51442841488268 0
35.62499999975541 -31.5969601695666 0
36.24943576348964 -32.67963386318183 0
36.8744357634878 -31.59710210845063 0
-2.179039171323893e-10 -21.85417437706591 0
0.6249999997837676 -20.77164262233651 0
-0.6250000002165814 -20.77164262233854 0
14.37496491140011 35.52059992305649 0
14.9999860196641 34.43773689015343 0
15.62497004892833 35.52049022405077 0
-40.62500000024541 29.02481809513935 0
-41.87500000024953 29.02481809514241 0
-43.12500000025402 29.0248180951471 0
-42.50000000022966 25.77722283095346 0
7.499999999807009 -43.50480947162599 0
6.87499999980273 -44.5873412263536 0
8.124999999809358 -44.58734122635459 0
-0.6250000002195536 -22.93670613179534 0
0.6249999997807953 -22.93670613179331 0
-40.00000000020471 17.11696879310906 0
-39.374246226815 18.1999357391129 0
5.624999999787343 -25.1017696412425 0
4.374999999783265 -25.10176964124424 0
40.62587389794331 -44.58720930009736 0
40.00087389792097 -43.50467754536619 0
9.374999999799094 -38.09215069798036 0
8.749999999795268 -37.0096189432517 0
-28.74962635719321 -28.34914918261646 0
-29.37436174053732 -29.43152816084895 0
-28.12461332453385 -29.43167341293604 0
3.12499999977965 -29.43189666015738 0
4.374999999780233 -29.43189666015693 0
-13.75000000018879 -15.35898384871521 0
-13.12500000019007 -14.27645209398337 0
-14.37500000018912 -14.27645209398764 0
-38.12382929683066 33.35563409416214 0
-39.37124878565406 33.35714842514076 0
-1.87500000021717 -20.77164262234085 0
9.374999999790575 -31.59696016960913 0
8.12499999978689 -31.59696016961053 0
31.87499981208036 33.35494522245011 0
30.62499993083236 33.35494515388218 0
-15.62500000019216 -14.27645209399223 0
-15.00000000019344 -13.19392033926039 0
6.874999999788779 -35.92708718852356 0
8.124999999791452 -35.92708718852292 0
-18.12500000018947 -16.44151560345516 0
-17.50000000018904 -17.52404735818245 0
-16.87500000019138 -16.44151560345361 0
8.124999999810361 -48.91746824527009 0
7.499999999806799 -47.83493649053935 0
6.874999999810268 -48.91746824526926 0
-36.87500000026083 33.35494511405441 0
46.77462663495876 1.869460036234185 0
47.8528366123841 2.498781910795177 0
46.79252675680786 3.118241947206818 0
5.624999999798438 -42.42227771689673 0
6.87499999980341 -42.42227771689718 0
8.124999999810036 -42.42227771689817 0
16.2480086903489 40.94590529347839 0
16.87464363422752 39.85269901747036 0
45.76974172647873 3.743507729002598 0
46.84795170390406 4.372829603563591 0
-18.75000000021275 6.291651245855711 0
-18.12500000021512 7.374183000586569 0
-19.37500000021753 7.374183000583193 0
37.49893035727963 -34.84501601126446 0
36.8748217260182 -35.92716395140058 0
38.12375208353544 -35.92762452891118 0
14.37499999981077 -48.91746824526862 0
15.62499999981102 -48.91746824526756 0
14.99999999981122 -47.83493649053618 0
48.91746824526859 14.37499999981073 0
48.90702163930845 15.65371446558995 0
47.82448988457704 15.02871446559011 0
-48.93754509964825 -14.40977413165251 0
-48.95132038049164 -15.63079568845473 0
-47.88886548013988 -15.04056982029667 0
-14.37500000019943 -9.946325075073595 0
-13.75000000019781 -11.02885682980073 0
-13.12500000019829 -9.946325075069923 0
36.8749545475974 -29.43192290191589 0
37.49986209774412 -30.51445901739678 0
38.12481664558794 -29.43195350447727 0
-34.37501864483881 -46.75238940130169 0
-33.12502278493479 -46.75238599623957 0
-33.75004142970703 -45.66983890697807 0
-33.13009972541272 -40.25301989537344 0
-34.38058603821595 -40.25261992331015 0
-15.0000000002005 -8.863793320346073 0
-15.62500000020002 -9.94632507507688 0
46.75985968381761 0.6222260008110543 0
45.69954982824138 1.241686037222695 0
-14.37500000020073 -7.781261565614966 0
-15.62500000020133 -7.781261565618251 0
-38.1250000002093 18.19950054783509 0
39.99979667769352 -30.51449678767214 0
39.3725463226269 -31.59738182793039 0
16.24997447017986 36.60294681762456 0
16.87499557844386 35.52008378472149 0
-19.37500000020367 -1.286071037245383 0
-20.00000000020396 -0.2035392825163969 0
-20.62500000020376 -1.286071037247752 0
-16.8750000002015 -7.781261565621293 0
-16.25000000020173 -6.698729810890186 0
15.62499999980847 -46.7524047358055 0
14.37499999980822 -46.75240473580656 0
38.12336612100945 -33.76262619542047 0
36.87443576349222 -33.76216561790987 0
-16.87500000020322 -5.616198056162473 0
-15.62500000020306 -5.616198056159432 0
-14.37500000018871 -16.44151560344739 0
-13.12500000018966 -16.44151560344312 0
0.6249999998202408 -48.91746824527041 0
-1.832030083193104e-10 -47.83493649054212 0
-0.6250000001769156 -48.91746824527171 0
16.24999794946424 32.27245341359208 0
15.62499747462406 31.18993098787892 0
16.87499952485798 31.18989093367269 0
-35.00000000022062 21.44709581203342 0
-34.37500000022342 22.52962756676387 0
3.124999999781136 -25.10176964124601 0
18.12499999969999 26.85975458574871 0
19.37499999970107 26.85975458574921 0
18.74999999969972 27.94228634047643 0
-17.50000000020466 -4.533666301434774 0
-18.12500000020333 -5.61619805616553 0
-47.83754432753013 -34.99638226645887 0
-46.76488099594481 -35.61365497336764 0
8.124999999805985 -46.75240473581119 0
6.874999999805892 -46.75240473581036 0
-19.37500000020736 5.209119491128066 0
-18.12500000020495 5.209119491131441 0
46.74021702885297 15.65850020988647 0
46.75066363481311 14.37978574410725 0
36.24994697223669 -28.34939552082289 0
35.62499242439286 -29.4319010337424 0
46.74195812984203 16.90371446559674 0
45.66813188007809 16.25478574411388 0
-41.87047735984834 20.36717520494503 0
-40.62424622682217 20.36499924858151 0
-40.00000000022165 21.44709581204127 0
38.12429786147835 -31.59713271101202 0
19.9999999998278 -47.83493649053082 0
19.37499999981709 -46.75240473579996 0
-21.87500000020243 -1.286071037250082 0
-21.25000000020214 -2.368602791979069 0
-30.62500000024838 29.02481809514286 0
-29.37500000024421 29.02481809514598 0
-30.00000000025406 30.10734984987538 0
-46.65436507677008 -15.73315453306024 0
-46.64058979592669 -14.51213297625802 0
6.874999999784358 -31.59696016961157 0
-16.87500000014825 -48.91746824527258 0
-17.50000000014842 -47.83493649054623 0
-18.12500000014402 -48.91746824527365 0
-14.37500000021826 7.374183000591638 0
-15.00000000022157 8.456714755319496 0
-15.6250000002172 7.374183000589935 0
35.62499999975982 -33.76202367902583 0
-28.75000000022569 19.2820323025809 0
-28.12500000022655 20.36456405731198 0
-29.37500000022551 20.36456405730926 0
34.37499116182975 -27.26683825322642 0
35.62492916675446 -27.26687404609566 0
34.99993547955205 -26.18433864667269 0
33.12497045585228 31.18989866182658 0
33.74998408064612 32.27242255028077 0
44.6857128186023 4.481253282496423 0
44.63028787150611 3.226665626139651 0
34.37543422466621 39.85367381369941 0
33.12275298090622 39.8665679081293 0
19.37499999982895 -48.91746824526557 0
20.6249999998365 -48.91746824526524 0
-48.94361623911784 -19.37499999983502 0
-48.94737570139218 -20.62499999984135 0
-47.89099194051002 -19.99999999983872 0
26.24999999984917 -45.6698729810561 0
26.87499999983229 -44.58734122632086 0
48.91871073660338 -0.625462333341927 0
48.91871073660338 -1.87546233333981 0
38.74976684512005 -28.34949951725124 0
39.37467439526678 -29.43203563273212 0
-40.0000000002496 30.10734984986707 0
-40.6224194890778 31.19139593557431 0
-38.75000000026712 36.60254037823944 0
-39.3738292968348 35.5206976036186 0
-26.25000000022395 14.95190528367046 0
-25.62500000022505 16.03443703840082 0
-26.87500000022441 16.03443703839811 0
36.2499999998503 -45.66987298105625 0
35.62499999982698 -44.58734122632595 0
-29.37500000022449 18.19950054785046 0
-28.12500000022553 18.19950054785318 0
-27.50000000022492 17.11696879312561 0
-26.87500000022612 18.19950054785605 0
16.87499999970034 26.85975458574803 0
17.49999999970169 25.77722283102081 0
-15.62500000020544 -1.286071037240999 0
-16.87500000020775 -1.286071037243922 0
-16.25000000020715 -2.368602791972411 0
38.12482172602424 -38.09222746085666 0
39.37410833376873 -38.09263565621913 0
38.74893006001849 -37.01018066440978 0
9.374999999807496 -46.75240473581275 0
8.74999999980659 -45.66987298108376 0
-38.12130908255931 -48.91959919746981 0
-39.37130908255649 -48.91959919746981 0
-34.3751367092334 -44.5872287888079 0
-33.12514084932938 -44.58722538374577 0
-41.24455931418817 36.60589879210281 0
-40.62409321925602 37.68664423696507 0
-41.86865253317496 37.69000265083015 0
-20.6250000002139 5.209119491123202 0
-20.0000000002061 4.126587736398932 0
9.374999999793314 -35.92708718852223 0
44.6515669833371 15.64512926074466 0
44.65330808432617 16.89034351645493 0
28.12499999988161 -48.91746824526359 0
27.49999999987482 -47.83493649052534 0
26.87499999987144 -48.91746824526174 0
-28.12500000022382 16.03443703839524 0
-26.87500000022279 13.86937352894009 0
-25.62500000022342 13.86937352894281 0
-32.50000000025406 30.10734984987135 0
-31.8750000002476 29.02481809514089 0
-41.86253509358718 35.52750091802397 0
-40.61797577966824 35.52414250415889 0
-33.11736427205515 -31.59255168000522 0
-31.87341976629781 -31.59604782123428 0
-32.49078403823068 -30.50910757685064 0
-25.00000000022212 12.78684177421539 0
-24.37500000022328 13.86937352894575 0
-22.50000000020315 -0.2035392825210536 0
-23.12500000020153 -1.28607103725237 0
-47.83525754851962 -32.49999999990406 0
-46.75272579378178 -31.87499999989332 0
-46.64805476834137 -20.56206386761296 0
-46.64429530606704 -19.31206386760664 0
17.49999999970752 21.44709581210934 0
18.12499999970559 22.52962756683791 0
16.8749999997066 22.52962756683641 0
-18.12500000020666 -1.286071037244681 0
-18.75000000020647 -2.368602791976036 0
-41.2401313460633 32.27819081541787 0
41.86117076908697 -33.76433224357292 0
40.61858214485288 -33.76478714409146 0
47.83638606376156 -2.500539388867779 0
48.91767532715818 -3.125077055697207 0
18.12499999969872 31.18988160465793 0
17.49999952485854 30.10735917894477 0
28.12499999986828 -46.75240473579049 0
26.8749999998581 -46.75240473578864 0
-16.87500000020701 -3.451134546703526 0
-18.12500000020711 -3.451134546706583 0
16.87499999981778 -48.91746824526756 0
48.90702163930845 16.90371446559671 0
-48.95132038049164 -16.88079568846149 0
-31.87500000022295 20.36456405730374 0
-32.50000000022128 21.44709581203434 0
-33.1250000002215 20.36456405730189 0
-19.37500000019968 3.044055981675436 0
-20.62500000020622 3.044055981670573 0
-26.87493897066591 -29.43186142481532 0
-27.49967435401001 -30.51424040304781 0
48.91767532715818 -4.375077055695089 0
-35.62925031778835 -40.25371849785143 0
-35.00862197941953 -39.16759123312306 0
33.12499958070667 37.68507237494709 0
32.49985920574593 38.76885343427567 0
31.8748592382517 37.68632166077552 0
38.74711998837058 -32.68002491898424 0
18.12499999982218 -48.91746824526557 0
17.49999999981586 -47.83493649053314 0
48.85478860951088 18.29728679448153 0
47.76181024881934 17.70100126025415 0
-48.94361623911784 -18.12499999982825 0
-47.89493661960948 -17.50579568846564 0
-16.25000000018983 -15.3589838487229 0
-15.62500000018939 -16.44151560345019 0
-14.37500000019468 -12.1113885845301 0
-15.62500000019772 -12.11138858453469 0
19.37499999970517 22.52962756683866 0
18.74999999970424 23.61215932156572 0
9.37499999981087 -44.58734122635614 0
-31.25000000022391 19.28203230257474 0
-30.62500000022369 20.36456405730718 0
-35.62500000021913 20.36456405730104 0
-34.37500000021834 20.36456405730012 0
-30.00000000022455 21.44709581203826 0
46.7611021751535 -0.6282363323554087 0
47.83617898187088 -0.0004623333439190969 0
-13.12500000019674 -18.60657911290417 0
-14.37500000019166 -18.60657911290517 0
-13.75000000019881 -19.68911086763404 0
-9.375000000197211 -18.60657911289255 0
-10.00000000019315 -17.524047358164 0
-10.62500000019845 -18.60657911289538 0
25.62499999985572 -46.75240473579095 0
-48.91746824526297 -34.37499999991606 0
-48.92007608226716 -35.62138226646164 0
-48.91746824526297 -33.12499999990929 0
-48.91778930325665 -31.87499999990005 0
0.624999999811259 -46.75240473581304 0
-0.6250000001858974 -46.75240473581434 0
-21.25000000014017 -45.66987298109572 0
-21.87500000013314 -46.75240473582321 0
-20.62500000013971 -46.75240473582195 0
40.62474687722563 -29.4320428004461 0
-16.87500000015456 -46.75240473581827 0
-18.12500000015033 -46.75240473581935 0
13.74999999970307 27.9422863404744 0
14.37499920089023 29.02483401508355 0
13.12499920089318 29.02483401508204 0
20.62499999970886 16.0344370384716 0
21.24999999970894 14.95190528374333 0
21.87499999970826 16.03443703847184 0
-10.62500000017785 -42.42227771691086 0
-11.25000000017743 -41.33974596218268 0
-11.87500000017573 -42.42227771690925 0
-15.62500000020469 -3.451134546700603 0
39.37184326063701 -18.6084016569818 0
38.12169225558996 -18.60848883979019 0
38.74846953903377 -19.68999447944217 0
-15.62500000023671 20.36456405733099 0
-16.87500000023698 20.36456405732952 0
-16.25000000023611 19.28203230260131 0
18.12499999969896 29.02481809520297 0
19.37499999970004 29.02481809520346 0
-21.87500000020899 3.044055981665236 0
-21.25000000020257 1.961524226941741 0
-9.37500000018224 -40.25721420745526 0
-10.00000000018322 -39.1746824527248 0
-10.62500000018053 -40.2572142074538 0
39.37303869127992 -35.92803272427366 0
-13.12500000019353 -12.11138858452643 0
18.12499999981259 -46.75240473580141 0
16.87499999980819 -46.7524047358034 0
22.49999999970586 17.1169687932009 0
23.12499999970595 16.03443703847263 0
16.87499999970335 24.69469107629255 0
18.124999999703 24.69469107629323 0
23.12499999971138 11.70431001955791 0
22.49999999970964 12.78684177428732 0
21.87499999971222 11.70431001955775 0
-13.12500000017389 -42.42227771690889 0
-12.5000000001743 -43.50480947163707 0
-11.87500000019915 -18.60657911289994 0
-11.2500000002032 -19.68911086762849 0
11.87499725707607 31.18993706973582 0
11.24999565047269 32.27250272369209 0
10.6249983931039 31.18991550388668 0
48.88457175555715 34.35603444654554 0
48.91746824526226 35.62499999992451 0
47.8020400008194 34.98103444655123 0
-43.12500000027138 39.85620985254478 0
-42.49909321925617 38.76917599169133 0
-41.87409321925801 39.85778195654586 0
-11.87500000017841 -40.2572142074522 0
9.999999999709747 30.10734984992816 0
9.374998393106374 31.18991550388442 0
8.124999999712287 31.1898816046538 0
8.749998393106445 32.27244725861232 0
48.9174682452675 0.6249999998245359 0
-17.50000000020495 -0.2035392825132689 0
-4.375000000206992 -18.60657911288557 0
-5.000000000201439 -17.52404735815484 0
-5.625000000207015 -18.6065791128858 0
-2.500000000205482 -17.52404735815371 0
-3.125000000208752 -18.60657911288418 0
-46.85905640052341 -45.5519193948104 0
-46.95613332577481 -46.89894728310254 0
-45.92443048734633 -46.29755451442442 0
-6.250000000211207 -19.68911086761899 0
-6.875000000205654 -18.60657911288826 0
36.87193089852711 24.69646302269845 0
35.62354850309595 24.69552909826226 0
36.24664965424981 23.61409364442675 0
16.87499952485823 29.02482742421773 0
39.37161458215799 -33.76287531233883 0
39.99482827749175 -34.84738842052768 0
-44.38989940458158 24.71031552061859 0
-47.86749976044252 -44.94359876201936 0
-46.83579692201403 -44.34220599334124 0
46.68972510004446 18.29728679448155 0
-18.12500000018825 -18.60657911291145 0
-16.87500000019016 -18.60657911290991 0
-43.12500000021785 22.5296275667696 0
-43.7648994045805 23.627783765892 0
-44.38989940457606 22.54525201116391 0
18.12499999970886 18.19950054792681 0
19.37499999970815 18.19950054792739 0
18.74999999970774 19.28203230265512 0
11.87499999970665 29.02481809520165 0
12.49999920089381 30.1073657698108 0
31.87261263845125 39.86781719395773 0
33.12499999975255 -29.43189666011251 0
34.37499242439272 -29.43190103374473 0
33.74999242439199 -28.34936927901718 0
-20.62500000020193 0.8789924722141557 0
-21.8750000002047 0.8789924722088192 0
5.624999999812382 -48.91746824526926 0
-11.87500000015807 -48.91746824527311 0
-12.50000000016106 -47.83493649054594 0
-13.1250000001553 -48.91746824527283 0
-26.87500000024269 29.02481809514943 0
-27.50000000024761 30.10734984987935 0
-28.12500000024498 29.02481809514858 0
13.1249964582626 31.18995298961621 0
-30.62500000019718 3.044055981647648 0
-29.37500000019882 3.044055981649765 0
-30.00000000019941 4.126587736377301 0
7.499999999749082 4.126587736436017 0
8.124999999746263 5.209119491167252 0
6.874999999748638 5.209119491164848 0
-15.00000000019027 -17.5240473581781 0
-15.62500000019234 -18.60657911290796 0
-33.75000000022001 19.28203230256952 0
-16.25000000021211 6.291651245860582 0
-16.87500000021543 7.37418300058844 0
46.75615658707883 -6.88149839718207 0
46.75240473580898 -5.625000000166402 0
45.67362483234646 -6.256498397185163 0
23.7499999998351 -45.66987298106045 0
23.12499999981784 -44.58734122633122 0
-25.62500000011631 -46.75240473582305 0
-26.25000000011789 -45.66987298109791 0
-26.87500000011108 -46.75240473582377 0
-48.91778930325665 -30.62499999989329 0
-33.13362197942372 -38.0850594783891 0
-32.50643599243857 -39.16938911655689 0
-31.88010027201516 -38.08795593636421 0
19.37499999971543 11.70431001955565 0
18.12499999971762 11.70431001955416 0
18.74999999971886 10.62177826482515 0
11.87499999980809 -44.58734122635214 0
10.62499999980799 -44.58734122635472 0
11.24999999980821 -45.66987298108273 0
49.02644022712465 45.74368606232429 0
48.7896140576452 44.5488381278902 0
-48.94537961947595 -45.57665608173074 0
-48.92212014096657 -44.36694268026159 0
48.85478860951088 19.5472867944883 0
-25.62500000021921 11.70431001948596 0
-24.37500000021906 11.70431001948891 0
13.12499999980817 -48.91746824526862 0
48.91746824526859 13.12499999980813 0
-48.93754509964825 -13.15977413164991 0
34.99999999980646 -43.50480947159218 0
-30.62500000025654 31.18988160460356 0
-29.37500000025238 31.18988160460668 0
36.87489128995899 -27.26689591426915 0
-41.87250367875371 -9.943189893068535 0
-41.25654619208409 -11.02093457297428 0
-40.61595748680965 -9.951112149921942 0
34.99999999975343 -30.51442841483773 0
-47.83858641297857 -27.49999999987653 0
-46.76396282355456 -28.12499999987873 0
-46.76761274600563 -26.87499999987286 0
-10.62500000023006 9.5392465100516 0
-10.00000000022715 8.456714755324331 0
-9.375000000232323 9.539246510053658 0
36.87945678455459 42.01820008920642 0
35.62989136129759 42.02173805729396 0
36.25043432438854 40.93620551086403 0
21.24999999971531 10.62177826482749 0
20.62499999971357 11.7043100195569 0
9.99999999974492 4.126587736438905 0
10.62499999974212 5.209119491169275 0
9.374999999743913 5.20911949116879 0
-45.57863420751075 37.72096519218935 0
-46.89756459300384 37.64326089531683 0
-46.25364215279626 36.5651370477496 0
-31.25000000020226 6.291651245831746 0
-30.62500000020516 7.374183000561148 0
-31.87500000020425 7.37418300056007 0
-31.25000000012513 -32.67949192438781 0
-30.62341976630067 -31.59604782123322 0
-48.91746824526375 -28.12499999988031 0
-48.92111816771482 -26.87499999987444 0
4.37499999981489 -48.91746824526916 0
3.124999999817011 -48.91746824526916 0
16.87499999970849 20.36456405738119 0
18.12499999970748 20.36456405738269 0
5.624999999801235 -44.58734122635275 0
6.249999999803583 -45.66987298108135 0
14.3749883906831 33.35517002847872 0
15.62499352821132 33.35506032947302 0
35.62499999973399 -22.93670613174082 0
36.24975975445408 -24.01937659214357 0
36.87475975445086 -22.93684483741505 0
19.37499999970258 24.69469107629398 0
36.87482172602306 -38.09222746085934 0
36.24979201372877 -37.00970849995061 0
35.62497028747782 -38.09216349176265 0
-5.000000000267859 34.43747686882718 0
-5.625000000265803 33.35494511409705 0
-4.375000000267574 33.35494511409702 0
14.37485311625394 37.68721448670952 0
15.62461810471471 37.68804194734527 0
19.99999999971234 12.78684177428591 0
-19.37500000013899 -48.91746824527365 0
11.87499999973588 7.37418300063077 0
13.12499999973411 7.374183000631724 0
12.499999999733 8.456714755360832 0
-26.25000000013562 -37.00961894329057 0
-26.87500000013113 -38.09215069801856 0
-25.62500000013581 -38.09215069801633 0
-3.125000000269671 33.35494511409865 0
-3.750000000267616 32.27241335936853 0
23.12499999985359 -48.91746824526432 0
22.49999999984568 -47.83493649052956 0
21.87499999984326 -48.91746824526524 0
-48.93936777996593 -23.12499999985456 0
-47.8867434813581 -22.4999999998515 0
-48.94737570139218 -21.87499999984811 0
-23.12465350139313 39.8499355912485 0
-22.49878519653139 38.76789544395662 0
-21.87343869766747 39.85022714747477 0
5.624999999787253 -35.92708718852436 0
6.24999999979188 -37.00961894325319 0
-8.750000000206178 -19.68911086762269 0
-8.125000000200878 -18.60657911289131 0
35.62311234159121 -18.60766895276247 0
34.99806739735023 -17.52516314660477 0
34.37441572459443 -18.60691644423802 0
-24.37500000014083 -38.09215069801441 0
-23.12500000014548 -38.09215069801233 0
-23.75000000014496 -37.00961894328626 0
5.624999999793777 -38.09215069798249 0
35.00260747657174 43.1189587058031 0
25.62499999986467 -48.91746824526174 0
-31.87317788271213 -27.26578115075834 0
-31.24815432523464 -28.34829930457255 0
-30.62439833067418 -27.26648577671516 0
8.749999999743467 6.291651245897622 0
34.37499873718227 -25.10177037013639 0
35.62493674210697 -25.10180616300563 0
33.74999887284251 36.60254102891526 0
34.3749982035495 35.52000966061496 0
-44.39038401501161 39.86827912618904 0
-44.98627832399393 38.7833464637234 0
-9.375000000247002 18.19950054788642 0
-8.125000000247324 18.19950054788798 0
-8.750000000248239 19.28203230261601 0
-26.87500000022056 11.70431001948237 0
-26.25000000021751 10.62177826475589 0
-43.11955931418832 37.68843054682907 0
14.36184072662128 42.09819344069757 0
15.61629047062342 42.08156264331693 0
-26.87500000021512 9.539246510026132 0
-25.62500000021376 9.53924651002972 0
-7.500000000196686 -17.52404735815812 0
-4.374839616388335 37.68502979263997 0
-3.748348074385688 36.60299388412413 0
-3.123187690503706 37.68548329847744 0
11.87499999974006 5.209119491170526 0
11.24999999973905 6.291651245900412 0
-12.50000000019199 -17.52404735817107 0
10.62499999973794 7.374183000629518 0
-41.25000000027234 40.9387416072793 0
-40.62409321925713 39.85170774642584 0
47.84012717511854 10.00920723533038 0
46.57589407677563 10.70360226314335 0
46.5707033921972 9.444395027626094 0
23.12499999970404 18.19950054792969 0
21.87499999970634 18.19950054792889 0
-44.97886892209981 21.44035387367015 0
36.87415926685875 -20.77212801963144 0
37.49956179083985 -21.85442737702896 0
38.12372105796782 -20.77238101964809 0
-20.00000000023696 21.44709581205418 0
-19.37500000023755 22.52962756678407 0
-20.625000000237 22.5296275667824 0
23.12499999983972 -46.75240473579557 0
-33.1158312106303 -29.42660305711865 0
-31.87188670487297 -29.4300991983477 0
-20.62500000021959 9.539246510037469 0
-20.00000000021845 8.456714755310816 0
-19.37500000022105 9.539246510040705 0
-31.25000000023774 27.9422863404115 0
-20.62500000021608 7.374183000579958 0
-24.37500000012135 -46.75240473582345 0
-25.00000000011454 -47.83493649054931 0
37.49591499577009 -17.52640583622952 0
36.87254127416686 -18.60799865868989 0
-44.34235588378635 37.70522261615618 0
-43.12500000022338 24.69469107622427 0
-28.12500000020858 7.374183000565711 0
-26.87500000020861 7.37418300056922 0
-27.50000000021134 8.456714755296451 0
-29.37500000009876 -46.7524047358277 0
-30.62500000009086 -46.75240473582926 0
-30.00000000008836 -47.83493649055323 0
-23.12500000012659 -46.75240473582335 0
-23.75000000012836 -45.66987298109708 0
12.49999999981084 -47.83493649053814 0
11.87499999980804 -48.91746824526952 0
47.84012717511708 12.50920723532926 0
48.92265892984848 11.8842072353265 0
-47.69020587098248 -12.48298991759977 0
-48.75266077133423 -11.82321578575523 0
47.86356524091466 39.99999999994647 0
46.87023132756438 40.60111053746741 0
46.8497822201452 39.35111053746154 0
-28.12500000010446 -46.75240473582515 0
-28.75000000010696 -45.66987298110118 0
-32.49649074699625 -26.18227532776836 0
-33.12024674155671 -27.26408885562574 0
35.62499505532598 35.52001147824856 0
34.99999512640289 34.43747968247993 0
-25.00000000013634 -39.1746824527424 0
-45.79109351208461 -26.24127651516346 0
-46.86571710150862 -25.61627651516125 0
-3.750000000214328 -19.68911086761514 0
-20.62500000023589 20.36456405732443 0
-19.37500000023644 20.36456405732609 0
2.499999999784507 -21.85417437706209 0
1.874999999782173 -22.9367061317912 0
45.53336355156584 8.814497447593347 0
46.79759664990875 8.12010241978037 0
-3.10800517862225 39.85762215215822 0
-2.490088444956826 38.77032492277024 0
-1.848414391072723 39.86042786793517 0
13.74999999980689 -45.66987298107802 0
13.12499999980965 -46.7524047358087 0
32.49963295509741 -17.52425927142457 0
31.87490889192226 -18.60663171395529 0
33.12464671717831 -18.60678308061105 0
26.87499999966933 35.52000862357966 0
26.24999999966888 36.60254037830582 0
25.62499999967239 35.5200086235777 0
-28.12500000021509 9.539246510022625 0
-29.37500000020724 7.374183000562883 0
-30.00000000020923 8.456714755291207 0
36.9136531333566 44.20607145333784 0
36.28420975003426 45.30172512193613 0
35.62947043814131 44.19938630423464 0
-0.5737366218857772 39.86199276059848 0
-15.62500000023652 18.19950054787339 0
-16.87500000023679 18.19950054787191 0
11.87499999980951 -46.75240473580959 0
10.6249999998094 -46.75240473581218 0
36.87469649682386 -25.10194486867986 0
39.9999999999294 -47.83493649052645 0
40.62499999990069 -46.75240473578192 0
36.24888960141107 -19.68975195632314 0
48.81219832364015 29.19425065502016 0
48.91746824526381 30.62499999989555 0
47.72966656890394 29.81925065502396 0
-27.50000000010288 -47.83493649055029 0
45.69927598755649 13.81002915721867 0
46.78354884328056 13.18024341292231 0
9.374999999808248 -48.91746824527009 0
10.62499999981016 -48.91746824526952 0
9.9999999998088 -47.8349364905396 0
48.91746824527006 9.37499999981136 0
48.92265892984848 10.63420723532862 0
-49.0070615797021 -9.309579685285218 0
-48.75266077133423 -10.57321578575735 0
-33.7500000002242 23.61215932149437 0
-33.1250000002206 22.52962756676299 0
26.874999999664 37.68507213303414 0
25.62499999966705 37.68507213303217 0
33.12499999967203 26.85975458577195 0
34.37486545349391 26.85983226604887 0
33.74986545349265 27.9423640207754 0
48.91746824527068 -5.625000000164156 0
47.83514357242886 -5.000077055694243 0
35.62497028747297 -35.92709998230389 0
-47.83958838623103 -42.49194268025205 0
-46.76531077762951 -43.1026460797887 0
-46.7606588819274 -41.86070339949053 0
6.874999999712236 33.35494511410947 0
8.125000208573748 33.35513348253447 0
7.500000208573626 34.43766523726224 0
36.91453193936854 46.47179365493832 0
48.91746824526226 36.87499999993128 0
38.12432154555994 -22.9370978374317 0
34.99941487352327 25.77756065378968 0
35.6242803273439 26.86017008879314 0
43.71615924272288 -24.03398082188608 0
43.1096863815599 -25.10688499159127 0
44.33650357232749 -25.11547455801374 0
32.49997060587013 30.10736682048076 0
43.12499999977216 -38.09215069793041 0
43.73694407046732 -37.01730339369193 0
48.94200717416692 40.62499999994911 0
48.92155806674774 39.37499999994324 0
-31.87657801800415 -40.25591635334855 0
6.249999999784701 -28.34936490542746 0
5.624999999782057 -29.43189666015579 0
44.96374657030863 -26.19999585205753 0
37.53119850201426 43.11873688513471 0
-22.50000000014616 -39.17468245273839 0
-21.87500000015028 -38.09215069801023 0
-31.87500000022204 22.52962756676484 0
40.62499999993828 -48.91746824526086 0
39.374999999937 -48.91746824526558 0
-9.375000000192632 -16.44151560343346 0
-10.62500000019388 -16.44151560343629 0
16.24999999972323 10.62177826482234 0
16.8749999997199 11.70431001955265 0
15.62499999972208 11.70431001955133 0
-29.37500000012205 -38.09215069802286 0
-28.12500000012582 -38.0921506980207 0
-28.75000000012717 -37.00961894329495 0
46.75678189562331 -8.13258146335022 0
47.83556179908584 -7.501083066331461 0
14.37499999978565 -29.43189666014491 0
13.7499999997853 -28.34936490541709 0
13.12499999978691 -29.43189666014701 0
33.12499873718959 -27.26683387959421 0
12.49999999978473 -26.1843013959615 0
11.87499999978643 -27.26683315069128 0
13.12499999978486 -27.2668331506894 0
-39.99180507623381 34.44229972953977 0
21.87499999977175 -29.43189666013271 0
22.49999999977163 -30.51442841486106 0
23.12499999976987 -29.4318966601302 0
42.49999999977413 -39.17468245265989 0
41.874999999773 -38.09215069793245 0
-31.25000000025525 32.27241335933318 0
-31.87500000025694 31.18988160460187 0
-43.76538401501344 40.95688509104359 0
14.37499715065533 31.18993757874475 0
14.99999872604907 30.10737509882536 0
17.49999999971648 12.78684177428316 0
-36.87460311581789 -18.6063499716343 0
-37.50315646955572 -17.52393375498909 0
-38.12794900163212 -18.60634572805528 0
14.3749999997836 -27.2668331506873 0
20.62499999971001 13.86937352901513 0
21.87499999970941 13.86937352901536 0
13.74999999972743 10.6217782648199 0
13.12499999973035 9.539246510090283 0
14.37499999972832 9.539246510091399 0
48.92500023095334 6.874183736476299 0
48.92500023095334 5.624183736478413 0
38.12499999993024 -48.91746824526558 0
37.49999999992002 -47.83493649053246 0
36.87499999992214 -48.91746824526687 0
-28.7500000002393 27.94228634041606 0
-47.86048594768075 -24.99999999986431 0
-46.88396671375973 -24.3662765151549 0
37.49999999977329 -39.17468245266869 0
39.37387206301487 -20.77229383683969 0
-48.93936777996593 -24.37499999986133 0
-48.92111816771482 -25.62499999986768 0
-45.7568674177104 -43.71096671257973 0
33.74969166141928 -19.68928888676874 0
-21.25000000023704 23.61215932151044 0
-21.87500000023645 22.52962756678055 0
-36.87864312954694 -40.25421788494859 0
-36.25060718834336 -41.33924657513568 0
-11.87500000016686 -46.75240473581853 0
-10.62500000016795 -46.75240473581881 0
-11.25000000017097 -45.66987298109112 0
9.374998601967835 33.35516738176509 0
46.78873952786046 11.93945064844068 0
-35.62570838637521 -42.42169509867529 0
-35.0002192625107 -43.50462913744383 0
38.15174146510522 42.03320433870478 0
-27.50000000012601 -39.17468245274647 0
11.87499999973211 9.539246510089328 0
23.7499999997676 -28.34936490539967 0
24.37499999976748 -29.43189666012803 0
13.12499999978275 -25.10176964123189 0
11.87499999978431 -25.10176964123377 0
24.99999999967637 34.43747686884948 0
24.37499999967591 35.52000862357564 0
-13.12500000016408 -46.75240473581825 0
-25.6250000002509 33.35494511407147 0
-26.87500000025251 33.35494511406999 0
-26.25000000024978 32.27241335934023 0
24.37499999986036 -48.91746824526432 0
48.89655332306618 24.3505680714603 0
48.89655332306618 23.10056807145354 0
-34.37460892900913 -20.7714168373418 0
-33.1248048666169 -20.77152996197511 0
-33.74966379155855 -19.68891675752342 0
-22.50000000012613 -47.83493649054957 0
48.94200717416692 41.87499999995588 0
48.7896140576452 43.29883812788343 0
47.73162123181212 42.67383812787989 0
-48.91746824526446 -41.87499999995665 0
-48.92212014096657 -43.11694268025481 0
-34.99870573769719 -21.85342713432444 0
-35.62356466263884 -20.77081392987276 0
36.87499945291407 39.85013595821158 0
35.62543402965706 39.85367392629911 0
23.12499999970858 13.86937352901552 0
44.33733159171524 -35.9490060945602 0
43.10038752101894 -35.94132164407124 0
-46.75818333466234 -38.11102089226576 0
-46.75976913025202 -36.85974056942798 0
-47.83856636894464 -37.49404485584223 0
5.624999999786682 -20.77164262232792 0
6.874999999785758 -20.77164262232573 0
6.24999999978543 -19.68911086759797 0
-45.67950281821471 -41.23332063274496 0
-44.62437822421785 -41.71963708510683 0
-44.61749976910669 -40.4815509188246 0
-44.36890755929812 29.03922562576147 0
-36.87510119813381 -42.42219448577244 0
-20.62500000023893 24.69469107624022 0
-21.87500000023838 24.69469107623836 0
-39.37500000026778 37.6850721329689 0
-39.99909321925456 38.76917599169624 0
16.87499557844524 33.35502027526678 0
46.8375835677408 5.623231429249069 0
47.86036859806993 4.99796564745329 0
-9.375000000248264 20.36456405734389 0
-8.125000000248585 20.36456405734546 0
46.82665608169827 -48.94537961947075 0
49.02644022712465 46.99368606233104 0
-46.82881823890765 48.87379801614603 0
-48.94537961947595 -46.8266560817375 0
34.37155000817677 -14.27844394746658 0
33.12345255165661 -14.27734551347955 0
33.74677585272821 -15.3608453107848 0
34.37413362924597 24.69519127551798 0
33.12499898713182 33.35494569874556 0
15.62499999972627 9.539246510092452 0
16.8749999997241 9.539246510093774 0
-40.60285449522635 -48.9302539584233 0
-39.97416357776592 -47.84985315589311 0
14.99999999972919 8.456714755362839 0
-43.08100721971304 33.3806531091994 0
-44.51328897100358 33.41992998896045 0
-43.91770546550938 32.32021648931477 0
1.249999999780524 -24.01923788652064 0
-35.6229420325139 -22.93551796366359 0
-34.3739862988842 -22.93612087113263 0
48.91809355381515 -8.126083066330189 0
48.91809355381515 -9.376083066328075 0
-32.50000000007351 -47.83493649055899 0
-31.87502278494173 -46.75238599623538 0
4.374999999750338 7.374183000617634 0
5.624999999747933 7.374183000620599 0
4.99999999974759 8.45671475534799 0
-9.37500000025493 29.0248180951764 0
-8.750000000254424 27.94228634044677 0
-8.125000000256726 29.0248180951779 0
14.9999999997368 4.126587736445176 0
15.62499999973386 5.209119491175485 0
14.37499999973597 5.209119491173682 0
-39.37500000026888 39.85013564242966 0
39.99999999977472 -39.17468245266397 0
40.62410833376898 -38.0926356562171 0
43.09066037012708 -33.77619428990253 0
44.52312575940648 -33.74669399518378 0
-36.2447084848185 -24.01618282876376 0
-36.86942792363151 -22.93348909195558 0
-35.00000000025952 34.43747686878672 0
-35.6250000002579 33.35494511405631 0
-34.37500000025671 33.35494511405902 0
-4.375000000202061 -16.44151560342669 0
-5.625000000202085 -16.44151560342692 0
-11.24965350140274 40.93246734598364 0
-10.60812790300521 42.03132870997888 0
-11.85778140413842 42.03112865876449 0
8.124999999778883 -16.44151560340991 0
6.874999999779794 -16.44151560341176 0
7.499999999781146 -17.52404735813925 0
-34.3750000002525 31.18988160459953 0
-33.12500000025277 31.18988160460098 0
-33.75000000025537 32.27241335933005 0
-36.25000000025803 32.27241335932671 0
-30.62497025835186 -20.77162545093373 0
-31.24992511846612 -19.68906763468406 0
-31.87490486905205 -20.7715876984064 0
-34.37500000026028 35.52000862351865 0
-35.62500000026147 35.52000862351595 0
44.63343915282788 18.05706591379725 0
43.61687425608689 17.44740943042802 0
-19.32675023470643 42.02904492314271 0
-20.59962427692296 42.03342920658896 0
34.99999999989806 -47.83493649053412 0
35.62499999987637 -46.75240473579777 0
-8.125000000187477 -38.09215069799798 0
-8.750000000187416 -37.00961894326954 0
-9.375000000184869 -38.09215069799782 0
36.24999747525489 36.60254183583014 0
36.8749979881099 37.68507329446167 0
35.62499864532758 37.68507291501513 0
-33.74894234670834 -24.01862725006234 0
-34.37089109977087 -25.09939736655377 0
-33.1216108527783 -25.09981291614434 0
20.62499999972227 7.374183000638912 0
19.99999999972139 8.45671475536744 0
19.37499999972398 7.374183000637853 0
-15.62500000015037 -48.91746824527258 0
48.94361623910373 -15.62500000014707 0
48.94361623910373 -16.87500000014496 0
-48.91746824527254 15.62500000014702 0
25.62499999976524 -29.43189666012541 0
24.99999999976751 -30.51442841485593 0
-19.37500000020411 -3.451134546707285 0
39.37499999977658 -40.25721420739202 0
40.62499999977683 -40.25721420738999 0
9.999999999783295 -21.85417437705052 0
10.62499999978177 -20.77164262232085 0
9.374999999782762 -20.77164262232258 0
-48.91746824526375 -29.37499999988707 0
-47.8352575485204 -29.99999999988861 0
-26.87500000019903 0.8789924721972172 0
-28.12500000019731 0.8789924721949807 0
-27.50000000019703 -0.2035392825327093 0
9.999999999810754 -43.50480947162555 0
-46.75378042681624 -40.62261723320831 0
-46.75480246822926 -39.37027982257137 0
-47.83595853194194 -39.99766258931695 0
41.86862982146891 -25.10544746531061 0
42.48897415107351 -26.18694120143826 0
34.99999935319175 38.76760426104696 0
-28.75000000019795 1.961524226922509 0
-29.37500000019594 0.878992472192583 0
-26.87500000024835 31.18988160460948 0
-25.62500000024675 31.18988160461095 0
28.7499999674563 36.60254039690506 0
29.37487954028936 37.68614304521974 0
28.12487957249889 37.68614302662246 0
19.37499999970677 20.36456405738327 0
34.37499884033673 37.68507280241542 0
-33.12500000025699 33.35494511406046 0
-32.49985000650263 -21.85408777822477 0
-38.74930666227357 -19.68871056882977 0
-39.3778600160114 -18.60629435218457 0
-10.62500000018316 -38.09215069799636 0
45.88146108409872 38.71892043694874 0
46.874794997449 38.1178098994278 0
-38.12500000026566 37.68507213297061 0
41.87499999977661 -40.25721420738716 0
43.12499999977577 -40.25721420738512 0
-43.12238059565394 42.02987225444706 0
-44.38776461039416 42.04194152809131 0
5.624999999751068 5.209119491161927 0
6.249999999748249 6.291651245893163 0
-45.68449796166251 -36.23063100979117 0
-30.62500000025616 33.35494511406412 0
-31.87500000025656 33.35494511406243 0
8.124999999782371 -18.60657911286659 0
6.874999999783281 -18.60657911286843 0
46.75261181769648 -4.375077055697336 0
10.624999999786 -25.10176964123552 0
11.24999999978401 -24.01923788650591 0
-6.875000000263681 33.35494511409755 0
-6.250000000263396 32.27241335936741 0
36.8749943981083 35.52001185769511 0
8.124999999775211 -14.2764520939529 0
8.74999999977646 -15.35898384868055 0
9.37499999977414 -14.27645209395103 0
41.87499999994505 -48.91746824526086 0
-48.91746824526446 -40.62499999994989 0
6.874999999714557 31.18988160465197 0
7.499999999714485 30.10734984992408 0
-10.62500000022356 7.37418300059473 0
-9.375000000225821 7.374183000596789 0
-45.67600522953664 -38.73597553615712 0
-35.62511984288835 -44.58724266067613 0
-35.65050190620608 -38.07117644016819 0
-34.40183762663368 -38.07007786562691 0
45.51931574493912 11.3746384407364 0
29.37499999988837 -48.91746824526359 0
48.81219832364015 27.9442506550134 0
-30.62310715283501 -29.43080382430453 0
-29.99809412017565 -30.51332805462411 0
-1.875000000271795 33.35494511409942 0
-2.500000000271753 34.43747686882791 0
-43.71191519770514 36.62604927529502 0
-44.30565124625521 35.56160397673361 0
-43.08285467665718 35.5448119074065 0
46.75240473581333 -11.87500000015612 0
46.75240473581209 -10.62500000015811 0
45.66987298108381 -11.25000000015845 0
-31.87454199393373 -25.10150521127693 0
36.8749999997748 -40.25721420739754 0
38.12499999977598 -40.25721420739485 0
8.749999999769193 -11.02885682976601 0
9.3749999997667 -9.946325075036473 0
8.124999999768498 -9.946325075038153 0
-15.00000000017685 -34.84455543382106 0
-14.37500000017958 -33.76202367909313 0
-15.62500000017639 -33.762023679094 0
-43.5579552277481 -30.05257282632983 0
-42.49556261039314 -30.60084986001286 0
-42.53297347966358 -29.38840187890134 0
23.74999999966696 40.93266739720929 0
24.37495820396186 42.04239652212043 0
23.12495820396671 42.04239652211831 0
8.124999999788352 -25.10176964123931 0
9.374999999787214 -25.10176964123745 0
8.749999999786839 -24.01923788650952 0
48.91746824527006 8.124999999813474 0
47.8424684762234 7.499183736475942 0
-6.875000000261204 31.1898816046378 0
-8.125000000259254 31.18988160463772 0
-7.500000000259185 30.10734984990761 0
-30.0000000002567 34.4374768687952 0
-29.37500000025539 33.35494511406595 0
-16.87500000020406 0.878992472216654 0
-18.12500000020297 0.8789924722158946 0
36.87477784875578 29.02494635414044 0
35.62482378687312 29.0249198317493 0
36.24968496919719 27.94246822344346 0
21.24999999977258 -28.34936490540448 0
20.62499999977434 -29.43189666013534 0
-28.75000000022774 23.61215932149941 0
-29.37500000022601 22.529627566769 0
-28.1250000002281 22.52962756677075 0
10.62499999976508 -9.946325075034878 0
9.999999999764382 -8.863793320307018 0
21.87499999968365 35.52000862357134 0
22.49999999968372 34.43747686884515 0
23.12499999967982 35.52000862357362 0
-36.87500000025637 31.18988160459746 0
-37.50000000025157 30.10734984986884 0
47.86544248334728 -15.00000000014878 0
46.58628710578581 -14.47144990147852 0
46.608077100646 -15.72144990147581 0
48.88457175555715 33.10603444653877 0
48.91746824526381 31.87499999990232 0
25.62499999965756 42.04643794685108 0
25.62499999976801 -31.59696016958372 0
24.37499999977026 -31.59696016958634 0
-39.37500000024717 29.02481809513983 0
43.09521225520663 -29.4149872082991 0
44.32059598651565 -29.4116386254505 0
43.72497409542403 -28.34625282574152 0
-46.75433108375183 -29.3749999998834 0
-45.68335741677888 -28.74999999987974 0
-20.00000000024007 25.77722283097048 0
-19.37500000023874 24.69469107624256 0
-19.37500000024551 29.02481809516026 0
-18.75000000024428 27.94228634043156 0
-18.125000000246 29.02481809516237 0
37.49999045481333 34.43748237963007 0
38.12499287474225 35.52001273721164 0
8.125166845698926 37.68743135188167 0
8.750009756484426 36.60348875931303 0
9.375176602476383 37.68837973289908 0
-30.6250000001236 -35.92708718857089 0
-31.87864312956206 -35.92409086602056 0
-31.25364312956185 -37.00662262074675 0
-10.62500000025556 31.18988160463318 0
-11.25000000025636 32.27241335936213 0
-11.87500000025429 31.18988160463039 0
34.37499999975527 -31.59696016956893 0
-13.12500000018254 -33.76202367909205 0
-13.75000000018208 -32.67949192436501 0
-30.62500000022419 22.52962756676693 0
-1.875000000174798 -48.91746824527171 0
-44.63454588699734 -29.42006242255136 0
-44.64417762680007 -28.17006242254669 0
16.24999999970599 23.61215932156365 0
15.62499999970792 22.52962756683509 0
15.6249999997126 18.19950054792285 0
16.87499999971065 18.19950054792501 0
16.24999999971039 19.28203230265238 0
-19.37500000024183 26.85975458570113 0
-20.62500000024203 26.8597545856988 0
-21.25000000015416 -37.00961894328215 0
-20.62500000015483 -38.09215069800821 0
35.62492856843426 7.374147014673031 0
36.24805578041584 6.292629486373611 0
36.87303158622642 7.375142017705409 0
7.499999999785648 -21.85417437705396 0
8.124999999784396 -20.77164262232401 0
-30.62500000020047 5.209119491104004 0
-29.37500000020211 5.20911949110612 0
17.49999999978041 -30.51442841486946 0
18.12499999977879 -29.43189666013937 0
16.87499999978142 -29.43189666014111 0
-29.37500000008879 -48.91746824527583 0
-30.62500000008089 -48.9174682452774 0
-42.40340803881634 -31.83432651579267 0
9.374999999784993 -22.93670613177995 0
10.624999999784 -22.93670613177822 0
48.92155806674774 38.12499999993648 0
7.50016684569883 38.76996310660943 0
6.874999999706874 37.68507213302338 0
8.124999999771941 -12.11138858449554 0
9.374999999770143 -12.11138858449386 0
-31.8750000002596 35.52000862352303 0
-33.12500000026002 35.52000862352106 0
-32.50000000025791 34.43747686879139 0
38.12497593521769 33.35495900779386 0
36.87497745858374 33.35495812827732 0
-44.54999360852837 31.23342160947589 0
24.9999999997015 17.11696879320271 0
25.62499999969934 18.19950054793169 0
24.37499999970139 18.19950054793068 0
4.374999999744576 11.70431001953339 0
5.624999999742165 11.70431001953602 0
4.999999999741847 12.78684177426331 0
19.37499999977508 -27.26683315067932 0
20.6249999997728 -27.26683315067685 0
19.9999999997727 -26.18430139594906 0
-40.62500000027467 42.05164441262608 0
-41.87500000027555 42.05771862274611 0
-24.37500000011357 -48.91746824527485 0
-25.62500000010853 -48.91746824527446 0
35.624976381162 5.209111109907631 0
36.87307939895416 5.210106112940009 0
6.249999999761371 -2.368602791940138 0
6.874999999758769 -1.286071037210538 0
5.624999999760528 -1.286071037212067 0
-13.12500000025591 33.35494511408805 0
-11.87500000025726 33.35494511409004 0
-12.50000000025807 34.43747686881875 0
15.62499999978353 -29.4318966601431 0
16.24999999978192 -28.349364905413 0
-27.50000000025477 34.43747686879914 0
-28.12500000025366 33.3549451140679 0
15.62499999970467 24.69469107629123 0
13.12499999973795 5.209119491172519 0
13.74999999973501 6.291651245902828 0
18.12499999972607 7.374183000636453 0
17.49999999972513 8.456714755365134 0
16.87499999972809 7.374183000635209 0
34.3721220448009 -16.44317719142608 0
33.12402458828075 -16.44207875743905 0
-38.12500000024833 29.02481809514038 0
-38.75000000024414 27.94228634041265 0
34.3749999999015 -48.91746824526724 0
35.62499999991536 -48.91746824526687 0
37.49988881763872 30.10741404095783 0
38.12491195391691 31.18993243795526 0
36.8749398027099 31.18991635944369 0
-35.62500000025344 31.18988160459936 0
23.74999999967584 36.60254037830184 0
16.24999999973104 6.29165124590526 0
15.62499999973009 7.374183000633941 0
-21.24271117790588 40.93441673455163 0
-21.85622010154628 42.03127976680398 0
34.99999999977055 -39.17468245267419 0
34.37497028747626 -38.09216349176546 0
-29.37500000025818 35.52000862352726 0
-30.62500000025896 35.52000862352543 0
23.74999999970187 19.28203230265867 0
14.99999999978515 -30.51442841487302 0
-33.12470605189163 -22.9365364207232 0
-13.12500000017117 -44.58734122636378 0
-11.87500000017301 -44.58734122636413 0
47.8610844843782 -17.50000000014244 0
48.91746824527447 -18.12500000014133 0
-1.863596902954179 37.68828901425439 0
-41.87500000022858 24.69469107622687 0
48.9353683671166 4.373781910792935 0
31.87428676302471 -16.44192739078329 0
-30.00000000010806 -43.50480947165469 0
-30.62500000010211 -44.58734122638097 0
-29.3750000001072 -44.58734122637744 0
-29.37463382328501 -27.26662173843484 0
-28.12488540728154 -27.26676699052192 0
-9.375000000248537 22.52962756680096 0
-10.6250000002477 22.52962756679889 0
-10.00000000024777 21.44709581207128 0
43.08787772282068 -22.95813868828352 0
44.31469491358826 -22.96672825470599 0
48.92182624424355 -14.37500000014979 0
-48.91746824527128 14.37500000014914 0
-44.61588057106054 -39.30514981767432 0
-13.12257450821021 42.01379879343246 0
-12.48104890981268 43.1126601574277 0
20.62499999971817 9.539246510097566 0
19.37499999971989 9.539246510096508 0
5.624999999784205 -18.60657911287062 0
27.49566481514786 43.16752175908614 0
38.12474999996279 29.024962432652 0
-35.61806295920354 -25.09776453883804 0
-34.9907314652735 -26.17895020492003 0
48.91746824527068 -6.875000000162038 0
9.374999999777812 -16.44151560340804 0
-30.6264571425767 -38.09095225891455 0
14.37499999973214 7.374183000632889 0
48.9174682452708 -10.62500000015616 0
47.83556179908597 -10.00108306632769 0
-38.11917529304775 -22.93334323562127 0
-37.49740884074316 -21.8526783705211 0
-44.59713501772691 -30.63251040366288 0
24.99999999986034 -47.83493649052607 0
21.87499999968762 33.3549451141165 0
23.12499999968379 33.35494511411878 0
18.12499999972208 9.539246510095019 0
47.83929448951436 -12.50000000015363 0
46.75676273478607 -13.12500000015398 0
-9.335771551385516 42.02829584185319 0
20.62621027293761 44.2120896204148 0
21.87499999966862 44.18026266138568 0
21.25121027293348 45.2946213751422 0
19.99999999977565 -30.51442841486564 0
19.37499999977648 -29.43189666013741 0
-10.62500000025306 29.02481809517336 0
-10.00000000025536 30.10734984990449 0
-24.3750000002428 29.02481809515267 0
-25.00000000024525 30.10734984988186 0
-25.62500000024286 29.024818095151 0
16.87499999973186 5.209119491176753 0
27.49987957249706 38.76867478134881 0
-22.50000000019877 -4.533666301441932 0
-21.87500000020079 -3.451134546710721 0
-23.12500000019879 -3.45113454671261 0
-36.87500000024855 29.02481809514165 0
-28.12500000009535 -48.91746824527583 0
48.80808854788525 -28.02453215945722 0
48.80808854788525 -29.27453215945066 0
-48.81219832376262 27.94425065517611 0
-48.81219832376262 29.19425065516954 0
-3.125000000180983 -46.75240473581722 0
-3.750000000184624 -45.66987298108752 0
-4.375000000178725 -46.75240473581677 0
-36.27185877676506 -36.99164100799389 0
-36.87864312955092 -38.08915437549005 0
-5.625000000263327 31.18988160463729 0
10.62499999976236 -7.781261565577687 0
9.374999999763986 -7.781261565579282 0
8.749999999782872 -19.68911086759434 0
-20.62500000020212 -3.451134546708391 0
-31.87500000019956 5.209119491102926 0
-28.12500000025064 31.18988160460863 0
9.99999999977112 -13.19392033922163 0
10.62499999976837 -12.1113885844921 0
-17.50000000023755 21.44709581205752 0
-18.12500000023694 20.36456405732784 0
-29.3750000001272 -35.92708718856855 0
-28.12500000013097 -35.9270871885664 0
8.749999999763435 -6.698729810851441 0
8.124999999765455 -7.781261565580773 0
1.87499999974843 11.70431001952792 0
3.124999999746596 11.70431001953021 0
2.499999999746092 12.78684177425839 0
46.75303004435645 -9.376083066330033 0
23.12499999967144 39.85013564248165 0
24.3749999996666 39.85013564248377 0
-10.62500000025852 33.35494511409283 0
29.37499999976494 -35.92708718849333 0
28.12499999976739 -35.92708718849423 0
28.74999999976777 -37.00961894322298 0
-18.12500000024233 26.85975458570324 0
-36.25000000026362 36.60254037824451 0
-21.87500000014427 -42.42227771691725 0
-23.12500000013927 -42.4222777169187 0
-22.50000000014028 -43.50480947164387 0
41.87442594551739 -20.7719740526196 0
42.46802615641595 -21.87263448403566 0
43.09281318278749 -20.79022568968736 0
6.874999999709541 35.52000862356643 0
8.125000208571054 35.52019699199143 0
9.999999999787509 -26.18430139596531 0
-19.37500000015358 -42.42227771691422 0
-20.62500000014906 -42.42227771691539 0
-20.0000000001498 -43.50480947164125 0
-20.62500000014601 -44.58734122636844 0
-19.37500000015053 -44.58734122636728 0
-34.99983136748651 -17.52394999807021 0
-34.37489797025086 -16.44145669646748 0
-35.62487718650586 -16.44144469696538 0
-31.87480605432678 -22.93659415715449 0
46.80512863559203 6.869286156443195 0
-14.37292100707657 44.17906235410352 0
-13.09582001840865 44.22468649477277 0
-10.6250000001741 -44.58734122636441 0
-6.875000000258678 29.02481809517798 0
30.62499999967438 29.0248180952226 0
29.9999999996739 30.10734984994966 0
29.37499999967535 29.0248180952191 0
9.374999999761481 -5.616198056122183 0
8.124999999762951 -5.616198056123674 0
14.37499999980497 -44.58734122634803 0
13.12499999980639 -44.58734122635017 0
15.62499999971043 20.36456405737903 0
-10.62500000024352 16.03443703842578 0
-9.375000000244492 16.03443703842829 0
-10.00000000024512 17.11696879315588 0
21.87499999967991 37.68507213302567 0
23.12499999967542 37.68507213302797 0
22.49999999967557 38.76760388775382 0
-36.8735285596106 -20.77079308577795 0
-36.24943175092253 -19.68878278879529 0
-42.53927715177885 -13.14638679818938 0
-41.89295444160703 -12.09790579785787 0
-43.15941509419998 -12.06149331645238 0
41.87472976188369 -29.43205268198811 0
32.49896557903364 -13.19451756225758 0
31.87419142358508 -14.2769189255758 0
40.62263891623638 -18.60794228500361 0
41.24891675798487 -19.68973627745254 0
41.87293513014043 -18.60777126582237 0
-21.87500000015703 -33.7620236791021 0
-23.1250000001526 -33.76202367910395 0
-22.50000000015315 -34.84455543382981 0
24.3749999998514 -46.75240473579352 0
18.74999999977749 -28.34936490540906 0
-23.12500000014231 -40.25721420746629 0
-21.87500000014711 -40.25721420746419 0
8.124999999786132 -22.93670613178181 0
-42.45627114213725 34.46305561946257 0
-41.86068763664305 33.36334211981688 0
6.249999999714474 32.27241335937984 0
5.624999999716671 31.18988160465012 0
-33.73807386438521 -28.34247934779233 0
-34.36138672866933 -27.25897352480235 0
-20.62500000016457 -31.59696016964606 0
-21.8750000001603 -31.59696016964805 0
-21.25000000016075 -32.67949192437426 0
-45.57145666613416 20.37653534364205 0
-46.8911328751937 20.26005762875955 0
-46.25485169734164 19.2029810371028 0
-21.25000000014806 -41.33974596219023 0
-43.75276769740317 10.62148577502391 0
-43.12776769740431 11.70401752975343 0
-44.37500000018535 11.70431001945686 0
-44.34258774424774 20.38327728201341 0
7.49999999976255 -4.533666301395884 0
6.874999999764505 -5.616198056125143 0
-20.6250000001519 -40.25721420746233 0
-31.24979872562472 -24.01912168065584 0
-30.62494268023573 -22.93667303815741 0
-41.94376467068174 -14.241686102728 0
6.874999999731357 18.19950054790948 0
7.499999999731722 17.11696879318216 0
8.124999999728875 18.19950054791163 0
-48.92007608226716 -36.8713822664684 0
41.86949048555058 -22.93988705121576 0
10.62499999977237 -14.27645209394928 0
-42.50920203577515 -17.52830651406925 0
-41.94155845679294 -16.41656929791115 0
12.49999999974721 -0.2035392824738066 0
11.87499999975011 -1.286071037203544 0
13.12499999974792 -1.2860710372018 0
17.49999999971107 17.11696879319728 0
3.749999999746914 10.62177826480292 0
-41.30521221393767 -19.71466580299675 0
-40.63381087403057 -18.6106124314601 0
-41.93980541131539 -18.6366190414978 0
21.87499999967594 39.85013564247934 0
-28.12500000023054 24.69469107622911 0
-29.37500000022845 24.69469107622737 0
-30.62467861984268 -25.10158409227985 0
-29.99965738076251 -26.18410358462062 0
-29.3749141124535 -25.10172005399953 0
29.37499999973761 -14.27645209392277 0
30.62485222535001 -14.27653741150214 0
29.99985222534971 -13.19400565677447 0
18.74999999972695 6.291651245907927 0
29.3749999997347 -12.11138858446563 0
30.62485222534711 -12.111473902045 0
-41.25322898027724 10.62143702674313 0
-40.62599944641057 11.7042043981793 0
-41.87830586075545 11.70396065675666 0
35.62081866179768 -16.44392969995052 0
8.124999999760304 -3.451134546666514 0
6.874999999761858 -3.451134546667981 0
37.49999924365713 38.76760432429954 0
38.12499953838861 39.85013590886446 0
5.624999999733788 18.19950054790743 0
6.249999999730941 19.2820323026369 0
32.49999999968933 17.11696879321112 0
31.87499999969175 16.03443703848116 0
33.12499999969004 16.03443703848282 0
-26.87500000022923 22.52962756677319 0
-27.50000000022749 21.44709581204278 0
-39.37318694340613 -20.77059585357292 0
-38.12327592902685 -20.77064722944363 0
45.67362483234945 -8.756498397180641 0
-14.37292100707409 42.01399884464396 0
-13.74965350139983 40.93246734598074 0
-29.37496419430742 -22.93668545931115 0
-29.99997152300947 -21.8541579358098 0
-41.31844949727004 -15.32562066970213 0
-40.6475013257742 -14.26673384656899 0
-37.49603799227587 -39.17592813147358 0
-38.11739486283088 -40.26145620875783 0
47.83902631201001 37.4999999999354 0
-23.12500000025284 35.52000862353619 0
-22.50000000025173 34.43747686880633 0
-21.87500000025281 35.52000862353736 0
-35.608558588102 -27.25734069708662 0
-25.00000000012987 -43.50480947164669 0
-25.62500000012379 -44.58734122637262 0
-24.37500000012919 -44.58734122637125 0
8.124999999714522 29.02481809519603 0
6.874999999716792 29.02481809519421 0
5.624999999804396 -46.75240473580951 0
-40.6452951118854 -16.44161704175214 0
6.249999999719273 27.94228634046471 0
5.624999999719236 29.02481809519276 0
48.9174682452708 -11.87500000015404 0
48.92182624424355 -13.1250000001519 0
-48.83301362882077 11.7263908813242 0
-47.75048187409206 12.35139088132314 0
-48.91746824527128 13.12500000015125 0
40.6237710928907 -27.26754266033185 0
41.24960747945695 -28.3495915270481 0
41.87375397754876 -27.26755254187386 0
11.87499999978231 -22.93670613177647 0
-9.37500000025743 31.18988160463622 0
44.66552399230805 14.4670610996512 0
44.6984092007755 13.26751876846626 0
8.124999999756534 -1.286071037208748 0
7.499999999755691 -0.2035392824806763 0
5.624999999763617 -3.45113454666951 0
-10.62500000024603 18.1995005478839 0
38.74999999977808 -41.33974596212087 0
-8.75000000024415 14.95190528370009 0
-8.125000000245748 16.03443703843019 0
30.62499999969343 16.03443703847996 0
31.24999999969414 14.95190528375167 0
4.374999999724301 26.85975458573399 0
4.99999999972448 25.77722283100607 0
5.624999999721897 26.85975458573534 0
-35.62463921884614 -18.60637081572911 0
26.87499999965257 42.0464379468532 0
28.12066481514741 42.05375120944859 0
-43.72453220051961 -11.02958425242777 0
-44.37085491069143 -12.07806525275928 0
8.125996479274725 39.85722233798747 0
6.875829633282672 39.85486311912918 0
16.24999999974401 -2.368602791926159 0
15.62499999974684 -3.451134546655871 0
16.87499999974451 -3.451134546653975 0
-24.37500000013409 -42.4222777169207 0
-25.62500000012869 -42.42227771692208 0
-18.12500000023769 22.52962756678597 0
-18.75000000023773 23.6121593215142 0
29.99999999969299 17.11696879320798 0
29.37499999969539 16.03443703847849 0
34.37499999977199 -40.25721420740368 0
35.62499999977356 -40.25721420740087 0
-28.12500000020018 3.044055981652162 0
-20.6250000002477 31.18988160461829 0
-20.00000000024665 30.10734984988924 0
-19.37500000024828 31.18988160462012 0
30.62499999976357 -35.92708718849111 0
29.99999999976318 -34.84455543376236 0
-31.87502278495299 -44.58732248678709 0
26.87499999969693 18.19950054793313 0
26.24999999969682 19.2820323026611 0
40.62412973161334 -20.77214507180084 0
-24.37500000024668 31.18988160461262 0
-18.1250000001606 -40.25721420745879 0
-19.3750000001564 -40.25721420746048 0
-18.75000000015704 -41.33974596218668 0
39.36497186574281 -16.44730534921637 0
39.99586163279256 -17.52643664535163 0
40.61576752134218 -16.44684597723818 0
29.37499999974345 -18.60657911283665 0
30.62494756479248 -18.60660938616649 0
29.99994756479234 -17.52407763143897 0
-24.37500000022554 16.03443703840361 0
-25.00000000022601 17.11696879313126 0
9.374999999754431 -1.286071037207031 0
8.74999999975751 -2.368602791936893 0
43.11481053763976 -27.26899006815452 0
-23.1250000002038 0.8789924722065312 0
-41.87776769740519 9.538954020298004 0
-40.6254612830603 9.539197761720647 0
10.6249999997524 -1.286071037205364 0
9.999999999751429 -0.2035392824772189 0
35.62499999968968 13.8693735290279 0
34.37499134926588 13.86936853470126 0
34.99999134926642 12.78683677997301 0
13.12422010736066 39.85980662763497 0
13.7473501519428 40.95384036427874 0
-0.6250000002100448 -16.44151560342275 0
-1.250000000208826 -15.35898384869438 0
-1.875000000208328 -16.44151560342444 0
-14.37500000025472 33.35494511408621 0
-13.75000000025392 32.2724133593575 0
-36.86454885032113 -25.09573566713002 0
35.62494809713985 11.70428005361786 0
34.37493944671606 11.70427505929122 0
-3.125000000204262 -16.44151560342534 0
-40.62500000023247 24.69469107622869 0
-41.25000000022619 23.61215932149951 0
-7.500000000217478 -0.2035392825009838 0
-8.125000000215028 -1.286071037230636 0
-6.875000000217238 -1.286071037229126 0
42.47601352763969 17.97991999111967 0
42.49588245913799 16.81319759377734 0
1.874999999810081 -46.75240473581176 0
1.249999999807387 -45.66987298108398 0
-4.374014784985885 39.84987555159444 0
-3.732340731101782 40.93997849675938 0
34.99999999968622 17.11696879321449 0
34.37499999968838 16.03443703848446 0
35.62499999968698 16.03443703848617 0
-24.37500000014451 -35.92708718856001 0
-23.12500000014916 -35.92708718855792 0
-9.375000000238128 11.70431001951104 0
-8.750000000235683 10.62177826478282 0
-8.125000000238582 11.70431001951294 0
44.58734122635475 -10.62500000016055 0
44.58734122635597 -11.87500000015855 0
-19.3750000001716 -29.43189666018935 0
-20.62500000016777 -29.4318966601913 0
-20.00000000016795 -30.51442841491789 0
-33.12500000022554 24.69469107622271 0
21.87499999967228 42.01519915193272 0
22.49995820396718 43.12492827684387 0
13.11317349755626 42.09289061522355 0
-39.99765302967829 -21.85281935307111 0
-40.62368376292501 -20.77088269245724 0
-20.6250000001613 -33.76202367910011 0
-29.37500000011169 -42.42227771692708 0
-30.6250000001066 -42.42227771693061 0
19.99999999970872 17.1169687931996 0
20.6249999997076 18.1995005479279 0
-42.45709589659287 -0.1948831422181244 0
-41.87500000017654 0.8789924721740007 0
-43.08209589659322 0.8876486125099772 0
-26.87500000012311 -42.42227771692384 0
-28.12500000011745 -42.42227771692539 0
-27.5000000001188 -43.50480947164961 0
-5.624037696967681 39.84988160021912 0
-4.99970214448815 38.76752525561796 0
44.34019426894878 -27.26564148530592 0
25.62499999968776 26.85975458575719 0
24.37499999969086 26.85975458575533 0
24.99999999969083 25.77722283102843 0
-40.01245321338912 -17.52824759068561 0
35.62490028441715 9.539188939470449 0
34.3749480971432 9.539216544160379 0
34.99995218697087 8.456687150694757 0
-28.75000000025312 32.27241335933681 0
-11.87500000018511 -33.76202367909148 0
-12.5000000001826 -34.84455543381961 0
11.87014920330956 42.06379722634004 0
-39.36700301218622 -46.75702179891522 0
-40.59854842485608 -46.7676765598687 0
38.73519793213013 -15.36752982634557 0
38.11529204358051 -16.44712049445902 0
-25.00000000014416 -34.84455543383362 0
-25.62500000013996 -35.92708718856196 0
-33.75000000026197 36.60254037825028 0
26.24999999969092 23.61215932157418 0
26.8749999996879 24.69469107630307 0
25.62499999969076 24.69469107630139 0
-18.12500000022327 9.539246510043785 0
-18.75000000022442 10.62177826477044 0
24.37499999969386 24.69469107629953 0
30.62499999974663 -22.93670613174774 0
31.24999999974657 -24.01923788647476 0
31.87499999974368 -22.93670613174591 0
21.24999999968373 36.60254037829759 0
20.62499999968389 37.68507213302344 0
41.79246198509603 35.48707928793261 0
41.15070432089328 36.56286209248549 0
40.60823559932311 35.51326356257793 0
42.47128544122675 -34.86116229860991 0
-25.62500000022812 20.36456405731741 0
-26.87500000022768 20.36456405731442 0
-26.25000000022717 19.28203230258661 0
29.37499999974647 -20.77164262229319 0
29.99999999974654 -21.85417437702055 0
30.62499999974366 -20.77164262229153 0
28.12499999969148 20.36456405739169 0
27.49999999969129 21.44709581211932 0
26.87499999969421 20.36456405739016 0
28.12499999969739 16.03443703847721 0
28.74999999969782 14.95190528374919 0
5.624999999727635 22.5296275668216 0
6.874999999725183 22.52962756682321 0
6.249999999724901 23.61215932155077 0
-26.87500000019638 -1.286071037260289 0
-28.12500000019466 -1.286071037262525 0
-31.25002278495213 -45.66985424150984 0
-24.37500000022706 18.19950054786182 0
-25.62500000022656 18.19950054785905 0
26.87499999968455 26.85975458575918 0
26.24999999968457 27.94228634048608 0
18.74999999980943 -45.66987298107021 0
-31.8750000002241 24.69469107622293 0
-32.50000000022828 25.77722283095216 0
5.624999999775667 -12.11138858449903 0
4.374999999777588 -12.11138858450064 0
4.999999999778252 -13.19392033922858 0
31.87499999975964 -33.76202367903011 0
31.24999999975924 -32.67949192430209 0
30.62499999976141 -33.76202367903213 0
10.62104876925234 42.06280957670817 0
11.24958248882057 40.94754988917285 0
20.62499999968762 35.52000862356911 0
38.07963326344286 -14.30264459131259 0
39.32931308560515 -14.30282944606993 0
44.39981197721614 24.69867298507735 0
43.1151567872014 24.6756314225958 0
-18.12500000023887 24.69469107624446 0
-19.37500000016841 -31.5969601696441 0
4.374999999732953 20.36456405736269 0
5.624999999730644 20.36456405736445 0
4.999999999730226 21.44709581209229 0
39.37391709390463 26.8603798017309 0
38.74958290721219 27.94252714896759 0
38.1239732177723 26.86034739859792 0
37.45655433045108 -13.21900370803074 0
36.86243917697605 -14.28370408830638 0
33.12499999974047 -22.93670613174427 0
32.49999999974052 -21.85417437701726 0
-20.62500000024493 29.02481809515843 0
-26.25000000018324 -11.02885682982155 0
-26.87500000018058 -12.11138858455103 0
-25.62500000018268 -12.11138858454941 0
28.12499999968831 22.52962756684835 0
26.87499999969104 22.52962756684682 0
-26.25000000018966 -6.698729810905362 0
-26.87500000018705 -7.781261565635281 0
-25.6250000001889 -7.781261565633733 0
-24.37500000021166 7.374183000574329 0
-25.00000000021273 8.456714755302009 0
-25.6250000002103 7.374183000572279 0
-25.00000000018234 -13.19392033927727 0
-25.6250000001796 -14.27645209400655 0
-24.37500000018193 -14.27645209400493 0
-18.75000000020094 1.961524226946447 0
-19.37500000020183 0.8789924722165245 0
-25.00000000018852 -8.863793320362294 0
-25.62500000018581 -9.946325075091794 0
-24.37500000018805 -9.946325075090437 0
26.24999999967688 32.27241335939655 0
26.874999999673 33.35494511412514 0
25.62499999967672 33.35494511412294 0
-20.62500000022703 13.86937352895263 0
-21.25000000022755 14.95190528368042 0
-21.87500000022487 13.86937352895071 0
-35.13115266003865 -34.73668782193963 0
-35.77801143668961 -35.80124164135096 0
-34.39685877676927 -35.90910925326072 0
-14.37500000025748 35.52000862354546 0
-13.12500000025878 35.52000862354718 0
-13.75000000025954 36.60254037827589 0
3.124999999737805 18.19950054790355 0
4.374999999735804 18.19950054790524 0
3.749999999735373 19.28203230263318 0
41.24999999977847 -41.33974596211522 0
31.24996132687338 -19.68913319535297 0
14.9999999997101 21.44709581210628 0
14.37499999970948 22.52962756683353 0
-18.12500000023093 13.86937352895654 0
-18.75000000023163 14.95190528368425 0
-19.37500000022901 13.86937352895463 0
25.6249999996939 22.52962756684514 0
38.74996679503387 32.27243253015325 0
39.37497979126346 33.354956781506 0
19.99999999967798 43.09773090665656 0
19.37621027294284 44.21208962041307 0
1.874999999745562 13.86937352898606 0
3.124999999743728 13.86937352898835 0
-18.12500000024902 31.18988160462173 0
-18.75000000025008 32.27241335935078 0
-15.62500000023451 13.86937352895991 0
-16.25000000023529 14.95190528368776 0
-16.87500000023278 13.86937352895831 0
-30.62500000022624 24.69469107622502 0
-31.2500000002235 23.61215932149558 0
44.51883360579909 -20.85103454046719 0
43.92523339490052 -19.75037410905113 0
-13.12500000023779 13.86937352896372 0
-13.75000000023858 14.9519052836914 0
-14.37500000023623 13.86937352896168 0
23.74999999968415 32.27241335939224 0
24.37499999968024 33.35494511412089 0
-10.62500000018794 -33.76202367908998 0
-11.25000000018787 -32.67949192436242 0
-28.75000000020451 6.291651245835652 0
-18.12500000015778 -42.42227771691254 0
-6.249175168869204 40.93244964669819 0
-6.874862528371469 39.85009935072171 0
28.12499999974611 -18.60657911283837 0
28.74999999974626 -19.68911086756589 0
-23.75000000013809 -41.33974596219409 0
31.87499999975416 -29.43189666011472 0
32.49999999975489 -30.51442841484227 0
-30.00000000022904 25.77722283095472 0
-31.25000000026108 36.60254037825509 0
-39.3750000002029 16.03443703837732 0
-40.62500000020099 16.0344370383786 0
-39.37500000024041 26.85975458568461 0
-40.00000000023635 25.77722283095659 0
26.87499999968104 29.02481809521481 0
25.62499999968425 29.02481809521282 0
-42.49738059565627 43.14277505979384 0
-24.37500000021512 9.53924651003177 0
-38.75000000018973 6.291651245822067 0
-38.12500000019246 7.374183000551519 0
-39.37500000019021 7.374183000549676 0
-23.75000000018173 -15.35898384873253 0
-24.3750000001789 -16.44151560346161 0
-23.12500000018144 -16.44151560345993 0
-10.62500000024062 13.86937352896789 0
-11.25000000024152 14.95190528369581 0
-11.87500000023925 13.86937352896552 0
-24.375000000185 -12.11138858454779 0
-34.37500000019966 7.374183000557228 0
-33.75000000019894 6.291651245829096 0
-33.12500000020207 7.3741830005588 0
6.874999999719452 26.85975458573679 0
-21.2500000001748 -24.01923788655363 0
-21.87500000017143 -25.1017696412825 0
-20.62500000017477 -25.10176964128063 0
24.99999999968421 30.10734984993942 0
25.62499999968066 31.18988160466795 0
24.37499999968416 31.18988160466583 0
-21.8750000001536 -35.92708718855606 0
6.249999999709246 36.602540378294 0
5.62499999970915 37.68507213302176 0
-24.37500000019114 -7.781261565632375 0
16.87464363423024 37.68763550801599 0
-20.00000000017481 -26.18430139600748 0
-20.6250000001714 -27.26683315073613 0
-19.37500000017482 -27.26683315073411 0
11.87427187614196 39.86055112860784 0
12.49980906062483 38.77182021743808 0
33.7499999996908 14.95190528375451 0
-6.875000000246668 16.0344370384322 0
-7.50000000024701 17.1169687931604 0
-22.50000000018135 -17.52404735818731 0
-23.12500000017849 -18.60657911291631 0
-21.87500000018122 -18.60657911291461 0
9.375857558850106 42.05910362344002 0
9.996424273339088 43.17535096060721 0
7.499999999725345 21.44709581209586 0
8.124999999722611 22.52962756682503 0
-8.125000000270651 39.8501356424709 0
-7.499862528369128 38.76756759599183 0
11.24999999980601 -41.33974596216608 0
11.87499999980255 -40.25721420743605 0
10.62499999980471 -40.25721420743782 0
29.37499999974061 -16.44151560337978 0
30.62494756478964 -16.44154587670963 0
-38.12500000020212 13.86937352892154 0
-38.75000000020219 14.95190528364871 0
-39.37500000019912 13.86937352891969 0
-38.12500000019884 11.70431001946521 0
-39.3754612830657 11.70426127117915 0
-38.75046128306549 10.62172951645184 0
-24.3750000002563 37.68507213299831 0
-23.75000000025473 36.60254037826676 0
-23.12500000025548 37.68507213299879 0
-26.87500000025577 35.52000862353164 0
-28.12500000025692 35.52000862352953 0
-13.12500000026156 37.68507213300613 0
-11.87500000026301 37.68507213300767 0
-12.50000000026372 38.7676038877362 0
-33.77550190621027 -36.98864468543422 0
-33.12864312955931 -35.92409086602291 0
-26.25000000020754 6.29165124584154 0
-17.50000000024799 30.10734984989289 0
-16.87500000024979 31.18988160462355 0
43.78146033131571 -41.33499661862719 0
27.49999999966919 34.43747686885351 0
28.12499999966568 35.52000862358163 0
29.37499999976278 -33.76202367903434 0
-0.6250000002109785 -14.27645209396487 0
-1.875000000209262 -14.27645209396656 0
36.83776085463238 -12.13288861489629 0
38.05495494109918 -12.1518291179025 0
-16.87500000019799 -12.11138858453774 0
-16.25000000019922 -11.02885682980745 0
25.62499999970199 16.03443703847439 0
24.37499999970404 16.03443703847337 0
-41.87500000019811 16.03443703837764 0
-43.09786415799703 16.05010392417797 0
18.74999999978802 -37.00961894324016 0
19.37499999978542 -35.9270871885105 0
18.12499999978735 -35.92708718851227 0
21.24999999969116 32.27241335938806 0
20.62499999969109 33.35494511411444 0
34.37497638116029 7.374174619362959 0
48.91746824527447 -19.3750000001363 0
20.6249999997974 -42.42227771688105 0
19.37499999979448 -42.42227771688342 0
19.99999999979981 -43.50480947160838 0
-8.125000000243215 13.86937352897158 0
-9.375000000241961 13.86937352896967 0
-34.35697119774292 -29.42148772629526 0
-23.75000000016708 -24.01923788655629 0
-24.37500000016151 -25.10176964128512 0
-23.12500000016589 -25.10176964128433 0
8.126446164897708 42.05688367892314 0
8.751070660810964 40.9443422950241 0
10.62499999978774 -27.26683315069312 0
11.24999999978787 -28.34936490542103 0
-29.37499177242355 -20.77163787208747 0
43.12460648579995 -18.6068063081789 0
42.49832864405145 -17.52501231572997 0
-14.98544704792554 43.08932875570028 0
-15.61252604111764 44.17306081770813 0
38.73647071395393 40.92485649481505 0
39.38821243141359 42.02539329074334 0
5.62499999971435 33.35494511410761 0
-11.87500000024215 16.0344370384234 0
-11.87500000024854 26.8597545857125 0
-10.62500000025024 26.8597545857147 0
-11.25000000025093 27.94228634044307 0
-37.5000000002018 12.78684177419439 0
-36.87500000020488 13.86937352892341 0
-36.8750000002016 11.70431001946708 0
26.87499999967694 31.18988160467015 0
44.55062690881155 -18.66761515895873 0
1.874999999742585 16.0344370384441 0
3.124999999740718 16.03443703844582 0
2.499999999740105 17.1169687931739 0
4.999999999736221 17.11696879317782 0
-35.62500000017085 -9.946325075105808 0
-36.87500000016591 -9.946325075105271 0
-36.2500000001652 -11.02885682983311 0
-37.5000000001678 -8.863793320376406 0
-38.12500000016215 -9.946325075103708 0
19.99999999974681 -8.863793320293038 0
19.37499999974971 -9.946325075022626 0
20.62499999974729 -9.946325075020756 0
-2.500000000247437 12.78684177425031 0
-3.125000000244534 11.70431001952041 0
-1.875000000245985 11.70431001952234 0
26.24999999965711 40.93266739721354 0
28.12499999974914 -20.77164262229491 0
-24.37292100707097 42.01399884464866 0
-23.74965350139541 40.93246734598033 0
-23.12257450820477 42.01379879343499 0
-28.74311542658989 40.93465012762847 0
-29.36696799764229 39.85244882796828 0
-28.12385257131825 39.85046609753043 0
-44.30861155556909 0.9012073031189587 0
-43.72651565915275 1.975082917511084 0
-38.12500000020591 16.03443703837917 0
13.12484682259219 37.68751076899756 0
13.74994264700259 36.60364953924187 0
-26.87500000018372 -9.946325075093409 0
-14.37500000026025 37.68507213300442 0
-14.37500000024001 22.52962756679143 0
-13.12500000024196 22.52962756679362 0
-13.75000000024248 23.61215932152194 0
17.49999999978679 -34.84455543378446 0
16.8749999997894 -35.92708718851412 0
-5.000000000244743 12.78684177424657 0
-5.625000000241583 11.70431001951653 0
-4.375000000242826 11.70431001951835 0
-15.62500000025075 31.18988160462518 0
-15.00000000024988 30.10734984989639 0
-14.37500000025187 31.18988160462687 0
-15.61252604111516 42.00799730824856 0
-23.12500000018447 -14.27645209400325 0
23.74999999971214 10.6217782648296 0
24.37499999970956 11.70431001955917 0
-16.25000000025178 32.27241335935402 0
33.12499134926755 13.86936853469962 0
-30.00000000012741 -34.84455543384234 0
31.24999999972992 -11.02885682973439 0
31.87485222534492 -12.11147390204323 0
-37.50000000019534 8.45671475528099 0
-36.87500000019818 9.539246510010376 0
-38.12500000019578 9.539246510008516 0
15.62499999979449 -38.09215069797342 0
16.87499999979246 -38.09215069797162 0
16.24999999979198 -37.00961894324374 0
-16.87500000020029 -9.94632507507993 0
41.24375277348159 -24.02284472420737 0
40.6230405429952 -25.10290093405437 0
-19.37500000015933 -38.09215069800636 0
-20.00000000015545 -39.17468245273444 0
34.37483605969094 29.02491274603034 0
5.624999999778636 -14.27645209395637 0
6.249999999779234 -15.35898384868409 0
6.874999999776931 -14.2764520939547 0
-8.125000000184524 -40.25721420745488 0
-8.750000000181835 -41.33974596218388 0
15.62499999979143 -35.92708718851593 0
36.24999999968752 14.95190528375771 0
36.87499999968536 16.03443703848773 0
13.12499999980146 -40.25721420743457 0
12.49999999980015 -39.17468245270632 0
-3.750000000241374 10.62177826479037 0
-6.875000000239819 11.70431001951474 0
-6.250000000237901 10.62177826478652 0
9.374999999780737 -18.60657911286516 0
13.12499999971155 22.52962756683197 0
13.74999999970938 23.61215932156077 0
13.12499999970577 26.859754585745 0
14.37499999970282 26.85975458574651 0
4.374999999711381 37.68507213302021 0
4.999999999709009 38.76760388774959 0
39.37469387609512 29.02499483578499 0
28.749999999692 19.28203230266401 0
29.37499999968908 20.36456405739317 0
-11.87500000025136 29.02481809517116 0
-13.12500000025011 29.02481809516947 0
-12.50000000025224 30.10734984989976 0
36.21808073250179 -11.04728542724855 0
35.61968012185369 -12.11446001737679 0
36.87499999968806 13.86937352902946 0
-36.87500000019487 7.374183000553379 0
10.62517144208475 39.85956347897596 0
-32.50000000012106 -34.84455543384705 0
-23.75000000021761 10.62177826476149 0
-23.12500000022052 11.70431001949091 0
-40.0000000001906 8.456714755277323 0
-39.37546128306265 9.539197761722452 0
6.249999999772996 -11.02885682976938 0
6.87499999977366 -12.11138858449733 0
7.499999999774611 -13.19392033922518 0
-21.87500000018418 -16.44151560345823 0
4.374999999780556 -14.27645209395798 0
-41.92967830020983 -20.79688930249493 0
-11.87500000018794 -31.59696016963515 0
-12.50000000018785 -30.51442841490783 0
-13.12500000018495 -31.59696016963662 0
-24.37500000025933 39.85013564246218 0
-0.6250000002481049 11.70431001952418 0
-1.250000000245202 10.62177826479429 0
-7.500000000242263 12.78684177424296 0
-31.25000000017534 -11.02885682982858 0
-30.62500000017797 -9.946325075098661 0
-31.87500000017614 -9.946325075100514 0
-10.62500000026449 37.68507213300943 0
-9.375000000266065 37.68507213301107 0
-10.00000000026674 38.76760388773938 0
-11.25000000026233 36.60254037827936 0
-25.62500000023118 22.52962756677501 0
-26.25000000023179 23.61215932150298 0
-14.37500000024887 29.02481809516771 0
-13.75000000024798 27.9422863404391 0
-42.51660618348772 8.454959817042969 0
-43.14437388070466 9.537199082065456 0
12.49999999978891 -30.51442841487661 0
11.87499999978856 -29.43189666014879 0
33.12493207204996 -3.451151483812183 0
34.374532372974 -3.451292469705078 0
33.74946444530771 -2.368777652158173 0
30.62499999969632 13.86937352902229 0
29.3749999996982 13.86937352902137 0
29.99999999969869 12.78684177429319 0
24.37499999969663 22.52962756684352 0
23.74999999969664 23.61215932157076 0
23.12499999969949 22.52962756684179 0
-23.12500000017424 -20.77164262237189 0
-22.50000000017403 -21.85417437709889 0
-21.87500000017815 -20.77164262237061 0
31.87499999969463 13.86937352902349 0
11.24999999975311 -2.368602791933357 0
9.375009965348511 35.52114537300884 0
6.874999999728214 20.36456405736649 0
11.87499999979133 -31.59696016960627 0
13.12499999978969 -31.59696016960449 0
1.874999999739673 18.19950054790183 0
9.374999999719918 22.5296275668267 0
8.749999999719758 23.61215932155405 0
-37.50000000018866 4.126587736366509 0
-36.87500000019139 5.209119491096107 0
-38.12500000018925 5.20911949109431 0
-23.12500000017079 -22.93670613182784 0
-21.8750000001747 -22.93670613182656 0
-36.25000000019425 6.291651245825717 0
-35.62500000019713 7.374183000555186 0
-39.37500000018699 5.209119491092467 0
24.99999999966662 38.76760388775831 0
25.62499999966214 39.85013564248595 0
12.49999999980617 -43.50480947162215 0
-14.37500000024273 24.69469107625001 0
-13.12500000024468 24.69469107625221 0
-9.375000000268923 39.85013564246952 0
-8.750000000271262 40.93266739719941 0
-15.62500000025358 33.35494511408452 0
-15.00000000025557 34.43747686881507 0
45.79271174142615 6.244150112553497 0
-34.37500000019598 5.20911949109967 0
-33.1250000001984 5.209119491101241 0
33.74999999972542 -11.02885682973083 0
33.12411335341645 -12.11190048994697 0
34.37411335341414 -12.11190048994519 0
-5.625000000202574 -14.27645209397132 0
-6.87500000020036 -14.27645209397293 0
-6.250000000200493 -15.35898384870038 0
22.49999999971769 8.45671475537012 0
23.12499999971484 9.539246510100041 0
21.87499999971682 9.539246510098419 0
19.9999999996915 34.437476868841 0
19.37499999969158 35.52000862356725 0
23.1249999996877 31.18988160466371 0
-15.62500000025634 35.52000862354378 0
-41.87500000022162 22.52962756677135 0
-42.50000000021717 21.44709581204326 0
33.74999999974041 -24.01923788647113 0
34.37499999973726 -22.93670613174248 0
-33.75000000017182 -11.02885682983204 0
-33.12500000017432 -9.946325075102326 0
-34.37500000017263 -9.946325075103932 0
34.99379347554473 -13.19750367759293 0
35.61711677661633 -14.28100347489818 0
-16.25000000023919 23.61215932151792 0
-16.87500000023772 22.52962756678765 0
-15.62500000023905 22.52962756678947 0
-21.25000000016694 -28.34936490546549 0
-21.87500000016329 -29.43189666019404 0
-1.875000000211798 -12.11138858450929 0
-3.125000000209603 -12.11138858451099 0
-2.50000000020922 -13.19392033923876 0
9.999999999801151 -39.17468245270875 0
10.62499999979919 -38.09215069797941 0
13.12498769829037 33.35518543935018 0
13.74999520683759 32.27250887866977 0
28.12499999973997 -14.27645209392452 0
28.74999999974028 -15.3589838486522 0
5.624999999711818 35.52000862356481 0
-10.62500000019077 -31.59696016963363 0
5.629977801173582 42.04356401182832 0
6.252937878610791 40.93617767784919 0
6.878699189421357 42.04950868448634 0
-13.12500000024708 26.85975458571057 0
-12.50000000024639 25.7772228309822 0
-5.62500000021951 -1.286071037227521 0
-6.25000000021706 -2.368602791957173 0
23.12499999969671 24.69469107629779 0
-18.12500000023418 16.0344370384135 0
-19.37500000023226 16.03443703841159 0
-8.085771551387246 42.02829584185456 0
21.24999999970166 23.61215932156774 0
21.87499999969967 24.69469107629611 0
20.62499999970184 24.69469107629484 0
-16.87500000017555 -31.59696016964056 0
-16.25000000017577 -32.67949192436741 0
-15.62500000017891 -31.59696016963922 0
21.24999999967637 40.93266739720498 0
20.62499999967685 42.01519915193055 0
-6.250000000246629 14.95190528370376 0
-5.625000000247892 16.03443703843396 0
-36.25000000020122 10.62177826473979 0
-35.62500000020418 11.70431001946897 0
33.12454674898404 -1.286184224212773 0
34.37414704990807 -1.286325210105669 0
26.24999999970218 14.95190528374648 0
26.87499999969963 16.03443703847582 0
-38.12500000024158 26.85975458568516 0
-19.37500000017818 -25.10176964127861 0
31.87499999975095 -27.26683315065791 0
32.49999873718871 -26.18430212486716 0
5.627108245034897 39.84891844647115 0
14.99999999979094 -34.84455543378807 0
15.62499999978827 -33.76202367905842 0
14.37499999979037 -33.76202367906018 0
3.124999999734954 20.36456405736101 0
-9.375000000190557 -33.76202367908792 0
-10.00000000018779 -34.84455543381698 0
22.49999999969689 25.77722283102489 0
-8.750000000265473 36.6025403782828 0
-8.125000000267722 37.68507213301275 0
-24.37500000025366 35.52000862353572 0
-13.75000000018782 -28.34936490545373 0
-14.3750000001848 -29.43189666018239 0
-13.12500000018787 -29.43189666018066 0
28.74999999973427 -11.0288568297379 0
28.12499999973688 -12.11138858446738 0
-20.62500000017803 -22.93670613182469 0
-4.375000000207357 -12.11138858451276 0
-5.625000000205064 -12.11138858451447 0
-5.000000000204733 -13.19392033924217 0
-15.00000000024361 25.77722283097845 0
-15.6250000002414 24.69469107624818 0
33.12496132687023 -20.7716649500787 0
31.87496132687345 -20.77166495008033 0
-16.87500000024677 29.02481809516419 0
-6.875000000189798 -38.09215069799757 0
-7.50000000018725 -39.17468245272585 0
28.12499999974297 -16.44151560338153 0
-6.875000000266609 35.52000862355584 0
-5.625000000268201 35.52000862355693 0
-6.250000000268724 36.60254037828557 0
-4.375000000269972 35.5200086235569 0
-35.00000000020027 8.45671475528489 0
-25.62500000019194 -5.616198056175156 0
-26.87500000019008 -5.616198056176703 0
44.99741588042373 25.83901391946684 0
9.374999999804615 -40.25721420743878 0
21.87499999977021 -27.26683315067422 0
33.12499999972501 -9.946325075003145 0
34.37499999972269 -9.946325075001358 0
-2.095887907671568e-10 -17.52404735815059 0
0.6249999997877298 -18.60657911287874 0
-10.00000000019542 -13.19392033924907 0
-10.6250000001932 -14.27645209397828 0
-9.375000000195573 -14.27645209397653 0
11.87489859137349 37.68825526997043 0
16.87499999978612 -33.76202367905665 0
16.24999999978555 -32.67949192432876 0
4.374999999729944 22.52962756681985 0
36.2496366818262 10.62156850317422 0
36.87464077165387 9.539039109708604 0
-10.62500000026735 39.85013564246789 0
4.374999999716488 33.35494511410584 0
4.999999999714251 34.43747686883546 0
-16.87500000023538 16.03443703841508 0
-17.500000000236 17.11696879314242 0
-6.875000000244453 13.86937352897337 0
-15.00000000023853 21.44709581206115 0
-14.37500000023766 20.36456405733294 0
-40.00053816354391 12.78678490119267 0
18.12499999978059 -31.59696016959736 0
16.87499999978322 -31.5969601695991 0
-28.1250000001916 -3.451134546720354 0
-28.75000000019241 -2.368602791992453 0
-29.37500000019 -3.451134546722703 0
-3.750000000209934 -11.02885682978329 0
-15.62500000023711 16.03443703841668 0
36.86614106215741 -16.44663031335872 0
0.6249999997472423 13.86937352898425 0
1.249999999744878 14.95190528371421 0
37.49813150780361 12.78576300000846 0
38.12313150780145 13.86829475473828 0
13.12495861773836 35.52089620534452 0
3.749999999741264 14.95190528371843 0
4.374999999741794 13.86937352899076 0
-18.12500000020082 3.044055981674807 0
-24.37500000023019 20.36456405731924 0
-25.0000000002307 21.44709581204704 0
-11.87500000024614 24.69469107625414 0
-39.38934425386623 -16.4372989624766 0
28.12499999973382 -9.946325075010138 0
29.37499999973165 -9.946325075008392 0
-40.62500000018786 7.37418300054787 0
-6.874862528368539 37.68503584126356 0
-16.87500000024007 24.69469107624636 0
-3.125000000207067 -14.27645209396826 0
-37.50000000020919 17.11696879310838 0
-36.87500000021187 18.19950054783569 0
14.99999999979701 -39.17468245270307 0
14.37499999979653 -38.0921506979752 0
4.374999999786102 -18.60657911287247 0
4.999999999783953 -17.52404735814293 0
23.74999999973686 -6.698729810830234 0
23.12499999973948 -7.781261565559798 0
24.37499999973733 -7.781261565558045 0
29.37499999974943 -22.93670613174941 0
24.99999999970682 12.7868417742886 0
25.62499999970468 13.86937352901739 0
24.37499999970667 13.86937352901626 0
-23.12500000021658 9.539246510033776 0
11.87499999971139 24.6946910762864 0
13.12499999970848 24.69469107628816 0
12.49999999970843 25.77722283101535 0
28.12499999975795 -27.26683315066406 0
27.49999999975771 -26.18430139593653 0
26.87499999976038 -27.26683315066581 0
-15.62500000024775 29.02481809516603 0
-7.500000000200118 -13.1939203392456 0
-8.125000000198037 -14.27645209397465 0
-5.625000000224395 3.044055981688457 0
-4.375000000226485 3.044055981689894 0
-5.000000000226676 4.126587736418232 0
19.37499999969505 33.35494511411257 0
-5.000000000204496 -30.51442841489725 0
-5.625000000201608 -31.59696016962645 0
-4.375000000204167 -31.59696016962451 0
-14.37500000024583 26.85975458570881 0
19.37499999978198 -33.76202367905285 0
18.7499999997813 -32.67949192432503 0
18.12499999978408 -33.76202367905481 0
22.49999999974217 -8.863793320289389 0
21.87499999974496 -9.946325075018974 0
23.12499999974274 -9.946325075017196 0
-5.619226180437717 42.01367489840301 0
-4.346458375904479 42.03234147395203 0
-4.967334218876779 43.11378447615944 0
13.7499999997899 -32.67949192433234 0
14.37499999978749 -31.59696016960268 0
-6.870051011841504 42.0138926489056 0
-7.455822562955758 43.10952109355939 0
-10.00000000023969 12.78684177423938 0
-3.125000000206679 -31.59696016962252 0
-3.750000000203792 -32.67949192435172 0
24.37499999971301 9.539246510101302 0
-27.50000000018441 -8.863793320365303 0
-28.12500000018185 -9.946325075095061 0
21.8749999997417 -7.781261565561577 0
36.87468858437657 11.70413022385601 0
-41.25000000019631 14.95190528364591 0
-38.12500000016842 -7.781261565648354 0
-38.75000000017054 -6.698729810920828 0
-39.37500000016617 -7.781261565647316 0
-23.75000000022499 14.95190528367583 0
-23.12500000022368 13.86937352894842 0
-13.12500000025305 31.18988160462871 0
19.99999999970059 25.77722283102235 0
20.62499999977636 -31.59696016959332 0
19.37499999977849 -31.59696016959539 0
-21.87500000016693 -27.26683315073886 0
-5.624862528370131 37.68503584126465 0
15.62499999970108 26.85975458574802 0
16.24999999969938 27.94228634047592 0
4.374999999738784 16.03443703844823 0
14.99999999970377 25.77722283101862 0
-23.12500000022595 16.03443703840627 0
-25.00000000019457 -4.533666301445159 0
-24.37500000019415 -5.616198056173817 0
17.49999999973253 4.12658773644849 0
18.12499999972971 5.209119491178264 0
21.8749999997203 7.374183000640556 0
23.12499999971832 7.374183000642177 0
24.99999999969675 21.44709581211617 0
24.37499999968775 29.0248180952107 0
-8.125000000264789 35.52000862355459 0
-7.500000000264268 34.43747686882595 0
-0.6250000002229947 -5.616198056135449 0
-1.87500000022079 -5.61619805613727 0
-1.250000000220353 -6.69872981086509 0
3.124999999749464 9.539246510072385 0
4.374999999747445 9.539246510075561 0
31.87499999975698 -31.59696016957227 0
30.62499999975876 -31.59696016957429 0
27.4999999996972 17.11696879320512 0
28.12499999969468 18.19950054793452 0
-11.87500000019139 -14.27645209398088 0
-11.25000000019154 -15.35898384870834 0
39.3723443190943 9.537713252209993 0
39.98531691315675 8.464191509490307 0
40.60850897424719 9.545679450205142 0
-22.50000000016586 -26.18430139601133 0
9.375407873227122 39.85944228250435 0
29.37499999976767 -38.09215069795005 0
28.12499999977012 -38.09215069795095 0
10.62499999971715 22.52962756682846 0
11.87499999971435 22.5296275668302 0
11.24999999971426 23.61215932155746 0
11.87499999970868 26.85975458574324 0
-28.75000000025918 36.60254037825976 0
38.12282009248996 11.70305144956483 0
13.74999999979611 -37.0096189432473 0
13.12499999979863 -38.09215069797695 0
19.99999999978272 -34.84455543378058 0
20.62499999977995 -33.76202367905081 0
-20.00000000016183 -34.84455543382623 0
-20.62500000015814 -35.92708718855404 0
-19.37500000016238 -35.92708718855232 0
-39.3750000001808 0.8789924721774338 0
-40.62500000017874 0.8789924721756404 0
-40.00000000017825 -0.2035392825523074 0
-27.50000000019077 -4.53366630144855 0
-28.1250000001885 -5.616198056178757 0
-35.62500000017405 -7.781261565648101 0
-36.25000000017467 -6.698729810920048 0
-36.87500000017218 -7.781261565649918 0
1.874999999726351 29.02481809518846 0
3.124999999724007 29.02481809518996 0
2.499999999723842 30.10734984991782 0
-4.329364951259468 44.19309648515542 0
-3.723123155353557 45.2795523699153 0
-21.87500000024733 31.18988160461663 0
-21.25000000024896 32.27241335934752 0
38.74745677462383 10.6203099331686 0
39.37089969805086 11.70194270932105 0
-35.6250000001772 -5.616198056190234 0
-36.87500000017533 -5.616198056192051 0
5.624999999781497 -16.44151560341342 0
21.24999999977712 -32.67949192432098 0
21.87499999977427 -31.59696016959124 0
-0.6250000002114584 -31.59696016961854 0
-1.875000000209087 -31.59696016962043 0
-1.250000000208675 -32.67949192434784 0
-11.87465350140055 39.84993559125348 0
21.87499999977787 -33.76202367904872 0
41.87332864405212 -16.44248056100286 0
38.12426471353339 9.538821992453769 0
37.49952831612434 8.456442428749995 0
9.374999999788953 -27.26683315069505 0
29.36994228438987 42.06017655236984 0
30.61307501868303 42.09077744169772 0
-14.37500000026299 39.85013564246346 0
-13.12465350139911 39.84993559125195 0
-4.375000000204866 -14.27645209396961 0
-20.62500000022327 11.70431001949514 0
-21.87500000022171 11.70431001949321 0
-21.25000000022064 10.62177826476542 0
-12.50000000023689 12.7868417742358 0
36.24019570960809 -15.36464435818003 0
4.377108245037128 39.84891844646961 0
-12.5000000001996 -8.863793320339663 0
-11.87500000019798 -9.946325075066799 0
21.87499999972654 3.044055981725513 0
23.12499999972439 3.0440559817273 0
22.49999999972394 4.126587736455131 0
31.8748682085257 0.8789606354715194 0
32.49959243371698 -0.2036409055314822 0
33.12450512839312 0.878869758842733 0
-10.00000000021328 -0.2035392825041661 0
-10.6250000002109 -1.286071037233953 0
-9.375000000212884 -1.28607103723228 0
19.37499999970941 16.03443703847109 0
10.62499999978987 -29.43189666015063 0
-37.50000000017592 -4.53366630146404 0
-38.12500000017339 -5.616198056193854 0
-0.6250000002082815 -33.7620236790754 0
-1.87500000020591 -33.76202367907729 0
-2.500000000203092 -34.8445554338067 0
-3.125000000203486 -33.76202367907916 0
14.37499999974917 -3.451134546657743 0
14.99999999974967 -4.533666301385558 0
27.49999999968492 25.77722283103208 0
28.12499999968173 26.85975458576097 0
0.6249999997899136 -16.44151560342052 0
-13.12500000020016 -7.781261565611805 0
-13.75000000020099 -6.698729810883982 0
-38.12500000017655 -3.451134546736083 0
-38.75000000017714 -2.368602792008149 0
-39.37500000017457 -3.451134546737909 0
-11.87500000019087 -29.43189666017918 0
33.12499999975537 -31.59696016957007 0
33.74999999975736 -32.67949192429893 0
-35.6250000001657 -12.11138858455815 0
-36.87500000016076 -12.11138858455762 0
-6.875000000222252 3.044055981686988 0
-6.250000000222062 1.96152422695865 0
35.62499999972044 -9.946325074999626 0
36.84308073249913 -9.96475367251913 0
14.37499999970641 24.69469107628972 0
-5.602132755792705 44.1744299096064 0
-36.87500000017848 -3.451134546734279 0
0.6249999997862079 -31.59696016961648 0
-2.142037658359186e-10 -30.51442841488907 0
-40.62553816354399 13.86931665591984 0
41.24243887700237 -15.3633492648676 0
39.36354782649154 7.38013871707082 0
40.59971248164443 7.388104915065969 0
27.49999999973953 -13.19392033919688 0
26.87499999974219 -14.2764520939263 0
-10.62500000021366 0.8789924722238804 0
-9.375000000215643 0.8789924722255533 0
41.90913168103171 9.429499173355559 0
41.29615908696925 10.50302091607525 0
15.62499952485896 29.02482742421772 0
-36.25000000021441 19.28203230256507 0
20.62499999974079 -5.616198056105928 0
19.9999999997404 -4.533666301378156 0
19.37499999974307 -5.616198056107768 0
28.12498367374128 3.044052037866966 0
27.49998621422018 4.126584406298681 0
26.87499104439271 3.044053818393704 0
-22.50000000022315 12.78684177422063 0
-8.750000000195815 -15.35898384870386 0
-8.125000000195094 -16.44151560343158 0
-21.87500000021803 9.539246510035536 0
-35.00000000017334 -8.863793320376093 0
-34.37500000017583 -7.781261565646224 0
41.13618716240849 6.278250086498585 0
41.75795624907371 7.362302878918072 0
3.12499999972139 31.18988160464717 0
4.374999999719043 31.18988160464865 0
3.749999999718934 32.27241335937651 0
-38.12500000017971 -1.286071037278418 0
-39.37500000017774 -1.286071037280245 0
-40.62500000017567 -1.286071037282039 0
9.999999999793401 -34.84455543379339 0
10.62499999979721 -35.92708718852218 0
-11.87500000020594 -3.451134546693434 0
-10.62500000020796 -3.451134546691767 0
-11.25000000020847 -2.368602791963734 0
1.874999999786354 -20.77164262233396 0
1.249999999787676 -19.68911086760659 0
34.37473033428637 -20.77179831370567 0
-21.87500000022817 16.03443703840811 0
-22.50000000022872 17.11696879313588 0
-4.375000000249193 16.03443703843543 0
-5.000000000249233 17.11696879316388 0
28.12499890084261 9.539246244653736 0
26.87499981656463 9.53924646586259 0
27.49999871770135 8.456714445682142 0
34.99999999973405 -21.85417437701397 0
-6.875000000186847 -40.25721420745447 0
23.1249999997334 -3.45113454664499 0
21.87499999973554 -3.451134546646737 0
22.49999999973598 -4.533666301374568 0
-40.62500000017261 -3.451134546739691 0
-41.25000000017317 -2.368602792011806 0
-41.87500000017062 -3.451134546741521 0
-35.62500000020079 9.539246510012262 0
-5.625000000226896 5.209119491146671 0
-4.375000000228987 5.209119491148108 0
33.12479655294975 3.044006835087078 0
32.49987219341028 4.12655686228887 0
31.87485654366236 3.044021327047526 0
31.87490982911662 -1.286093347583987 0
27.49999999974571 -17.52404735811093 0
26.87499999974852 -18.60657911284017 0
21.2499999997229 6.29165124591097 0
20.62499999976699 -22.9367061317627 0
19.99999999976641 -21.85417437703543 0
19.37499999976927 -22.93670613176475 0
-8.750000000206661 -6.698729810875633 0
-8.125000000209253 -5.61619805614605 0
-9.375000000207095 -5.616198056147718 0
1.874999999723734 31.18988160464567 0
-11.87500000020887 -1.28607103723562 0
-1.875000000252386 16.03443703843882 0
-2.500000000252433 17.11696879316703 0
-3.125000000250488 16.03443703843714 0
-15.00000000023372 12.78684177423223 0
18.74999999976544 -19.68911086758062 0
18.12499999976822 -20.77164262230998 0
19.3749999997659 -20.77164262230812 0
14.374999999712 20.36456405737747 0
-11.87500000026014 35.52000862354917 0
-4.352547286132848 46.44221285409498 0
-24.37292100707369 44.17906235411422 0
-23.09582001841835 44.22468649478267 0
-26.87500000023242 24.69469107623104 0
-27.50000000023313 25.77722283095899 0
4.374999999713956 35.52000862356303 0
-44.26002507336294 -5.705801729731099 0
-44.94596454098782 -4.701392911163964 0
11.87499999979471 -33.76202367906374 0
11.24999999979216 -32.67949192433538 0
10.62499999979476 -33.76202367906498 0
-2.500000000221202 -4.533666301409479 0
-3.125000000218559 -5.616198056139121 0
-25.62500000020645 5.209119491114801 0
-26.87500000020476 5.209119491111742 0
-18.12500000017501 -29.43189666018745 0
-17.50000000017524 -30.51442841491416 0
-16.87500000017846 -29.43189666018568 0
-9.375000000198114 -12.11138858451966 0
-10.62500000019574 -12.11138858452141 0
26.24999425181823 1.961522838481577 0
25.62499679229714 3.044055206913292 0
-41.8755381635411 13.86931665591889 0
-5.625000000245676 13.86937352897514 0
26.2499999997081 10.62177826483252 0
25.62499981656684 9.539246465860931 0
-40.00000000017202 -4.533666301467624 0
34.37434271018208 3.043897200245376 0
33.74932706043417 1.961361665004033 0
34.37405128562546 0.8787601240010317 0
-22.50000000021554 8.45671475530582 0
-23.12500000021371 7.37418300057619 0
-21.87500000021516 7.374183000577951 0
-5.592163078714564 46.40968590081706 0
-10.62500000023679 11.70431001950926 0
-6.875000000202752 -12.11138858451621 0
-8.12500000020043 -12.11138858451792 0
-41.87500000017369 -1.286071037283868 0
-43.08209589659036 -1.277414896947892 0
25.62499999973515 -7.781261565556299 0
24.99999999973777 -8.863793320285863 0
-43.1250000001686 -3.451134546743315 0
-43.65696576583599 -2.411576784265432 0
-44.28196576583342 -3.494108538995112 0
-42.50000000016804 -4.533666301471201 0
26.87499999965714 39.85013564248807 0
16.87499999971298 16.03443703846795 0
18.12499999971119 16.03443703846976 0
-23.75000000021128 6.29165124584646 0
-24.37500000020927 5.209119491117021 0
-23.12500000021132 5.209119491118883 0
31.24933919797299 -15.35936536272411 0
-15.62500000024451 26.85975458570698 0
13.12499999980416 -42.42227771689225 0
11.87499999980587 -42.42227771689421 0
6.249999999742364 10.62177826480877 0
6.874999999739637 11.70431001953869 0
21.2499999997351 -2.368602791918885 0
20.62499999973767 -3.451134546648463 0
-24.37500000014814 -33.76202367910595 0
-25.62500000014359 -33.7620236791079 0
-6.875000000208278 -25.10176964126004 0
-8.125000000205603 -25.10176964126173 0
-7.500000000205523 -26.1843013959889 0
38.20102395117713 -9.989962791280014 0
37.60794321839577 -8.889002439031092 0
21.87499999970239 22.5296275668405 0
20.62499999970455 22.52962756683922 0
1.874999999790316 -18.6065791128762 0
-9.375000000263132 35.52000862355291 0
-38.75000000018341 1.961524226907163 0
-38.12500000018601 3.044055981636828 0
-39.37500000018391 3.044055981635047 0
10.62499999979138 -31.5969601696075 0
30.62499999972942 -9.946325075006659 0
29.99999999972897 -8.863793320278891 0
-35.00000000025084 30.10734984987029 0
-8.12500000026186 33.35494511409631 0
-0.6250000002199725 -7.781261565592841 0
-1.875000000217768 -7.781261565594662 0
-28.75000000017916 -11.02885682982495 0
-29.37500000017986 -9.946325075096842 0
10.6249999997142 24.69469107628465 0
-3.125000000191342 -42.42227771690603 0
-3.750000000191521 -41.33974596217902 0
-4.375000000188924 -42.42227771690744 0
3.124999999788415 -20.77164262233217 0
-17.50000000023016 12.78684177422869 0
-23.12500000024018 26.85975458569525 0
-22.50000000023921 25.77722283096651 0
-21.87500000024123 26.85975458569689 0
31.87499999972724 -9.946325075004887 0
-37.50000000018231 -0.2035392825486614 0
-36.87500000018491 0.8789924721810677 0
-38.12500000018291 0.8789924721792148 0
14.99999999978135 -26.18430139595763 0
15.62499999978178 -27.26683315068531 0
-20.62500000023033 16.03443703841003 0
-20.00000000022632 12.78684177422492 0
-18.75000000017481 -28.34936490546087 0
16.2499999997764 -24.01923788649857 0
15.62499999977912 -25.10176964122802 0
16.87499999977681 -25.10176964122619 0
-36.87500000018815 3.044055981638625 0
47.70665896425386 -29.91317572457439 0
48.89857041636861 -30.63864356520505 0
-47.72966656904107 29.81925065516606 0
-48.91746824527845 30.62500000007784 0
9.999999999789747 -30.51442841488002 0
-25.00000000020649 4.126587736387223 0
-26.87500000019319 -3.451134546718301 0
20.62499999976363 -20.77164262230608 0
16.87499999977048 -20.77164262231197 0
17.49999999977095 -21.85417437703946 0
23.1249999997724 -31.59696016958873 0
27.49999999973339 -8.863793320282371 0
26.87499999973601 -9.946325075011885 0
10.62499999980802 -42.42227771689599 0
35.62281985251436 0.8784468099493894 0
34.99799792047331 -0.2040450962119108 0
-12.50000000024263 17.11696879315008 0
-11.87500000024336 18.19950054788082 0
-13.12500000024184 18.19950054787753 0
14.99999999977551 -21.85417437704328 0
14.37499999977825 -22.93670613177275 0
15.62499999977596 -22.93670613177092 0
20.62499999973466 -1.286071037191042 0
19.99999999973425 -0.2035392824632148 0
19.37499999973681 -1.286071037192783 0
11.87499999979775 -35.9270871885212 0
11.24999999979766 -37.00961894325003 0
23.74999999971882 6.291651245914359 0
24.37499999971621 7.374183000643924 0
-44.23906166225517 -1.320388889199688 0
16.87499999974118 -1.286071037196354 0
15.62499999974351 -1.286071037198251 0
-16.87500000019414 -14.27645209399565 0
0.6249999997828937 -29.43189666015987 0
-0.6250000002147725 -29.43189666016194 0
9.374999999810903 -42.42227771689741 0
8.749999999807304 -41.33974596216861 0
-43.1250000001655 -5.616198056200888 0
-43.63502507336241 -6.788333484458992 0
0.624999999744265 16.03443703844228 0
-26.25000000012733 -41.33974596219785 0
19.37499999973996 -3.451134546650304 0
-33.12500000017099 -12.11138858455832 0
-34.37500000016929 -12.11138858455993 0
13.12499999979257 -33.76202367906198 0
44.60985233395974 -9.413990382271765 0
43.52732057923191 -10.03899038227186 0
9.374999999750816 0.8789924722509106 0
10.62499999974879 0.8789924722525783 0
21.24999999974124 -6.698729810833763 0
20.62499999974392 -7.781261565563353 0
28.12499999975204 -22.93670613175123 0
28.74999999975213 -24.01923788647843 0
-6.250000000210916 -24.01923788653117 0
-5.625000000210835 -25.10176964125834 0
-13.12500000020702 -1.286071037237352 0
-12.50000000020944 -0.2035392825075709 0
3.137649471680662 39.84283246642919 0
3.76475771700655 40.92414702515075 0
32.49999134926972 12.78683677997024 0
19.37499999974634 -7.781261565565225 0
11.87499999979972 -38.09215069797843 0
14.37499999979352 -35.92708718851769 0
13.12499999979562 -35.92708718851944 0
26.8749999997391 -12.11138858446915 0
34.99999999972002 -8.86379332027194 0
26.24999999973254 -6.698729810826744 0
26.87499999973297 -7.781261565554561 0
-28.12500000017844 -12.11138858455286 0
-27.50000000017788 -13.19392033928072 0
16.87499999977365 -22.93670613176909 0
-45.47793030665521 -3.66183514868608 0
12.49999999974102 4.126587736441381 0
28.12499999966935 33.35494511412712 0
-36.87500000018171 -1.286071037276566 0
35.62443660868341 3.043919883318181 0
34.99990610119899 4.126565053401226 0
-8.125000000217595 0.8789924722273443 0
-8.75000000021797 1.961524226955391 0
-44.52552152718815 16.06015554101001 0
-43.92765736938455 14.961956900477 0
18.74999999977197 -24.01923788649438 0
18.12499999977139 -22.9367061317671 0
23.12499999973642 -5.616198056102403 0
21.87499999973857 -5.616198056104151 0
40.62390120707687 -22.93734051995952 0
30.6249421825772 3.044042014846708 0
31.24986654211667 1.961491987644916 0
-9.375000000179028 -42.42227771691271 0
-10.00000000017732 -43.50480947163929 0
24.9999999997317 -4.533666301371085 0
24.37499999973427 -5.616198056100651 0
25.62499999973214 -5.616198056098916 0
7.499999999767875 -8.863793320310261 0
6.874999999767324 -7.781261565582421 0
23.74999999973083 -2.368602791915425 0
24.37499999973127 -3.451134546643255 0
24.37499999974042 -9.946325075015395 0
23.74999999974322 -11.02885682974498 0
26.87499999972698 -3.451134546639798 0
27.49999999972735 -4.533666301367658 0
28.12499999972477 -3.451134546638107 0
24.99999981656954 8.456714711131369 0
25.62499999973824 -9.946325075013647 0
9.999999999720007 21.44709581209944 0
18.74999999971132 14.95190528374176 0
-31.87500000019314 0.8789924721884443 0
-30.62500000019446 0.8789924721903984 0
-31.25000000019526 1.961524226918158 0
-6.875000000165546 -48.91746824527169 0
-7.500000000168688 -47.83493649054378 0
-8.12500000016391 -48.91746824527209 0
23.74999999970644 14.95190528374431 0
-30.00000000018066 -8.863793320368773 0
-14.37500000020621 -1.286071037239395 0
-15.00000000020681 -0.2035392825109062 0
24.99999999976265 -26.18430139593996 0
25.62499999976009 -25.10176964121095 0
24.37499999976259 -25.10176964121264 0
25.62499999972913 -3.45113454664152 0
26.24999999972655 -2.368602791911969 0
33.12490610120062 5.209096808127443 0
31.87496609191324 5.209111300087891 0
28.12499999973078 -7.781261565552815 0
3.749999999729662 23.61215932154763 0
4.374999999727118 24.69469107627694 0
3.124999999729428 24.69469107627541 0
-4.375000000213459 -25.10176964125658 0
-5.000000000210822 -26.18430139598545 0
-23.12500000022919 18.19950054786354 0
-23.75000000022975 19.28203230259132 0
6.874999999770365 -9.946325075039802 0
26.87499999972997 -5.616198056097177 0
18.74999999973945 -2.368602791922437 0
18.12499999973904 -1.286071037194609 0
8.12499999975299 0.8789924722490383 0
6.874999999755225 0.8789924722472486 0
-0.6250000001989827 -40.25721420744654 0
-1.875000000196635 -40.25721420744823 0
-1.250000000196287 -41.33974596217591 0
5.624999999772372 -9.946325075041493 0
22.49999999970238 21.44709581211327 0
21.87499999973253 -1.286071037189317 0
30.62495384744054 0.8789813232707011 0
3.749999999765139 -2.368602791943331 0
3.124999999767598 -3.451134546672827 0
4.374999999765588 -3.451134546671162 0
28.12499999972775 -5.616198056095486 0
-10.62500000016019 -48.91746824527311 0
-9.375000000161796 -48.91746824527209 0
-48.83301362882077 10.47639088132632 0
22.49999999972997 -0.2035392824597441 0
23.1249999997304 -1.286071037187587 0
-49.0070615797021 -8.059579685287332 0
29.3749999997524 -25.10176964120569 0
28.124999999755 -25.10176964120752 0
4.374999999771465 -7.781261565585837 0
4.999999999771894 -8.863793320313651 0
5.624999999769312 -7.781261565584094 0
6.249999999766894 -6.698729810854605 0
1.874999999818127 -48.91746824527041 0
48.9174682452675 1.874999999822422 0
-48.98054180454157 -1.855478423965857 0
0.6249999997839238 -12.1113885845058 0
1.874999999781787 -12.11138858450406 0
1.249999999781354 -11.02885682977625 0
0.6249999997809138 -9.946325075048435 0
1.874999999778777 -9.946325075046699 0
8.749999999750351 1.961524226978836 0
24.37499999972827 -1.286071037185852 0
18.12499999974218 -3.45113454665213 0
4.374999999774524 -9.946325075043234 0
30.62496044061657 5.209109934901374 0
29.3749837703395 5.209115570662687 0
29.99995551384582 4.126576990010631 0
3.74999999977711 -11.0288568297728 0
3.124999999779695 -12.11138858450236 0
9.374999999789059 -29.43189666015225 0
4.999999999766075 -4.533666301399006 0
16.87499999973509 3.044055981718903 0
18.12499999973294 3.044055981720414 0
12.49999999971445 21.44709581210297 0
-34.37500000020703 11.70431001947085 0
-35.00000000020741 12.78684177419814 0
31.24999434840691 6.291649880739947 0
31.87499905781977 7.374182773123224 0
30.6249934065231 7.374181407936707 0
17.49999999973853 -0.2035392824667007 0
12.49999999979517 -34.84455543379158 0
2.499999999776191 -8.863793320317139 0
3.124999999776632 -9.946325075044953 0
1.874999999769726 -3.45113454667456 0
2.499999999770176 -4.533666301402391 0
13.74999999974188 1.961524226985565 0
13.12499999974451 0.8789924722558766 0
14.37499999974239 0.8789924722576263 0
23.74999999972482 1.961524226999423 0
24.37499999972223 3.044055981729041 0
3.12499999977361 -7.781261565587579 0
3.749999999771028 -6.698729810858022 0
4.374999999762561 -1.286071037213766 0
4.999999999759959 -0.2035392824841656 0
19.3749999997308 3.044055981722117 0
20.62499999972866 3.044055981723789 0
19.99999999972823 4.126587736451673 0
21.24999999972911 1.961524226995957 0
20.62499999973166 0.8789924722663796 0
21.87499999972954 0.8789924722681035 0
21.87499999972351 5.209119491182979 0
23.12499999972136 5.209119491184765 0
16.24999999977005 -19.68911086758431 0
15.62499999977278 -20.7716426223138 0
14.37499999978093 -25.10176964123001 0
8.124999999749617 3.044055981707692 0
9.374999999747441 3.044055981709564 0
-41.87500000016751 -5.616198056199094 0
4.999999999786788 -21.85417437705798 0
4.374999999786461 -20.77164262233022 0
30.62499999975302 -27.2668331506602 0
31.24999999975389 -28.34936490538725 0
35.62291561679699 -1.286638524157311 0
-36.87500000020848 16.03443703837978 0
4.374999999759414 0.8789924722437017 0
5.62499999975738 0.8789924722454012 0
3.124999999788056 -18.60657911287441 0
2.49999999978811 -17.52404735814657 0
6.874999999788253 -25.10176964124069 0
6.24999999978707 -24.01923788651319 0
4.374999999756392 3.044055981701093 0
5.624999999754145 3.04405598170344 0
4.999999999753703 4.126587736431264 0
6.24999999975468 1.961524226975116 0
-35.00000000019313 4.126587736370061 0
-35.62500000019367 5.209119491097915 0
-44.61926143749362 -38.04589088736871 0
-43.58767549774922 -37.4078743671034 0
-44.64780015622531 -36.8387000855862 0
6.874999999787494 -22.93670613178353 0
5.624999999786585 -22.93670613178534 0
-1.250000000214345 -11.02885682977975 0
-0.625000000216948 -9.946325075050201 0
-1.875000000214784 -9.946325075051966 0
-2.195255088821568e-10 -8.863793320320649 0
3.124999999764571 -1.286071037215431 0
6.87499999975199 3.044055981705287 0
0.6249999997869071 -14.27645209396315 0
-2.135294163707613e-10 -13.19392033923534 0
1.874999999775755 -7.781261565589324 0
14.37499999973933 3.044055981715344 0
15.62499999973722 3.044055981717147 0
23.12499999972741 0.8789924722698337 0
26.24999999973867 -11.02885682974141 0
7.499999999788627 -26.18430139596862 0
3.749999999788308 -19.6891108676021 0
0.624999999774873 -5.616198056133697 0
-2.255644560023029e-10 -4.533666301405876 0
0.6249999997718659 -3.451134546676304 0
1.249999999769289 -2.368602791946739 0
-0.6250000002260017 -3.451134546678056 0
-1.250000000226359 -2.368602791950268 0
-1.875000000223789 -3.451134546679841 0
3.124999999761553 0.878992472241958 0
3.749999999758974 1.961524226971525 0
18.74999999973335 1.96152422699253 0
14.99999999974285 -0.2035392824702538 0
14.37499999974569 -1.286071037200059 0
-10.62500000020496 -5.616198056149384 0
-10.00000000020755 -4.533666301419801 0
8.124999999788946 -27.26683315069715 0
6.874999999788846 -27.26683315069853 0
3.124999999785522 -16.441515603417 0
4.374999999783395 -16.44151560341527 0
3.749999999783066 -15.3589838486875 0
1.249999999787325 -15.35898384869096 0
1.874999999784775 -14.27645209396142 0
3.124999999758531 3.044055981699349 0
4.374999999753316 5.20911949115958 0
13.12499999974146 3.044055981713594 0
-12.50000000019172 -13.19392033925331 0
1.874999999787781 -16.4415156034188 0
1.874999999772738 -5.616198056131944 0
3.124999999770611 -5.616198056130211 0
1.87499999976671 -1.286071037217173 0
0.6249999997688506 -1.286071037218917 0
2.499999999764133 -0.2035392824876079 0
1.874999999763693 0.8789924722402152 0
11.87499999974357 3.044055981711602 0
16.24999999973762 1.96152422698907 0
-35.00000000017978 -4.533666301460356 0
-34.3750000001824 -3.45113454673054 0
-35.62500000018046 -3.451134546732421 0
29.37496551230013 3.044047650608021 0
-0.6250000002139617 -12.11138858450752 0
1.249999999775308 -6.698729810861517 0
4.374999999768464 -5.616198056128468 0
-23.75000000017463 -19.68911086764486 0
-24.37500000017051 -20.77164262237314 0
5.624999999766493 -5.616198056126816 0
-5.625000000167663 -48.91746824527169 0
-48.88705439662986 5.640298084306133 0
-48.88705439662986 6.890298084304016 0
8.749999999789171 -28.34936490542496 0
0.6249999997778894 -7.781261565591076 0
10.62499999974565 3.044055981710049 0
16.87499999973808 0.8789924722611904 0
18.12499999973594 0.8789924722629354 0
25.62499999972611 -1.286071037184141 0
24.99999999972567 -0.2035392824563032 0
4.999999999719126 30.10734984992078 0
-36.25000000018754 1.961524226910792 0
-35.62500000019018 3.044055981640473 0
2.499999999782265 -13.19392033923191 0
-2.50000000021518 -8.863793320324236 0
-3.12500000021556 -7.781261565596485 0
3.1249999997267 26.85975458573266 0
3.749999999724116 27.94228634046193 0
-2.500000000196917 -39.17468245272052 0
-3.125000000194221 -40.2572142074499 0
45.67732792908684 -1.252773999187034 0
46.75364722714011 -1.875462333342008 0
-20.6250000001868 -16.44151560345662 0
-20.00000000018561 -17.5240473581848 0
-19.37500000018832 -16.44151560345582 0
-13.12500000020097 -5.616198056152887 0
-14.37500000020155 -5.616198056156049 0
-21.25000000021425 6.291651245850328 0
3.124999999782683 -14.27645209395972 0
-14.37500000023259 11.70431001950542 0
-13.75000000023103 10.6217782647777 0
-13.12500000023387 11.70431001950629 0
3.124999999718835 33.35494511410435 0
24.37499999972525 0.8789924722715752 0
25.62499999972309 0.8789924722732863 0
26.87499999972396 -1.28607103718242 0
34.37499999971966 -7.781261565544193 0
33.74999999971924 -6.698729810816408 0
33.12499999972185 -7.781261565545885 0
11.24999999974609 1.961524226982261 0
15.62499999974021 0.8789924722594344 0
38.12058547848557 -5.61874678109923 0
38.52980759536993 -6.612707152355615 0
39.15039307414287 -5.532724122643484 0
-35.62500000018694 0.8789924721829162 0
-34.37500000019251 3.044055981642228 0
26.87499999974537 -16.44151560338334 0
41.87089791997883 -35.92945959774163 0
13.12499999975817 -7.781261565574201 0
14.37499999975583 -7.781261565572492 0
13.74999999975538 -6.698729810844704 0
36.8749999997152 -7.781261565540785 0
38.2329432183932 -7.806470684301669 0
-16.87500000020232 3.044055981674319 0
-17.50000000020107 4.126587736403308 0
9.374999999726189 18.19950054791371 0
8.749999999725825 19.28203230264103 0
-3.125000000221559 -3.451134546681691 0
-9.375000000210091 -3.451134546690101 0
11.87499999976342 -9.946325075033227 0
11.24999999976574 -11.02885682976268 0
9.999999999758835 -4.533666301392683 0
10.62499999975604 -3.451134546663063 0
9.374999999758202 -3.451134546664797 0
19.37499999973381 0.8789924722646387 0
15.62499999978537 -31.59696016960087 0
11.8749999997467 0.8789924722541319 0
13.12499999976135 -9.94632507503151 0
12.49999999976069 -8.863793320303706 0
-10.00000000016545 -47.8349364905452 0
-11.87500000019986 -7.781261565608679 0
11.87499999976024 -7.781261565575917 0
11.24999999975984 -6.698729810848182 0
-1.875000000193628 -42.42227771690533 0
-0.6250000001959757 -42.42227771690364 0
-28.12500000021959 11.70431001947979 0
-29.37500000021761 11.70431001947781 0
-28.75000000021688 10.62177826475032 0
36.87423438922655 26.86019661118429 0
37.49856857591899 25.77804926394759 0
11.8749999997572 -5.616198056118681 0
10.62499999975932 -5.616198056120449 0
-45.60151565915095 3.057614672237026 0
-46.92199194163861 2.916150196583265 0
-46.27350760061629 1.847177132466305 0
1.249999999728773 27.94228634045906 0
0.6249999997286085 29.02481809518692 0
13.74999999976182 -11.02885682975927 0
14.37499999975909 -9.946325075029751 0
14.37499999977508 -20.77164262231562 0
34.37499999971665 -5.616198056086901 0
33.12499999971885 -5.616198056088593 0
-27.50000000013532 -34.84455543383778 0
-26.87500000013527 -35.92708718856418 0
4.392217336553824 42.00525871787103 0
5.01797864736439 43.11858972450818 0
38.12499807358444 37.68507324511455 0
-2.500000000191031 -43.50480947163376 0
21.24999999976078 -19.68911086757679 0
21.87499999976129 -20.77164262230411 0
35.6247303342831 -20.77179831370401 0
14.37499999976231 -12.11138858448699 0
13.12499999976457 -12.11138858448875 0
-25.62500000020383 3.044055981657473 0
-24.37500000020665 3.044055981659693 0
25.62499999975094 -18.6065791128419 0
26.24999999975135 -19.68911086756934 0
-36.25000000018109 -2.368602792004464 0
32.4999999997245 -8.863793320275414 0
31.87499999972409 -7.781261565547628 0
-34.37500000018894 0.8789924721847873 0
-33.12500000019112 0.878992472186569 0
-33.75000000019176 1.961524226914422 0
29.99999795895765 8.456714262396636 0
29.37499324954479 7.374181370013359 0
30.62499888428556 9.539246240658088 0
31.87498877975106 9.53924041095811 0
31.24998954810066 10.62177235129621 0
21.87499999969122 31.18988160466169 0
20.62499999969469 31.18988160465963 0
44.65779272615822 1.839946560953165 0
43.57376381828179 2.57769211444699 0
-41.2500000001791 1.961524226903742 0
-34.37500000017913 -5.616198056188352 0
3.152758563197358 41.99917273783061 0
11.24999999970867 27.94228634047056 0
10.6249999997093 29.02481809519932 0
19.3749999997627 -18.60657911285116 0
18.12499999976502 -18.60657911285302 0
2.499999999713461 38.76760388774655 0
1.887649471682883 39.84283246642769 0
-28.12500000018517 -7.781261565636932 0
34.99999999971409 -4.53366630135741 0
35.62453237297184 -3.451292469703402 0
-32.50000000017695 -8.863793320372405 0
16.87499999976103 -14.27645209394056 0
18.12499999975871 -14.27645209393884 0
17.49999999975827 -13.19392033921116 0
-35.62493704805551 44.21624332806984 0
-34.99998950823478 43.10893415023725 0
-34.37492655601858 44.21703364003719 0
-5.625000000252725 22.52962756680568 0
-5.000000000252107 21.44709581207757 0
-4.375000000254445 22.52962756680748 0
-2.078639482760991e-10 -34.84455543380303 0
0.6249999997893705 -33.76202367907359 0
4.390889089481721 44.18857995582762 0
3.755092005707099 45.2947184695855 0
3.144421098970009 44.18642294430877 0
24.3749999996715 37.68507213302999 0
11.87499999976671 -12.11138858449046 0
-3.750000000204908 -15.35898384869741 0
14.99999999976283 -13.19392033921468 0
15.62499999976008 -12.1113885844852 0
21.87499999975803 -18.60657911284735 0
20.62499999976037 -18.60657911284932 0
5.624999999782004 -33.76202367906752 0
6.249999999782347 -32.67949192433987 0
42.47144703434786 -9.497913249396881 0
44.63207091442904 -1.891643994243391 0
44.63952586244243 -0.6444179932567919 0
-2.716282754278154e-10 30.1073498499148 0
-0.6250000002692063 29.0248180951854 0
-3.750000000215961 -24.01923788652759 0
-3.125000000215947 -25.10176964125471 0
18.12499999977453 -25.10176964122413 0
19.37499999977241 -25.10176964122177 0
4.374999999782553 -33.76202367906895 0
4.9999999997847 -34.84455543379616 0
-39.37500000017114 -5.616198056192816 0
23.12499999969411 26.85975458575339 0
21.87499999969707 26.8597545857517 0
12.49999999976721 -13.19392033921817 0
44.64302577501707 0.5927125255300344 0
36.87499999971229 -5.616198056083547 0
37.49558547848522 -4.536215026371417 0
35.62499999971449 -5.616198056085225 0
-33.12500000019469 3.044055981644009 0
1.24999999978666 -32.67949192434412 0
1.874999999783915 -31.59696016961465 0
25.62499981657004 7.374182956403551 0
-6.250000000205375 -11.02885682978679 0
-26.87500000020149 3.044055981654955 0
-26.25000000020164 1.961524226927425 0
40.65588142036965 -14.10756520865119 0
40.00031675168238 -13.04267997361821 0
14.37499999976553 -14.27645209394417 0
13.12499999976792 -14.27645209394596 0
13.74999999976839 -15.35898384867365 0
36.87161965358732 0.8781758817310197 0
36.24767301873946 1.960981101943962 0
17.49999999977726 -26.18430139595358 0
20.62499999978339 -35.92708718850847 0
38.11529946267279 -1.288528420634961 0
37.48941846003788 -0.2059814423154914 0
36.87264748999712 -1.286905388583023 0
44.58734122634559 -3.125000000173987 0
43.54953915970118 -2.516643994243744 0
16.87499999976733 -18.60657911285484 0
15.62499999976963 -18.60657911285667 0
14.37499999979948 -40.25721420743277 0
15.62499999979743 -40.25721420743101 0
23.7499999997729 -32.67949192431652 0
-3.125000000212577 -9.946325075053789 0
19.99999999975995 -17.52404735812172 0
38.11427162626298 0.8765528496790811 0
39.30598918775202 0.9170650300529142 0
38.68819038130145 2.001222354099425 0
24.37499999975334 -18.60657911284367 0
23.12499999975568 -18.60657911284554 0
23.74999999975611 -19.68911086757295 0
17.4999999997646 -17.52404735812538 0
-6.875000000219804 0.8789924722288538 0
-5.625000000221945 0.8789924722303221 0
-4.375000000200973 -33.76202367908115 0
18.74999999975912 -15.35898384866648 0
19.37499999975637 -14.27645209393707 0
44.58734122634716 -4.375000000171918 0
45.66987298107502 -3.750000000171564 0
2.499999999729186 25.77722283100325 0
1.874999999729001 26.85975458573119 0
-39.37500000023396 24.69469107622923 0
36.87323640975637 3.043648955099811 0
36.87426424617198 -3.451559334129113 0
36.24879661943189 -2.369185502476781 0
29.37499999972553 -5.616198056093781 0
30.62498867844565 -5.61620087895555 0
29.99998867844525 -4.533669124227735 0
25.62499999974454 -14.27645209392806 0
24.9999999997441 -13.19392033920039 0
24.37499999974689 -14.2764520939298 0
38.11984972494527 -3.454108059144796 0
39.32083325995725 -3.46735973664809 0
38.699512027644 -2.382704044405786 0
15.6249999997633 -14.27645209394237 0
28.74997034247266 1.961517062703044 0
25.62499999970757 11.7043100195603 0
-13.75000000020564 -2.368602791967445 0
-2.314453073637424e-10 -0.2035392824911755 0
-0.625000000228867 -1.286071037220742 0
35.62499999971741 -7.781261565542462 0
36.24999999971483 -6.698729810813038 0
-9.375000000204121 -7.781261565605171 0
-8.125000000206281 -7.781261565603503 0
4.374999999793986 -40.25721420744012 0
4.999999999794339 -39.17468245271138 0
13.12499999978007 -22.93670613177463 0
13.74999999978052 -24.01923788650227 0
1.249999999780698 -28.34936490543075 0
1.874999999777897 -27.26683315070228 0
0.6249999997795248 -27.26683315070426 0
-11.87500000021149 0.8789924722217546 0
-13.12500000020964 0.8789924722200226 0
25.62499999974133 -12.11138858447091 0
1.249999999723514 32.27241335937354 0
0.6249999997259662 31.1898816046442 0
23.7499999997497 -15.35898384865929 0
23.12499999974927 -14.27645209393162 0
1.304161678642914 40.93445796388005 0
0.6665122066757129 39.85922938519742 0
-25.61252604111644 42.00799730825412 0
-24.9854470479258 43.08932875570878 0
3.749999999796659 -41.33974596216959 0
3.124999999797575 -42.42227771689809 0
4.37499999979741 -42.42227771689697 0
-1.875000000226655 -1.286071037222527 0
-20.62500000018085 -20.77164262236897 0
-21.25000000018106 -19.68911086764196 0
-23.75000000015202 -32.67949192437824 0
11.87499999977006 -14.27645209394766 0
-6.875000000225159 5.209119491144958 0
-6.25000000022747 6.291651245874833 0
13.1249999997774 -20.77164262231747 0
11.87499999977965 -20.77164262231931 0
12.49999999978005 -21.85417437704695 0
-45.00000000017543 4.12658773635578 0
-44.35151565915312 3.057614672238819 0
22.49999999975527 -17.52404735811807 0
4.999999999799354 -43.50480947162524 0
4.374999999800207 -44.58734122635299 0
0.6249999997312585 26.85975458572964 0
-11.87500000020028 -22.93670613181137 0
-12.50000000020047 -21.85417437708586 0
-13.12500000019741 -22.93670613181447 0
1.874999999796418 -40.25721420744303 0
3.124999999794151 -40.25721420744124 0
2.499999999793745 -39.17468245271356 0
16.24999999976373 -15.35898384867005 0
-1.250000000202389 -37.00961894326183 0
-1.875000000199674 -38.09215069799122 0
-0.6250000002020465 -38.09215069798946 0
-11.25000000021385 1.961524226951474 0
28.74999999972815 -6.6987298108233 0
-19.37500000016554 -33.76202367909839 0
16.87499999976419 -16.44151560339772 0
15.62499999976645 -16.44151560339953 0
-25.62500000025783 37.6850721329971 0
-25.00000000025858 38.76760388772913 0
13.74999999977468 -19.68911086758798 0
31.24999999972368 -6.698729810819847 0
30.62499999972633 -7.781261565549376 0
-16.87500000020646 5.209119491130954 0
18.12499999976187 -16.4415156033959 0
3.124999999784808 -33.76202367906993 0
3.749999999782112 -32.6794919243413 0
13.74999999980188 -41.33974596216251 0
-33.12500000017771 -7.78126156564433 0
-33.75000000017841 -6.698729810916338 0
-35.62500000018369 -1.286071037274707 0
31.87492075077452 -3.451154306677392 0
32.49998867844081 -4.533669124224296 0
24.37499999971925 5.209119491186511 0
-21.25000000018689 -15.35898384872924 0
39.31628299768477 -1.301780098138255 0
-3.75000000022174 -2.36860279195381 0
-4.375000000219152 -3.451134546683448 0
29.374971677095 0.8789856303798804 0
29.99997334350403 -0.2035457217935164 0
-11.87500000023533 11.70431001950809 0
-11.25000000023377 10.62177826477975 0
34.37499999968541 18.19950054794285 0
35.62499999968401 18.19950054794456 0
-4.37500000021033 -9.946325075055555 0
0.6249999997986885 -40.25721420744478 0
1.249999999799095 -41.33974596217246 0
9.99999999973733 8.456714755358362 0
9.374999999740506 7.374183000628006 0
-40.62500000016917 -5.616198056194599 0
-41.25000000016664 -6.698729810924286 0
25.62499999976268 -27.26683315066789 0
24.37499999976518 -27.26683315066958 0
-8.125000000220435 3.044055981685278 0
-7.500000000222768 4.126587736415084 0
9.374999999717097 24.69469107628296 0
8.12499999971979 24.6946910762813 0
23.124999999746 -12.11138858447445 0
24.37499999974368 -12.11138858447265 0
30.62496010592534 -1.286080776969517 0
31.24991442119239 -2.368624095650808 0
13.12499999972658 11.70431001954852 0
14.37499999972456 11.70431001954963 0
-2.016600220144937e-10 -39.1746824527171 0
12.49998354392643 34.43780965929734 0
11.87499036008092 33.35514850948839 0
-1.875000000190099 -44.58734122636051 0
-1.250000000189158 -45.66987298108661 0
-0.6250000001923763 -44.58734122635917 0
-35.00000000018631 -0.2035392825449375 0
1.874999999787078 -33.76202367907176 0
19.37499999971187 13.86937352901388 0
-0.6250000002718487 31.18988160464268 0
-29.37500000018662 -5.616198056180641 0
-28.75000000018593 -6.698729810908794 0
-13.12500000020399 -3.451134546695177 0
-14.37500000020318 -3.451134546697221 0
18.12499999975205 -9.946325075024451 0
18.74999999975253 -11.02885682975217 0
-40.6250000002255 22.52962756677317 0
1.874999999781266 -29.43189666015789 0
-3.125000000187813 -44.58734122636121 0
28.12498983853615 0.8789900176388261 0
-18.12500000017823 -27.26683315073222 0
44.60233614233825 -5.635259428914897 0
29.3749779355798 -1.286076469860337 0
24.99999999975051 -17.5240473581145 0
13.12499999975486 -5.616198056116922 0
12.49999999975434 -4.53366630138919 0
3.124999999782299 -31.59696016961414 0
2.499999999781846 -30.5144284148865 0
1.249999999739441 19.28203230262984 0
0.6249999997417406 18.19950054790018 0
0.6249999997956247 -38.09215069798771 0
-1.875000000267025 29.02481809518385 0
-1.250000000266788 27.94228634045596 0
10.62499999973133 11.70431001954531 0
9.999999999731362 12.78684177427292 0
9.374999999733991 11.70431001954357 0
2.499999999778547 -26.18430139597464 0
11.24999999977912 -19.68911086759137 0
3.749999999752823 6.291651245887589 0
3.12499999975248 7.37418300061498 0
2.499999999751995 8.456714755342805 0
1.874999999751463 9.539246510070164 0
23.1249999997525 -16.44151560338869 0
21.87499999975486 -16.4415156033905 0
-5.625000000195342 -35.92708718853952 0
-4.375000000197867 -35.92708718853777 0
-5.000000000198143 -34.84455543381033 0
20.62499999972547 5.209119491181336 0
14.37499999971511 18.19950054792105 0
14.99999999971537 17.11696879319368 0
-5.000000000216562 -21.8541743770736 0
-4.375000000215824 -20.77164262234419 0
-5.625000000213307 -20.77164262234594 0
-26.87500000017573 -14.27645209400749 0
-26.25000000017531 -15.35898384873515 0
1.874999999715875 37.68507213301718 0
0.6249999997183969 37.68507213301586 0
1.24999999971859 36.60254037828798 0
-29.37500000021311 9.539246510020641 0
13.74999999974858 -2.368602791929797 0
3.124999999713654 37.68507213301868 0
19.37499999972762 5.209119491179663 0
-44.37500000017803 5.209119491085327 0
-1.875000000269578 31.18988160464172 0
-1.250000000271984 32.27241335937111 0
-8.750000000259449 32.27241335936641 0
3.749999999713796 36.60254037829084 0
-6.875000000192821 -35.92708718854088 0
-6.250000000192545 -37.00961894326833 0
2.499999999787518 -34.8445554337994 0
-17.50000000024108 25.77722283097472 0
19.99999999970589 21.44709581211141 0
26.87499689800467 7.374182251367696 0
28.12499598228265 7.37418203015884 0
33.1249810712044 11.70429915362131 0
33.74993781907781 10.62174242726615 0
-41.87500000018559 7.374183000546077 0
-43.14160618348505 7.37242806231353 0
1.87499999973173 24.69469107627393 0
1.874999999793326 -38.09215069798591 0
1.249999999792939 -37.00961894325827 0
10.62499999973436 9.539246510087917 0
9.374999999736925 9.539246510086404 0
6.874999999745502 7.374183000623519 0
13.1249999997712 -16.44151560340316 0
14.37499999976881 -16.44151560340136 0
10.00009726054851 38.77244352193934 0
-16.25000000024576 27.9422863404355 0
-15.00000000020304 -4.533666301428335 0
16.8682817799645 42.06832474704257 0
-8.750000000200746 -11.02885682979027 0
-38.74146863020555 -24.01431229783341 0
-39.3694495473172 -22.93350157639893 0
48.9353683671166 3.123781910795056 0
-0.6250000002051389 -35.92708718853245 0
0.6249999997925131 -35.92708718853065 0
4.374999999780043 -31.59696016961315 0
1.874999999790214 -35.92708718852885 0
15.62499999971553 16.03443703846618 0
16.24999999971564 14.95190528373866 0
-18.1250000001721 -31.59696016964234 0
-12.50000000020347 -4.53366630142321 0
3.12499999979106 -38.09215069798412 0
-10.62500000026162 35.52000862355093 0
-10.00000000026094 34.43747686882273 0
23.12499999976757 -27.26683315067175 0
3.124999999755457 5.209119491156926 0
-3.750000000249147 14.95190528370723 0
29.37499999972857 -7.78126156555111 0
-16.25000000018148 -28.34936490545722 0
-15.62500000018172 -29.43189666018392 0
19.37499999975953 -16.44151560339413 0
-35.62500000021431 18.19950054783837 0
5.624999999736767 16.03443703845043 0
14.99999999976927 -17.52404735812904 0
14.37499999977199 -18.6065791128585 0
1.249999999763315 1.961524226968003 0
0.6249999997658943 0.878992472238437 0
26.24999999976291 -28.34936490539542 0
24.99999679229671 4.126586961641168 0
1.874999999799626 -42.42227771689939 0
2.499999999800378 -43.50480947162677 0
44.6060879936081 -6.891757825930565 0
2.49999999975825 4.126587736427133 0
1.874999999760832 3.044055981697566 0
-1.875000000202766 -35.92708718853422 0
26.24999999974498 -15.35898384865571 0
-2.500000000267299 30.10734984991176 0
-3.125000000267434 31.1898816046402 0
-9.375000000218485 3.044055981683487 0
31.2499999996733 27.94228634049526 0
31.87499999967185 29.02481809522581 0
-1.954443273888273e-10 -43.50480947163057 0
0.6249999998018972 -42.42227771690114 0
-15.62500000020822 5.209119491132449 0
-17.50000000016411 -39.17468245273088 0
-16.87500000016475 -40.25721420745707 0
-40.00000000018431 4.126587736362909 0
-40.62500000018171 3.044055981633243 0
-2.500000000209463 -30.51442841489322 0
-20.62500000018392 -18.60657911291296 0
-8.125000000223341 5.209119491143247 0
-8.750000000223981 6.291651245870154 0
-9.37500000022159 5.20911949114028 0
-19.37500000022525 11.70431001949714 0
-18.75000000019066 -15.35898384872698 0
-18.750000000163 -37.0096189432784 0
-18.12500000016363 -38.09215069800463 0
-43.75000000018068 6.29165124581486 0
-43.12500000018026 5.209119491087105 0
3.124999999732254 22.52962756681832 0
-16.87500000025263 33.35494511408289 0
-16.87500000024353 26.85975458570515 0
13.12499999977431 -18.60657911286035 0
-8.125000000193255 -33.76202367908616 0
-7.500000000193013 -34.84455543381349 0
-6.875000000195859 -33.76202367908473 0
3.124999999787945 -35.92708718852703 0
-11.25000000019385 -28.34936490545021 0
-10.62500000019382 -29.43189666017738 0
14.37499999975252 -5.616198056115213 0
-11.87500000020292 -5.616198056151145 0
-34.37500000018569 -1.286071037272836 0
16.87499999977967 -27.26683315068333 0
20.6249999997572 -16.4415156033923 0
36.24999999977624 -41.33974596212703 0
-48.91849028667748 -39.37266258931295 0
12.4999999997262 12.78684177427645 0
11.87499999972907 11.70431001954672 0
-40.61994636683608 -22.93378841528325 0
18.12499999977739 -27.26683315068127 0
-4.375000000216275 -5.616198056140984 0
-3.750000000215863 -6.698729810868776 0
-5.625000000192319 -38.0921506979962 0
11.2499999997317 10.62177826481737 0
0.009751171154191773 38.77036726314612 0
-0.6152488288430933 37.68783550841692 0
-3.125000000200342 -35.92708718853608 0
0.6249999998054966 -44.58734122635666 0
2.499999999718719 34.43747686883221 0
1.874999999721165 33.35494511410288 0
-8.125000000190216 -35.9270871885423 0
-35.00000000016486 -13.19392033928443 0
29.37499982616787 11.70430997764423 0
30.62499982616599 11.70430997764515 0
31.8749886784434 -5.616200878953802 0
-9.375000000205866 -22.93670613180764 0
-8.750000000205652 -24.01923788653456 0
-8.125000000208574 -22.93670613180595 0
-30.00000000022359 17.11696879311967 0
-30.62500000022209 16.03443703838944 0
-29.37500000022283 16.03443703839252 0
-3.750000000197541 -37.00961894326527 0
-4.375000000194785 -38.09215069799458 0
-3.12500000019726 -38.09215069799289 0
21.24999999975444 -15.35898384866291 0
-10.00000000020607 -21.85417437708089 0
-9.375000000205651 -20.77164262235148 0
-10.62500000020293 -20.77164262235334 0
1.249999999750806 10.62177826479794 0
0.6249999997503026 11.70431001952611 0
22.49999999969123 30.10734984993527 0
-34.3750000002033 9.539246510014303 0
-31.25000000021885 14.95190528366027 0
-31.87500000021592 13.86937352893095 0
-30.6250000002184 13.86937352893297 0
-32.50000000019033 -0.2035392825411908 0
-5.000000000192038 -39.17468245272382 0
14.37499999971804 16.03443703846439 0
29.37499996745615 35.52000864217891 0
-15.62500000023088 11.70431001950364 0
3.124999999716229 35.52000862356149 0
-4.375000000216276 -22.93670613180065 0
-3.125000000218764 -22.93670613179879 0
-33.125000000181 -5.616198056186459 0
-4.375000000191802 -40.25721420745131 0
-43.51142852402756 -32.49744655945756 0
-42.39429220436624 -33.06675226780888 0
10.62499999971133 26.85975458574091 0
28.74999142984811 6.291649175698911 0
28.12498650307736 5.209116230808169 0
-4.375000000246919 13.86937352897695 0
-11.25000000019755 -11.02885682979453 0
-11.87500000019486 -12.11138858452394 0
18.12499999971364 13.86937352901255 0
-8.125000000196309 -31.59696016963012 0
-6.875000000199019 -31.5969601696283 0
-7.500000000199226 -30.51442841490102 0
-10.62500000021559 3.044055981680744 0
-11.87500000021342 3.044055981678618 0
8.124999999725642 20.36456405736832 0
13.12499999971461 20.36456405737569 0
13.74999999971495 19.28203230264844 0
21.24999999976753 -24.01923788648971 0
21.87499999976468 -22.93670613176039 0
-15.00000000026109 38.76760388773307 0
-15.62500000026181 39.85013564246186 0
13.12499999972361 13.8693735290058 0
11.8749999997261 13.869373529004 0
17.49999999974501 -4.533666301381842 0
-2.504809692993604e-10 12.78684177425416 0
-0.6250000002511652 13.86937352898232 0
18.74999999969155 36.60254037829532 0
18.12499999969543 35.52000862356721 0
-7.500000000206025 -8.863793320331306 0
-6.875000000208565 -7.781261565601768 0
25.62499999974772 -16.4415156033851 0
24.37499999975012 -16.44151560338686 0
-28.75000000022233 14.95190528366502 0
-29.37500000022082 13.86937352893478 0
-28.12500000022181 13.86937352893751 0
7.499999999719604 25.77722283100882 0
6.874999999722263 24.6946910762799 0
-8.750000000193403 -32.67949192435916 0
-41.2500000001852 6.29165124581843 0
-14.37500000019435 -22.93670613181676 0
-13.75000000019416 -24.01923788654227 0
-15.00000000018177 -30.51442841491085 0
-1.875000000218351 -22.93670613179683 0
-2.500000000218666 -21.8541743770699 0
25.62499999969662 20.36456405738873 0
16.87499999975773 -12.11138858448344 0
16.24999999975722 -11.02885682975575 0
26.87499999970233 13.86937352901882 0
-19.3750000001813 -22.93670613182298 0
-20.00000000018121 -21.85417437709591 0
4.374999999787802 -35.92708718852578 0
-8.125000000203404 -9.946325075060788 0
-9.375000000201085 -9.946325075062523 0
-10.62500000019886 -9.946325075064271 0
-5.625000000213759 -22.93670613180241 0
4.374999999721608 29.02481809519129 0
-23.12500000023732 24.69469107623673 0
0.6249999997233976 33.3549451141014 0
3.749999999790497 -37.00961894325523 0
-6.875000000211202 -22.93670613180411 0
-27.50000000022128 12.78684177420986 0
-0.6250000002318233 0.8789924722366123 0
-10.62500000020314 -22.9367061318095 0
26.87499387372879 5.209118011334906 0
-34.37500000021066 13.86937352892724 0
-35.62500000020782 13.86937352892537 0
4.374999999790917 -38.09215069798288 0
-10.00000000020152 -8.863793320334789 0
-14.37500000018198 -31.59696016963769 0
-25.62500000017506 -16.44151560346274 0
-25.00000000017477 -17.52404735819014 0
-18.12500000020003 -9.946325075082807 0
-17.50000000020083 -8.863793320352237 0
-6.875000000250846 22.52962756680399 0
-8.125000000249958 22.52962756680277 0
-7.500000000249499 21.44709581207455 0
26.87499999970536 11.70431001956196 0
-29.37500000019306 -1.286071037264874 0
21.8749999997049 20.36456405738483 0
23.12499999970199 20.36456405738612 0
1.874999999754479 7.374183000612761 0
0.6249999997568594 7.37418300061089 0
1.249999999757345 6.291651245883065 0
-6.250000000186612 -41.33974596218196 0
-5.625000000189337 -40.25721420745294 0
-11.87500000019394 -27.2668331507231 0
-10.62500000019689 -27.2668331507213 0
41.9134425430796 -14.10319979241588 0
-10.6250000002019 -7.781261565606919 0
13.74999999972085 14.95190528373512 0
14.37499999972095 13.86937352900757 0
11.87496127952891 35.52085927548272 0
21.24999999974786 -11.02885682974856 0
-17.50000000015925 -43.50480947163848 0
-16.87500000016271 -42.42227771691093 0
-30.62500000022375 18.19950054784739 0
-3.125000000264881 29.02481809518233 0
-10.00000000019368 -30.5144284149046 0
-9.375000000193609 -31.59696016963188 0
-8.125000000181313 -42.42227771691232 0
-19.37500000018544 -18.60657911291216 0
0.6249999997210803 35.5200086235587 0
1.874999999718559 35.52000862356002 0
13.12499999971773 18.19950054791927 0
-12.50000000019399 -26.18430139599604 0
-11.8750000001971 -25.10176964126709 0
-13.12500000019411 -25.10176964126893 0
-31.87500000017953 -7.781261565642518 0
-15.00000000018787 -26.18430139599978 0
-14.37500000019105 -25.10176964127123 0
-15.62500000018792 -25.10176964127312 0
-3.750000000262538 27.94228634045281 0
-4.37500000026013 26.8597545857232 0
-3.125000000262198 26.8597545857248 0
-10.00000000021805 4.126587736410631 0
-9.375000000260037 33.35494511409481 0
-14.37500000018788 -27.26683315072668 0
-13.12500000019095 -27.26683315072495 0
-42.50053816353764 12.7867849011896 0
-11.25000000020246 -6.698729810879062 0
13.1249999997207 16.03443703846261 0
-43.12047735984457 20.36717520494328 0
44.61360418522661 -8.170488779291954 0
43.5423154952184 -7.549249811021689 0
33.12499873718549 -25.10177037013819 0
-33.1250000001844 -3.451134546728632 0
-33.75000000018508 -2.368602792000698 0
-11.25000000020009 -24.01923788653811 0
9.374999999711768 29.02481809519706 0
4.999999999809214 -47.83493649053841 0
-7.500000000211417 -21.85417437707719 0
-10.62500000021869 5.209119491137537 0
14.99999999972123 12.78684177427995 0
18.1249999996968 33.3549451141125 0
18.74999999969639 32.27241335938592 0
-30.62500000017455 -12.11138858455664 0
-31.87500000017272 -12.11138858455849 0
-9.375000000196659 -29.43189666017562 0
-28.75000000011599 -41.33974596220131 0
-15.62500000018474 -27.26683315072857 0
23.12499999977554 -33.76202367904644 0
24.37499999977341 -33.76202367904405 0
30.62497102758324 -3.451141736062922 0
29.37498234886312 -3.451138913201152 0
24.37499999969936 20.36456405738711 0
-8.125000000232774 9.539246510055555 0
-31.87500000022301 18.19950054784394 0
18.12499999974549 -5.61619805610969 0
18.74999999974587 -6.698729810837461 0
11.87499999971741 20.36456405737393 0
26.24999708115134 6.29165054088025 0
25.62499679229416 5.209118716370762 0
-25.62500000020137 0.8789924721997355 0
-25.0000000002005 -0.203539282526907 0
-24.37500000020312 0.8789924722033009 0
-25.62500000019493 -3.451134546716091 0
-24.37500000019715 -3.451134546714753 0
-5.625000000198449 -33.76202367908289 0
-6.250000000198691 -32.67949192435556 0
20.6249999996805 39.85013564247716 0
-24.37500000013713 -40.25721420746829 0
-41.8750000001795 3.044055981631604 0
-21.25000000024299 27.94228634042754 0
-36.25000000020814 14.95190528365252 0
-35.62500000021142 16.03443703838173 0
-30.00000000018741 -4.53366630145263 0
-30.62500000018483 -5.616198056182668 0
9.999999999714234 25.7772228310119 0
21.87499999974836 -12.11138858447628 0
22.49999999974881 -13.19392033920396 0
1.874999999757758 5.209119491155143 0
-18.12500000019315 -14.27645209399796 0
-17.50000000019548 -13.19392033926729 0
-6.250000000253185 23.6121593215339 0
16.8749999997544 -9.946325075026227 0
15.62499999975675 -9.946325075027987 0
0.6249999997630337 3.044055981695788 0
-28.12500000017359 -14.27645209400932 0
-5.625000000255413 24.69469107626372 0
-6.875000000253534 24.69469107626202 0
-5.00000000021064 -8.863793320327815 0
-5.625000000207997 -9.946325075057311 0
0.6249999997339845 24.69469107627235 0
1.249999999734227 23.61215932154452 0
26.87499999976294 -29.43189666012333 0
15.62499999971848 13.86937352900927 0
16.87499999971593 13.86937352901104 0
-4.375000000262813 29.02481809518072 0
-5.000000000263146 30.10734984990896 0
-5.625000000260803 29.02481809517945 0
10.62499149610876 33.35512694363925 0
31.87499999968846 18.19950054793919 0
33.12499999968676 18.19950054794085 0
-5.625000000216795 -3.451134546685251 0
-5.000000000216614 -4.533666301413131 0
-10.62500000019996 -25.10176964126522 0
22.49999999977837 -34.84455543377626 0
20.62499999970033 26.85975458575006 0
-1.875000000264361 26.85975458572647 0
-0.625000000266543 26.85975458572802 0
-2.663147480319594e-10 25.77722283100015 0
-40.62500000018479 5.209119491090664 0
-5.000000000257776 25.77722283099352 0
-4.375000000257426 24.69469107626539 0
-31.87500000018295 -5.616198056184551 0
-31.25000000018217 -6.698729810912561 0
28.74927746889458 40.9390927401369 0
14.37499999980219 -42.42227771689045 0
-2.561797440847613e-10 17.11696879317044 0
-0.6250000002538866 16.03443703844056 0
-18.12500000020123 -7.781261565624171 0
-41.87500000018252 5.209119491088872 0
-20.61684287304414 39.85237658725974 0
-24.37500000017475 -18.60657911291757 0
-16.87500000018148 -27.26683315073032 0
-2.500000000261953 25.77722283099686 0
20.62499999975068 -12.11138858447806 0
28.12499558644145 -1.286072103297292 0
28.74998234886275 -2.368607158473292 0
28.74999999967859 27.94228634049006 0
28.12499999967811 29.02481809521712 0
-32.50000000018366 -4.533666301456567 0
-42.50000000017986 4.126587736359339 0
36.87069106345743 22.53211533235106 0
35.62230866802626 22.53118140791487 0
-0.625000000256411 18.19950054789845 0
-3.125000000256565 22.52962756680937 0
-3.750000000257183 23.61215932153748 0
-5.625000000213919 -5.616198056142787 0
-10.62500000024743 20.36456405734182 0
0.6249999997601382 5.209119491153272 0
26.87499425181866 0.8789910837536985 0
16.24999999975067 -6.698729810841189 0
15.62499999975349 -7.781261565570729 0
16.87499999975111 -7.781261565568923 0
-33.12500000022022 18.19950054784204 0
-32.50000000022006 17.11696879311469 0
26.87499999975744 -25.10176964120926 0
26.24999999975738 -24.01923788648194 0
27.499995586441 -0.2035403485694646 0
-33.1250000001877 -1.286071037270928 0
-31.87500000007281 -48.9174682452774 0
-21.87500000024414 29.02481809515652 0
18.12499999975541 -12.11138858448171 0
39.99887378491711 -26.18495161633638 0
39.3747272868253 -27.26699060151062 0
-48.91849028667748 -38.12266258930618 0
-19.37500000018411 -20.77164262236726 0
-5.625000000258116 26.85975458572153 0
-29.3750000001833 -7.781261565638816 0
-30.62500000018141 -7.781261565640635 0
8.749999999714074 27.9422863404672 0
-26.87500000013877 -33.76202367911013 0
-28.12500000013447 -33.76202367911235 0
-13.75000000017205 -41.33974596218139 0
-14.37500000017063 -42.42227771690921 0
-3.750000000226672 1.961524226961539 0
-3.125000000228953 3.044055981691314 0
-19.375000000192 -14.27645209399862 0
-30.6181154265898 39.85211837289171 0
-29.99885257131815 38.76793434279367 0
-18.75000000020107 -6.698729810896049 0
-19.37500000020041 -7.781261565626992 0
-6.875000000205686 -9.94632507505905 0
13.12499999975141 -3.451134546659484 0
11.87499999975374 -3.451134546661244 0
-6.875000000214524 -3.451134546686856 0
-18.12500000019699 -12.11138858454005 0
-5.625000000210943 -7.781261565600105 0
-6.2500000002112 -6.698729810872303 0
-18.75000000019761 -11.02885682981229 0
-19.37500000019511 -12.11138858454184 0
-23.1250000001614 -27.26683315074069 0
-8.750000000212642 -2.368602791960423 0
-5.625000000186438 -42.42227771690894 0
-5.00000000018626 -43.50480947163595 0
-23.12500000012012 -48.91746824527485 0
48.80623734196676 -23.19838009032805 0
48.80623734196676 -24.44838009032149 0
-48.86654890472131 23.09546271184132 0
-48.86654890472131 24.34546271183476 0
-16.87500000017304 -33.76202367909534 0
-3.123348074385344 35.52046212939437 0
-43.12500000017725 3.044055981629838 0
1.8749999997372 20.3645640573594 0
0.6249999997392676 20.36456405735775 0
-41.85285449522424 -48.9302539584233 0
48.8885874434045 -40.64137692014776 0
48.8885874434045 -41.89137692014565 0
41.872112046524 48.85205851576823 0
-48.86063992093432 40.55144761484979 0
-48.86063992093432 41.80144761484767 0
39.37491580996267 31.1899302116674 0
20.62499999975398 -14.27645209393525 0
19.99999999975356 -13.1939203392076 0
-25.62500000019813 -1.286071037258079 0
-26.25000000019576 -2.368602791987895 0
19.37499999969696 31.189881604658 0
-19.37500000019815 -9.946325075084594 0
-18.12500000025171 33.35494511408129 0
-19.37500000025096 33.35494511407968 0
-6.875000000248246 18.19950054788999 0
-5.000000000221976 -0.2035392824978953 0
-4.375000000224235 0.8789924722319011 0
19.37499999975307 -12.11138858447989 0
-9.375000000202895 -25.10176964126342 0
-35.00000000021451 17.11696879311089 0
-34.37500000021417 16.03443703838363 0
0.6249999997533362 9.539246510068359 0
19.99999999969701 30.10734984993162 0
-9.375000000199826 -27.2668331507195 0
-10.00000000019991 -26.18430139599239 0
-18.75000000023588 19.28203230259809 0
1.874999999734499 22.5296275668167 0
2.499999999734781 21.44709581208891 0
-23.75000000018784 -11.02885682981861 0
-23.12500000019055 -9.946325075089113 0
-31.87500000018971 -1.286071037269052 0
30.6249999997498 -25.10176964120373 0
31.87499999974685 -25.10176964120189 0
-0.6250000002638173 24.69469107627073 0
-1.87500000026171 24.69469107626895 0
-1.25000000026141 23.61215932154115 0
0.6249999997367538 22.52962756681512 0
14.99999999975627 -8.863793320300225 0
41.77444463429013 37.64458384769208 0
40.5902182485172 37.67076812233741 0
10.62494017133401 37.68850092937069 0
-29.37500000017646 -12.11138858455464 0
-18.12500000016669 -35.92708718855059 0
9.374999999722956 20.36456405737039 0
10.62499999972019 20.36456405737216 0
-34.37500000021706 18.19950054784027 0
-21.87500000018694 -14.27645209400183 0
-22.50000000018713 -13.19392033927423 0
10.62499999977869 -18.60657911286355 0
9.999999999778183 -17.52404735813579 0
-19.3750000002025 -5.616198056168351 0
-3.125000000259546 24.69469107626728 0
-2.21183737991737e-10 -26.18430139597768 0
-0.6250000002183835 -27.26683315070616 0
-17.50000000018149 -26.18430139600357 0
9.374999999714227 26.85975458573922 0
21.87499999975163 -14.27645209393345 0
-29.37500000023489 26.85975458568527 0
-30.62500000023268 26.85975458568292 0
18.1249999997905 -38.09215069797006 0
19.37499999978857 -38.09215069796828 0
-21.87500000013944 -44.5873412263697 0
11.24997793330136 36.60419148093017 0
16.87499999974781 -5.616198056111536 0
23.74999999969104 27.94228634048215 0
-1.875000000249665 13.86937352898059 0
-3.125000000248214 13.86937352897866 0
-24.37500000016641 -22.93670613182863 0
17.49999999975158 -8.863793320296686 0
34.37499999975836 -33.76202367902688 0
34.99999999976093 -34.84455543375491 0
39.3739967369298 -25.10234887523315 0
-30.00000000021789 12.78684177420546 0
-30.62500000021519 11.704310019476 0
-4.375000000213276 -7.781261565598349 0
28.12499999968508 24.69469107630487 0
-8.125000000202636 -27.26683315071779 0
-6.87500000020531 -27.2668331507161 0
-11.8750000002286 9.539246510050427 0
20.62499999977014 -25.10176964121931 0
27.49999999967779 30.10734984994386 0
11.8749999997235 16.03443703846083 0
10.62499999972633 16.03443703845884 0
11.24999999972633 14.95190528373135 0
-32.50000000017019 -13.19392033928638 0
11.87499999977657 -18.60657911286201 0
-29.37500000016833 -14.27645209400989 0
-28.75000000016618 -15.35898384873666 0
6.249999999736807 14.95190528372313 0
5.624999999739384 13.86937352899339 0
6.874999999736861 13.86937352899568 0
-24.37500000023325 22.52962756677684 0
-37.47358312754264 -26.16904960751856 0
-38.10022865315761 -25.08746789744428 0
-33.12500000021331 13.86937352892914 0
-32.50000000021286 12.78684177420183 0
45.49939735208478 -13.846449901481 0
29.37499999975562 -27.26683315066217 0
28.74999999975829 -28.34936490539144 0
11.87499999977345 -16.44151560340481 0
11.24999999977308 -15.35898384867706 0
10.62499999977576 -16.44151560340643 0
-16.87500000016779 -38.09215069800291 0
39.33467899134049 13.90296334494811 0
38.71154748322494 14.98657387396911 0
-16.25000000016501 -41.33974596218335 0
-15.62500000016853 -40.25721420745543 0
22.49999999978599 -39.17468245269232 0
23.12499999978267 -38.09215069796176 0
21.87499999978479 -38.09215069796436 0
-31.87500000021961 16.03443703838742 0
46.7526118176949 -3.125077055699405 0
5.624999999724714 24.69469107627829 0
10.62500285948943 35.52110493488299 0
21.87499999976782 -25.10176964121699 0
-31.87500000018635 -3.451134546726724 0
-21.87500000023142 18.19950054786538 0
-36.87500000026579 37.68507213297336 0
-37.50000000026645 38.76760388770282 0
25.62499999975405 -20.77164262229834 0
24.3749999997565 -20.77164262229999 0
24.99999999975679 -21.85417437702726 0
8.12499999971698 26.85975458573819 0
32.49999999967531 25.77722283104121 0
31.87499999967768 24.69469107631 0
33.12499999967565 24.6946910763142 0
-16.25000000018787 -24.0192378865463 0
-16.87500000018469 -25.10176964127486 0
-20.62500000018955 -14.27645209400022 0
-23.12500000024369 29.02481809515458 0
-22.50000000024563 30.10734984988547 0
-23.12500000015793 -29.43189666019659 0
-22.50000000015875 -30.5144284149224 0
18.11958533203104 44.27231456058618 0
-18.12500000018143 -25.10176964127675 0
-18.75000000018138 -24.0192378865499 0
-20.00000000023287 17.11696879313928 0
-18.7500000001516 -45.66987298109294 0
-18.1250000001554 -44.58734122636574 0
-6.87500000020218 -29.43189666017209 0
-8.125000000199469 -29.43189666017392 0
-14.37500000022619 9.539246510049011 0
-15.62500000022513 9.539246510047306 0
29.37499999969228 18.199500547936 0
-4.375000000265336 31.18988160463856 0
30.62499999975623 -29.431896660117 0
29.37499999975824 -29.43189666011892 0
29.99999999975851 -30.51442841484639 0
-15.62500000025907 37.68507213300283 0
-1.250000000251942 14.95190528371067 0
-18.12500000018456 -22.93670613182112 0
-13.12500000017548 -40.25721420745362 0
-12.50000000017858 -39.17468245272475 0
-0.6250000002740657 33.35494511410037 0
-20.62500000025052 33.35494511407833 0
-21.87500000025014 33.35494511407668 0
-23.12500000025017 33.35494511407551 0
-24.37500000019988 -1.286071037254513 0
-37.00615266003445 -35.81921957667281 0
-24.37500000023929 26.85975458569334 0
-23.7500000002413 27.94228634042372 0
11.24999999972035 19.28203230264488 0
-38.11739486283485 -38.09639269929929 0
-14.37500000017222 -40.25721420745394 0
-15.00000000017196 -39.17468245272767 0
-16.2500000002627 40.93266739719071 0
-16.86252604111415 42.00799730824703 0
19.37499999968207 42.01519915192882 0
18.74999999979395 -41.33974596215663 0
18.12499999979636 -42.42227771688397 0
-17.50000000025351 34.43747686881179 0
-30.00000000017383 -13.19392033928455 0
-26.87500000017119 -16.44151560346368 0
-6.875000000183948 -42.42227771691047 0
-43.12500000018996 13.86937352891567 0
-36.21370997385898 -28.32841284904246 0
-36.84305471046314 -27.24838952916014 0
-33.12500000016337 -14.27645209401214 0
-31.8750000001651 -14.27645209401231 0
-1.875000000242094 9.539246510064697 0
-0.6250000002442133 9.539246510066544 0
-0.6250000002763828 35.52000862355766 0
-2.764140027977646e-10 34.43747686882969 0
-8.750000000199613 -28.3493649054467 0
-33.1249260756949 -16.44147292315519 0
-33.74997189471424 -15.35896762205036 0
12.49999999977388 -17.52404735813253 0
-3.125000000224206 -1.286071037224184 0
-4.375000000221799 -1.286071037225941 0
-23.12500000023233 20.36456405732095 0
30.62499999969032 18.19950054793748 0
0.6249999997779352 -25.10176964124926 0
-0.6250000002199732 -25.10176964125116 0
22.49999999976168 -21.85417437703115 0
23.12499999975884 -20.77164262230187 0
-21.87500000023415 20.36456405732277 0
-22.50000000023459 21.44709581205069 0
-33.75000000021373 14.95190528365636 0
48.89857041636861 -31.88864356519697 0
-48.91746824527845 31.87500000006975 0
41.249108333767 -37.01010390148761 0
21.24999999969755 27.94228634047856 0
-16.87500000017048 -35.92708718854929 0
-17.50000000016987 -34.84455543382322 0
-6.250000000258345 27.94228634044974 0
-6.875000000255991 26.85975458572005 0
-6.87500000021154 -5.61619805614445 0
-7.500000000211972 -4.533666301416535 0
44.41170371991419 -42.41673681610462 0
45.00524338837877 -43.50401791431982 0
-30.00000000019382 -0.2035392825371306 0
-21.87500000018997 -12.11138858454505 0
-23.12500000018751 -12.11138858454647 0
39.99938125054739 -21.85453161200676 0
23.12499999969101 29.02481809520875 0
-46.75465214174473 -30.62499999988961 0
-2.435558421609585e-10 8.456714755338769 0
-0.6250000002406901 7.374183000609074 0
21.87499999969452 29.02481809520672 0
-44.55265736938108 13.87942514574771 0
-20.00000000019205 -13.1939203392712 0
18.12499999974876 -7.781261565567147 0
26.87499999975163 -20.77164262229661 0
4.999999999782053 -30.51442841488486 0
-16.87500000016033 -44.58734122636413 0
-25.62500000026086 39.85013564246096 0
39.3736435384784 -22.93748928499837 0
28.12499999970019 13.86937352902009 0
-39.99095748682165 -8.86858039519552 0
-39.37500000015203 -9.946325075101264 0
27.49999999975184 -21.85417437702391 0
-23.12500000015494 -31.5969601696506 0
-4.375000000250479 18.19950054789322 0
-5.625000000249178 18.19950054789175 0
12.49999999972069 17.1169687931901 0
-15.62500000016649 -42.42227771690929 0
-15.00000000016832 -43.50480947163679 0
8.749999999736895 10.6217782648137 0
8.124999999739865 9.539246510084146 0
21.24999999978378 -37.00961894323609 0
21.87499999978109 -35.92708718850618 0
48.89715125247918 -20.59712649542458 0
21.87499999978942 -40.25721420742213 0
23.1249999997873 -40.25721420741952 0
-20.62500000019266 -12.11138858454344 0
38.12486953714647 -27.26690847325577 0
26.87499999975453 -22.93670613175293 0
-25.62500000023437 24.69469107623286 0
29.37499872730725 9.53924620273474 0
9.999999999726368 17.11696879318632 0
10.62499999972332 18.19950054791571 0
29.37499999968567 22.52962756684993 0
28.74999999968542 23.61215932157743 0
-13.75000000016643 -45.66987298109129 0
-14.37500000016063 -46.7524047358187 0
-8.125000000253927 26.85975458571835 0
-7.500000000253697 25.77722283099014 0
10.62499999972893 13.86937352900201 0
9.374999999731592 13.86937352900027 0
-33.12500000021682 16.03443703838552 0
-7.50000000018114 -43.5048094716393 0
-31.2500000001596 -15.35898384873765 0
-30.62500000016642 -14.27645209401189 0
28.12499999967402 31.18988160467246 0
9.999993311576061 34.43781316756139 0
46.87070517596352 36.86780989942261 0
29.37499999976077 -31.59696016957621 0
-30.00145714257535 -39.17348401364031 0
39.35932730029205 22.53867620407925 0
39.93484581063051 21.47579527311099 0
40.57033088876229 22.55227346516 0
-15.62500000019105 -22.93670613181879 0
-16.87500000018781 -22.93670613182053 0
29.99999999975267 -26.18430139593282 0
-6.875000000234206 9.539246510057422 0
-5.625000000235971 9.539246510059215 0
-25.61252604111916 44.17306081771969 0
-25.62500000017091 -18.60657911291869 0
37.48509614969707 21.45570055393472 0
38.10943713592061 22.53861279044659 0
-18.75000000016871 -32.67949192437051 0
-1.875000000231697 3.044055981692329 0
-2.50000000023151 4.126587736420684 0
-18.75000000018656 -19.68911086763961 0
6.874999999734244 16.03443703845272 0
-1.250000000215287 -28.3493649054351 0
-1.875000000212385 -29.4318966601643 0
29.37499999967896 26.85975458576296 0
15.62499999975019 -5.61619805611334 0
-8.125000000212236 -3.451134546688457 0
-23.75000000019388 -6.698729810902804 0
-23.12500000019651 -5.616198056172808 0
-33.12500000020609 9.539246510016032 0
-33.7500000002066 10.6217782647434 0
-37.50000000023639 25.77722283095614 0
-36.87500000024012 26.85975458568417 0
43.65070019655612 15.10261887199225 0
-23.12500000013444 -44.58734122637115 0
-18.12500000018692 -20.77164262236655 0
19.37499999968856 37.68507213302225 0
18.12499999969241 37.68507213302221 0
-16.8750000002608 39.85013564246033 0
-10.00000000024974 25.77722283098629 0
-9.375000000252129 26.85975458571685 0
-3.125000000226703 0.8789924722333218 0
-32.50000000019661 4.1265877363735 0
-17.50000000018773 -21.8541743770936 0
-24.37500000023595 24.69469107623484 0
-25.00000000023658 25.7772228309629 0
-25.62500000023771 26.85975458569136 0
26.24999999976804 -32.67949192431148 0
26.87499999976529 -31.59696016958107 0
31.24999999968775 19.2820323026672 0
17.49999999979301 -39.17468245269974 0
25.62499999975718 -22.93670613175462 0
24.37499999975963 -22.93670613175627 0
-21.25000000019303 -11.02885682981568 0
19.37499999968518 39.85013564247598 0
19.99999999968474 38.76760388775033 0
-26.87500000026298 39.85013564245926 0
-27.49885257131538 38.76793434279908 0
-39.37500000022621 22.52962756676943 0
9.374999999729198 16.03443703845684 0
-26.25000000024024 27.94228634042023 0
-0.6250000002372645 5.209119491151447 0
-1.250000000237596 6.291651245879756 0
-1.875000000234586 5.209119491150007 0
-20.62500000019789 -7.781261565628617 0
-21.25000000019825 -6.698729810900332 0
-21.87500000019589 -7.781261565630079 0
-23.12500000024688 31.1898816046147 0
-31.87500000019585 3.044055981645694 0
-35.62499825159793 42.02227282498723 0
-34.37498775956099 42.02306313695457 0
-26.25000000014274 -32.67949192438246 0
-31.25000000018895 -2.368602791996796 0
-30.62500000019158 -1.286071037267059 0
48.89715125247918 -21.84712649541802 0
-24.37500000015048 -31.59696016965259 0
-33.12500000020982 11.70431001947257 0
34.37488248266067 5.209088426834827 0
38.12265552810593 7.374924900450574 0
23.12499999977876 -35.92708718850388 0
-31.25012087554427 -41.33964654718405 0
40.62000625397481 -35.92994455602628 0
11.87499999972053 18.19950054791749 0
38.11456832930325 16.0666522432649 0
37.48956832930271 17.14918399799335 0
20.62499999969777 29.02481809520508 0
-34.93764155423849 -30.4784257494166 0
-35.5598842079934 -29.39430204009028 0
-18.12500000022747 11.70431001950022 0
-38.12500000026824 39.85013564243244 0
-38.75000000027082 40.93266739716204 0
-30.62500000018822 -3.45113454672473 0
-26.87500000023753 26.85975458568979 0
-28.12500000023566 26.85975458568786 0
39.36147050469699 39.84232486090301 0
-5.625000000204798 -29.43189666017028 0
-6.250000000205041 -28.34936490544318 0
-5.625000000207928 -27.26683315071429 0
-4.375000000210552 -27.26683315071253 0
31.87498972163148 11.70430414794517 0
-33.09822277775055 44.2382121274862 0
-26.25000000026373 40.9326673971923 0
-28.1250000001129 -44.5873412263749 0
31.87499999976304 -35.92708718848908 0
31.2499999997648 -37.00961894322005 0
-16.87500000022932 11.70431001950199 0
-16.25000000022819 10.62177826477517 0
38.7449222140524 23.61509098249559 0
39.37155989144429 24.69667722374474 0
38.12166972707286 24.69661381011208 0
29.37499996840803 31.18988162272756 0
-32.50000000020496 8.456714755288202 0
-31.87500000020826 9.5392465100173 0
18.12499999968659 42.01519915192942 0
18.74999999968546 40.93266739720342 0
-21.87500000021298 5.209119491121195 0
-15.62500000017408 -35.92708718854819 0
-14.37500000017727 -35.9270871885473 0
30.62499999976698 -38.09215069795172 0
29.99999999976933 -39.17468245267968 0
-2.500000000226714 -0.2035392824946582 0
-35.62500000024587 29.02481809514044 0
-15.00000000023916 17.11696879314539 0
-14.37500000023848 18.19950054787478 0
36.23905023234906 19.28835415379236 0
36.86222527112439 20.37193955037549 0
35.62317503845854 20.36561769925605 0
-8.125000000251468 24.69469107626032 0
-39.35050290742706 -25.08762623822195 0
40.62498195730274 33.35495553094522 0
39.99999109748657 34.43748200858583 0
-23.12500000023463 22.52962756677873 0
-18.12500000016924 -33.76202367909663 0
-15.00000000019429 -21.85417437709098 0
28.12499999976058 -29.43189666012082 0
33.74999999968455 19.28203230267092 0
-0.6250000002610158 22.52962756681337 0
-2.607438709389953e-10 21.44709581208555 0
39.99858035069791 25.7780424657826 0
40.6241900401378 26.86022221615227 0
-11.25000000024645 23.61215932152636 0
-10.62500000024816 24.69469107625636 0
28.12487957249203 39.8512065360764 0
-39.29661738232817 -40.30229480170493 0
-38.67922251959925 -41.38058455517994 0
-3.75000000021028 -28.34936490543942 0
-3.125000000213173 -27.26683315071058 0
-31.87500000021242 11.70431001947439 0
-31.25000000021214 10.62177826474673 0
-23.75000000024838 32.27241335934378 0
-2.500000000256171 21.44709581208159 0
-1.875000000258908 22.52962756681158 0
29.99999996209453 34.43747689055544 0
-0.625000000258502 20.364564057356 0
18.1249999996897 39.85013564247659 0
-22.47948760722185 43.11281126547232 0
27.4999999997027 12.786841774291 0
-16.25000000025718 36.60254037827252 0
-16.87500000025528 35.52000862354213 0
38.10097134358759 20.37843700847102 0
-26.86252604111856 42.00799730825243 0
36.86405023234986 18.205822399064 0
-24.37498982857635 -27.2668272781772 0
-24.99998388067496 -26.18429208942626 0
-25.62497370909099 -27.26681797159031 0
-23.75000000023511 23.6121593215067 0
-38.07873451329962 -27.2401217594744 0
29.37499999968244 24.69469107630644 0
-1.875000000254143 18.19950054789662 0
-3.125000000252244 18.19950054789494 0
-6.250000000249492 19.28203230261933 0
28.12499999970323 11.70431001956322 0
-19.37500000023509 18.19950054786859 0
-20.62500000023316 18.19950054786703 0
-11.87500000019207 -16.44151560343889 0
-10.62500000018499 -35.92708718854421 0
-11.87500000018272 -35.92708718854556 0
-11.25000000018254 -37.00961894327073 0
-20.00000000025215 34.43747686880884 0
-38.7500000002307 23.61215932150018 0
-38.12500000023459 24.69469107622808 0
-33.7041856317165 -32.65304098645991 0
-34.32154990364936 -31.56610074207626 0
-42.49907492466731 -21.85364028452824 0
-36.25000000024263 27.94228634041198 0
-24.37500000024997 33.35494511407342 0
-25.00000000025269 34.43747686880319 0
-25.62500000025459 35.52000862353376 0
-20.00000000019805 -8.863793320356738 0
5.62499999974504 9.539246510078527 0
20.6249999997871 -38.09215069796666 0
-39.37500000027333 42.04643794680958 0
8.12499999973693 11.70431001954131 0
16.24999999979786 -41.33974596215894 0
16.8749999997954 -40.25721420742924 0
-28.12500000012123 -40.25721420747411 0
-29.37500000011546 -40.2572142074758 0
-26.25000000025673 36.60254037826416 0
-26.87500000025901 37.68507213299497 0
-6.875000000173621 -46.75240473581597 0
-8.125000000171985 -46.75240473581636 0
-27.44621859905966 43.10242544563286 0
-28.08369255820694 42.02709553457105 0
-25.62500000014482 -31.59696016965366 0
-26.87500000013999 -31.59696016965589 0
-43.12225524858739 44.206961180173 0
-43.74372346296083 45.32574757621127 0
-44.36622940540809 44.23371508753305 0
-25.62500000013212 -40.25721420747021 0
38.74884150208942 -24.01990674538446 0
38.12467474401133 -25.10195742766648 0
6.874999999742511 9.539246510081199 0
7.49999999974254 8.456714755353904 0
33.12498972163154 9.53924063849046 0
8.124999999742856 7.374183000626467 0
-18.12500000025959 39.85013564245885 0
-17.5000000002587 38.76760388773 0
47.70338859444593 -22.5455065856254 0
-21.25000000023363 19.28203230259469 0
33.12499999975847 -33.76202367902801 0
32.49999999976065 -34.84455543375805 0
19.99999999978958 -39.17468245269656 0
-30.62500000021102 9.539246510018906 0
-4.375000000237812 9.539246510060821 0
-3.12500000023952 9.539246510062885 0
-7.500000000230845 8.456714755328257 0
-25.00000000014773 -30.51442841492603 0
-20.00000000020276 -4.533666301438937 0
-16.87500000025801 37.68507213300117 0
-45.6717993290132 -31.24999999988811 0
-44.59520866976396 -31.88251040366658 0
-36.79438033035454 -29.38535087216381 0
-4.375000000207358 -29.43189666016834 0
41.87429165504599 26.86016354876027 0
42.49930859086676 25.77762201612999 0
43.12474694898167 26.85990068468629 0
38.10361856196775 18.23803760384116 0
-9.375000000250047 24.69469107625851 0
-8.750000000249884 23.61215932153039 0
31.87499999976646 -38.09215069794968 0
32.49999999976882 -39.17468245267918 0
33.12499999976663 -38.0921506979475 0
30.62499999967658 26.85975458576453 0
31.87499999967405 26.85975458576775 0
44.36876798339456 26.87424270026133 0
30.62499999968006 24.69469107630801 0
31.2499999996804 23.612159321581 0
28.74999982617053 10.62177822291519 0
23.12499999976223 -22.93670613175815 0
23.74999999979382 -41.33974596214242 0
24.3749999997904 -40.25721420741262 0
29.99999999967972 25.77722283103544 0
-13.75000000021601 6.291651245863104 0
-13.12500000022039 7.374183000592666 0
33.12499999977075 -40.25721420740955 0
33.74999999977376 -41.33974596213623 0
-1.875000000229152 0.8789924722349793 0
-15.62500000020674 0.8789924722163494 0
-16.25000000020476 1.961524226945513 0
38.11250126952434 3.050163501292134 0
37.48926485946829 4.133102282666353 0
-16.87500000019018 -20.77164262236596 0
-29.3750000001295 -33.76202367911338 0
-30.62500000012589 -33.76202367911573 0
-21.87500000019293 -9.946325075087827 0
-22.50000000019315 -8.863793320359651 0
-18.12500000025436 35.52000862354052 0
-3.125000000209977 -29.43189666016639 0
23.74999999976262 -24.01923788648551 0
23.12499999976518 -25.10176964121452 0
29.37415704173449 39.85763187899764 0
-2.36851649404457e-10 4.126587736423525 0
-26.87500000012654 -40.25721420747197 0
-30.62500000026305 37.68507213298729 0
-31.87500000026369 37.68507213298489 0
-35.6250000002644 37.68507213297672 0
-14.37500000016772 -44.58734122636422 0
33.12499999976187 -35.92708718848698 0
-3.125000000231842 5.209119491148993 0
-29.32680798453098 42.0290782650089 0
19.37499999979156 -40.25721420742714 0
20.62499999979009 -40.25721420742551 0
-1.875000000256234 20.36456405735417 0
-1.250000000256223 19.28203230262636 0
-40.52765479980319 -25.06809983883315 0
-39.88641482275524 -26.14125543844402 0
-23.1250000001935 -7.781261565631366 0
41.24962839825271 27.94250088470858 0
-17.44621859904846 43.10242544562685 0
-18.083692558196 42.02709553456899 0
-28.75000000013295 -32.67949192438572 0
-41.79424310835266 -22.90478629847595 0
-41.16603962599157 -23.98546852180378 0
27.4999999997629 -30.5144284148508 0
40.62183283767746 24.69651963816611 0
-26.87500000011856 -44.58734122637335 0
-3.125000000253891 20.36456405735196 0
33.12499999978614 -42.42227771686818 0
31.87499999977253 -42.42227771687516 0
32.49999999978616 -43.50480947160123 0
-1.875000000215996 -27.26683315070852 0
40.65420928478765 41.97229340764142 0
37.49985173166424 -26.18438699852854 0
-1.250000000231812 1.961524226964592 0
28.74999996840718 32.27241337745386 0
29.37499996840337 33.35494513218222 0
8.124999999734154 13.8693735289983 0
7.499999999736731 12.78684177426856 0
-13.12500000024064 16.03443703842011 0
-14.37500000017507 -38.0921506980003 0
-15.62500000017138 -38.0921506980018 0
21.2499999997914 -41.3397459621527 0
21.87499999979672 -42.42227771687767 0
33.12499999970025 7.374183000655575 0
32.49999905781644 8.456714527852334 0
-20.62500000025295 35.52000862353773 0
-21.25000000025405 36.60254037826761 0
21.24999999970577 19.28203230265669 0
43.7437510475738 27.95678423289161 0
22.49999999976779 -26.18430139594413 0
-13.75000000020956 1.961524226947278 0
-14.37500000020752 0.8789924722179527 0
3.749999999804148 -45.6698729810816 0
3.124999999808965 -46.75240473581051 0
4.374999999806905 -46.75240473580941 0
-23.75000000019916 -2.368602791983542 0
-35.52446291389984 -31.53891505587129 0
-38.1359235282424 -29.52425281631137 0
-37.48209776237682 -30.59014200735919 0
38.73323737657878 36.59579429120375 0
39.35823863212602 37.67832532104161 0
8.124999999731763 16.03443703845486 0
-5.625000000176346 -46.75240473581523 0
-6.250000000179643 -45.66987298108781 0
15.6249999997998 -42.42227771688799 0
16.87499999979776 -42.42227771688623 0
-20.62500000019563 -9.946325075086218 0
-28.12500000020345 5.209119491108949 0
-13.12500000017796 -38.09215069799913 0
-13.75000000017739 -37.00961894327325 0
-31.87500000012304 -33.76202367911678 0
-33.1250000001203 -33.76202367911914 0
41.2376810340121 23.59452904463193 0
-19.37500000014546 -46.75240473582089 0
-27.50000000020236 4.12658773638221 0
33.74997638116363 6.291642864633849 0
-18.12500000025681 37.6850721329997 0
-28.12385257131428 37.68540258806614 0
-29.37385257131555 37.68540258806387 0
-14.37500000023907 16.03443703841807 0
-0.625000000234369 3.044055981693962 0
-16.2500000001709 -37.00961894327555 0
-9.375000000187608 -35.92708718854215 0
-34.32918563171452 -33.73557274119017 0
-35.71033829163486 -33.6277051292804 0
-22.50000000021098 4.126587736391755 0
18.12499999979344 -40.25721420742768 0
31.87499999977058 -40.25721420741173 0
-2.500000000216269 -26.18430139598163 0
-1.875000000218771 -25.10176964125265 0
39.99985401789306 30.10743413260639 0
40.62490885901002 31.18993422480439 0
-43.04516818382281 -22.90532039104877 0
29.99999999968604 21.4470958121223 0
30.62499999968315 22.52962756685138 0
39.35823343328382 35.5132648131387 0
-36.87500000026837 39.85013564243519 0
-11.87500000024568 22.52962756679668 0
38.7370510965936 6.298838306026235 0
8.74999999973172 14.95190528372739 0
-1.248348074389974 36.60299388412413 0
-1.873348074387469 35.52046212939513 0
17.4999999997983 -43.50480947161302 0
28.12499999976292 -31.59696016957857 0
20.62499999970616 20.36456405738384 0
-6.87500000019987 -16.44151560342853 0
14.99999999980208 -43.50480947161773 0
-11.87500000018089 -38.09215069799771 0
31.87499999977558 -44.58734122634041 0
41.24998231831216 32.27242356778814 0
41.87499362453527 33.35494879486797 0
31.8749999996847 20.36456405739634 0
33.12469583947925 20.36473966437392 0
32.49969583947806 21.44727141910133 0
38.12499999980176 -42.42227771685175 0
39.37499999980236 -42.42227771684892 0
-1.250000000219652 -24.01923788652423 0
-36.87462228711221 44.21175391669573 0
43.04313612440917 33.36923750304493 0
42.41813576339976 34.45176946620201 0
25.6249999997703 -33.76202367904133 0
26.87499999976757 -33.76202367903868 0
-13.7500000002392 19.28203230260553 0
40.62468692514246 29.02499884892199 0
-3.750000000232061 6.291651245877431 0
15.62499999980258 -44.58734122634557 0
34.37499999978738 -42.42227771686231 0
-5.000000000234117 8.456714755331728 0
34.3749702874715 -35.92709998230494 0
-6.875000000211946 -20.7716426223484 0
-21.8750000001985 -5.616198056170918 0
-38.12500000027269 42.04643794681236 0
-18.75000000025516 36.60254037826942 0
-19.37500000025339 35.52000862353907 0
-15.62500000020501 3.044055981674014 0
-8.125000000209319 -20.77164262235024 0
-3.75000000025219 19.28203230262281 0
41.87478854005066 29.02494018152998 0
-33.12500000026409 37.68507213298166 0
-34.37500000026435 37.68507213297926 0
28.74999999976316 -32.67949192430648 0
28.12499999976493 -33.7620236790367 0
-36.87500000027094 42.02040561771736 0
-37.50000000027346 43.1341761673649 0
43.13024338837673 -42.42148615958982 0
-26.87500000010197 -48.91746824527446 0
41.86470149326573 24.67589428666978 0
-33.12500000006587 -48.91746824528159 0
-34.37500000005487 -48.91746824528159 0
48.91746824527898 -33.12500000005966 0
-48.91746824527898 33.12500000005966 0
-21.87378519652982 37.68536368922506 0
38.11234425872213 5.216620659132333 0
-31.8750000002319 26.85975458568095 0
-18.12500000023559 18.19950054787034 0
3.124999999802268 -44.58734122635409 0
27.49999999976718 -34.84455543376656 0
-1.875000000238011 7.374183000607635 0
-41.70195154131976 -25.03909772202585 0
43.91911481259474 32.33677225506763 0
-38.7500000001091 -37.00961894331775 0
-39.36739486283404 -38.09639269930129 0
-23.75000000020466 1.961524226933174 0
31.87499999968076 22.52962756685337 0
29.37499999977447 -40.25721420740568 0
30.62499999977378 -40.25721420740735 0
41.87492052624255 31.18992748872714 0
33.7499702874739 -37.00963173703596 0
-11.87500000020362 -20.7716426223579 0
1.874999999804319 -44.58734122635538 0
-3.125000000217583 -20.7716426223428 0
-13.12500000018015 -35.92708718854612 0
-30.62645714257012 -40.2560157683675 0
34.99787087825325 21.44832506095905 0
34.37469583947791 20.36473966437591 0
-18.74305767677212 40.93461678576288 0
-19.36805767677002 39.85208503103257 0
30.62499999968656 20.36456405739462 0
39.30421883101338 3.090675681665967 0
17.49999557844389 34.43755202999343 0
44.37305996679453 -44.5910696385436 0
45.61781657819809 -44.59186119579617 0
-20.62500000020051 -5.616198056169456 0
-35.00000000026652 38.7676038877081 0
-15.62500000015782 -46.75240473581845 0
-15.00000000015547 -47.83493649054541 0
-8.750000000174486 -45.66987298108997 0
-9.375000000169553 -46.75240473581778 0
26.87499999977003 -35.92708718849621 0
-5.625000000250406 20.36456405734843 0
-4.375000000252126 20.36456405735024 0
39.98197894552285 38.76004707624821 0
40.59345012108818 39.8347676621988 0
-32.50000000026606 38.76760388771386 0
-20.62500000013323 -48.91746824527472 0
-21.87500000012668 -48.91746824527472 0
33.12469583947532 22.52980317383096 0
-19.37500000025584 37.68507213299825 0
31.24999999977571 -41.33974596213773 0
30.62499999977573 -42.42227771687078 0
-13.1250000002109 3.044055981676759 0
-14.37500000020878 3.044055981674688 0
-6.875000000249473 20.36456405734667 0
39.35323655710773 5.221834475752579 0
42.96060448496993 35.50136799610956 0
44.36888604082686 29.03923804923208 0
43.12486500641397 29.02489603365704 0
-3.125000000172161 -48.91746824527324 0
-4.375000000170044 -48.91746824527324 0
-12.50000000022376 8.456714755321737 0
-11.87500000022152 7.374183000593202 0
-13.12500000022747 9.539246510049889 0
2.499999999812838 -47.83493649053956 0
-23.12500000020733 3.044055981662924 0
-20.00000000013844 -47.83493649054837 0
-40.6153952684875 33.36059332568104 0
-41.14604546210195 -45.74351285757362 0
-41.75320602768165 -46.83634421455152 0
24.99999999977294 -34.84455543377125 0
-5.000000000172705 -47.83493649054493 0
-15.00000000020634 4.126587736403494 0
-25.62498982856722 -29.43189078763417 0
-26.24992879909106 -28.3493237975224 0
-13.12500000024103 20.36456405733569 0
-11.87500000024475 20.36456405733874 0
-12.50000000024321 21.44709581206616 0
-5.625000000230742 7.374183000603335 0
-6.875000000229004 7.374183000601621 0
-2.500000000238532 8.456714755335144 0
-3.125000000235437 7.374183000605825 0
-4.375000000232582 7.37418300060494 0
-4.375000000185556 -44.58734122636076 0
-31.24252896278367 40.93548743335957 0
-30.60006250774423 42.03609199110011 0
-31.85636061761397 42.03494656639336 0
-11.25000000024524 19.28203230261136 0
-8.125000000227573 7.374183000599755 0
-12.50000000021263 4.126587736406028 0
-16.25000000015972 -45.66987298109157 0
-36.24999825159716 40.93453460443468 0
17.49964363422725 38.77016726274292 0
-35.62499825159536 39.85200284970506 0
-14.375000000212 5.209119491133123 0
-13.12500000021413 5.20911949113415 0
-15.62500000016358 -44.58734122636431 0
5.624999999781867 -31.59696016961201 0
-34.37499825159531 39.85200284970759 0
1.874999999779313 -25.10176964124716 0
29.99999999987196 -47.83493649053861 0
30.62499999984273 -46.7524047358082 0
29.37499999985576 -46.75240473579677 0
-20.62378519652996 37.68536368922543 0
-23.74998982857742 -28.34935903290474 0
-13.12500000020075 -20.771642622361 0
24.37499999978019 -38.09215069795925 0
23.74999999977899 -37.00961894323129 0
-19.99878519653161 38.76789544395571 0
30.62485939926886 37.68632156780322 0
43.12499699260586 31.1898833408542 0
44.54411781965592 31.25423876421094 0
42.49992353330372 30.10739399787045 0
24.37499999977628 -35.92708718850137 0
25.62499999977317 -35.92708718849866 0
-29.37467435400297 -31.59677215777764 0
17.49328177996112 43.15085650176797 0
-28.74995703664846 -24.01921308156441 0
-28.12498587942221 -22.9366979792168 0
33.74913362924833 23.61265952078678 0
-40.63640824966296 -12.10582805471127 0
-14.37500000015318 -48.91746824527283 0
-11.87500000021665 5.209119491136009 0
-31.87441353645954 39.85097294818496 0
34.37382946904563 22.53030337303474 0
29.99973900431145 38.76992419752062 0
-37.49569703712222 -47.83742004569169 0
-36.87297308951979 -46.7535691888296 0
-38.11989421749363 -46.75534753807754 0
26.24999999977337 -37.00961894322634 0
-28.12467435400794 -31.59677215777661 0
36.24996570032157 32.27243316217893 0
-1.87500000018362 -46.75240473581569 0
-39.38609307625055 -14.27229437641404 0
-40.01140824966224 -13.18835980943991 0
25.62499999978748 -40.25721420740669 0
24.99999999978096 -39.17468245268378 0
-39.37500000013931 -12.11138858455632 0
-26.87492285118968 -27.26678860877146 0
-36.87438795458547 -48.91782084822187 0
34.37498336814072 33.35495471638153 0
35.62498021991721 33.35495653401513 0
-24.99999764670995 -21.85417301833163 0
-25.62499764670624 -22.93670477306009 0
-33.74941178778878 40.93537191017869 0
-33.12440304442563 42.02203323542871 0
-2.500000000177722 -47.83493649054495 0
22.49999999980749 -43.50480947160298 0
-32.48193658938619 43.12263779316924 0
-17.50000000022021 8.456714755315922 0
-15.62500000019236 -20.77164262236402 0
-16.25000000019155 -19.68911086763696 0
-24.37498982857288 -29.4318907876331 0
43.74109646297624 -45.67589323552804 0
33.12497060586905 29.02483506575342 0
16.24999999980519 -45.66987298107377 0
-14.37500000019566 -20.77164262236199 0
25.62499999977728 -38.09215069795333 0
-31.87498737018366 -16.4415083115473 0
-32.49991344572028 -17.52399738596442 0
-28.12493579756829 -25.10173257390517 0
-27.49993031728147 -26.18426116458983 0
-26.87497324147643 -25.10175419215471 0
-33.12441353645994 39.85097294818173 0
-30.62498737018498 -16.44150831154688 0
-11.25000000022019 6.291651245865659 0
26.87499999977414 -38.09215069795087 0
-5.625000000183071 -44.58734122636226 0
-26.87498700750652 -22.93669863051657 0
-27.49999416516547 -21.85417100826331 0
-26.24998936096298 -24.01923174401357 0
-16.87500000022358 9.539246510045658 0
-25.62498388067615 -25.10176033469823 0
-34.37466000259115 -18.60638281523121 0
27.49999999977403 -39.17468245267794 0
-8.125000000177712 -44.58734122636484 0
-6.875000000180346 -44.58734122636299 0
-29.37499910201286 -16.44151508491879 0
-28.12499910201812 -16.44151508491822 0
16.87499999980231 -44.58734122634347 0
-9.37500000017528 -44.58734122636626 0
18.12499999980091 -44.58734122634121 0
-40.61595748682377 -7.786048640467994 0
46.92552292799245 -46.90926209172228 0
46.34168342459432 -45.80333893226151 0
19.37499999980541 -44.58734122633976 0
-25.62499764671034 -20.7716412636046 0
-34.37497189471933 -14.27643586732442 0
23.1249999998015 -42.42227771687463 0
-28.1249958759314 -20.77164024124788 0
-28.74999461127378 -19.68910775637181 0
28.74999999978579 -41.33974596213265 0
28.12499999980257 -42.42227771685913 0
29.3749999997957 -42.42227771685983 0
-36.87727553195775 -16.44074633240502 0
-38.13062141777196 -16.440742088826 0
-35.62440659937971 -46.75274200424197 0
-34.99938795460748 -47.83528909350346 0
-28.12499845932321 -18.60657822331628 0
-29.37499435581536 -18.60657585415587 0
30.624136900714 39.85781040158112 0
31.24703067587429 40.95552487543475 0
-35.62438795459577 -48.91782084822187 0
-29.99998647203692 -17.52403954772844 0
36.87499999988586 -46.75240473579223 0
-36.2523421347221 -15.35825303080229 0
-26.24999935747626 -19.68911049658917 0
-26.8749970040157 -20.77164089254765 0
43.1157454432925 -48.9228734692066 0
-26.87499935747628 -18.60657874186174 0
30.62499999987534 -48.91746824527502 0
28.12499999978134 -40.25721420740499 0
-38.76346331626825 -15.35411153989253 0
-27.49999910201786 -17.52404683964581 0
-43.07074492011913 -9.975047524023045 0
-44.28218473661059 -9.991619460329943 0
-42.43015621484469 -8.905225100970707 0
26.87499999980284 -42.42227771685994 0
26.24999999979479 -41.33974596213373 0
-36.24860377975112 -45.67066949662783 0
-30.62498262398749 -18.60656908078397 0
-31.87491723468768 -18.60653132825663 0
-33.12485594019891 -18.60649593986452 0
35.62499999979407 -42.42227771686023 0
40.62587389789729 -42.42214579063533 0
41.87587389789708 -42.4221457906325 0
42.50611728649555 -43.50388598810993 0
36.87499999979531 -42.4222777168569 0
-39.29148964992702 -42.47045853035223 0
-38.11226713042973 -42.42961993740513 0
-44.19922380138498 -7.90750994495721 0
-43.06419872818754 -7.817906271427 0
-41.86595748682212 -7.78604864047249 0
-38.75000000015015 -11.02885682983013 0
-38.12500000014943 -12.11138858455877 0
-35.62497189471573 -14.27643586732265 0
-37.50000000014992 -13.19392033928381 0
-36.87737024016762 -14.27573750276229 0
31.24999999980257 -45.66987298106949 0
26.87499999978536 -40.25721420740491 0
41.87415378267727 -44.58870958509436 0
43.12852327315693 -44.58804995405169 0
27.49999999981275 -43.50480947158712 0
-38.12737024015629 -14.27573750276344 0
-38.74427906458379 -45.67317094205313 0
28.12499999983202 -44.58734122632006 0
28.74999999983904 -45.66987298106008 0
-38.11085226532435 -44.59549529689644 0
-39.35796106001695 -44.59716955773412 0
41.24827988460468 -45.67137326603912 0
-36.87368633302843 -44.58806984526376 0
29.3749999998195 -44.58734122632634 0
-37.48736832846159 -43.51206846094475 0
-40.44872702561072 -42.52628879278043 0
-39.8817716364412 -43.57532417500563 0
-40.51519843570064 -44.65299982016232 0
-41.66985603852621 -44.72166747484513 0
29.99999999979251 -43.50480947159726 0
30.62499999979953 -44.58734122633729 0
46.97386684617857 -44.71628720803773 0
40.63534352536212 -1.252959174497162 0
40.05113096039089 -0.1587835507263373 0
13.10655106046953 46.6355675104702 0
30.60944585961658 46.63180379119291 0
40.62504971542937 0.9658859536940068 0
42.06862925769948 11.5962680839918 0
40.76800655091495 11.71244836084138 0
40.14336986878109 12.7951898772376 0
40.73178584420458 13.91346899646843 0
42.75587399554375 1.787687630349035 0
41.64033540311091 1.137219792176161 0
-44.99026296303155 43.22286602130629 0
-42.36570776175819 -35.62283827869842 0
-42.30875699830648 -34.38743265177484 0
-28.04792632453155 44.20519793745746 0
-18.04791890286744 44.20505742264604 0
-8.062852829115243 44.23227515601813 0
39.98529511366961 -4.624395510575122 0
40.56495741636834 -3.552991495836113 0
-49.08137765675219 -6.854431542185508 0
-49.08137765675219 -5.604431542187622 0
-16.21422634493662 45.27569279472732 0
-26.21423376659105 45.27583330954428 0
42.69642279067136 12.36362330086471 0
43.92191674705197 5.097319943242384 0
43.29600273015602 6.24133837860099 0
-37.88693426976292 -31.54556231036446 0
0.7042738297431177 42.02806929762669 0
42.60256696358612 13.36512311982836 0
43.75851303261229 12.92305089193515 0
-40.67166051869165 -38.24648346952148 0
-40.03905538141741 -39.33325722550302 0
40.56248496972865 5.245045805603862 0
40.5134672436343 3.11388701151725 0
39.93777813185717 4.162828158709958 0
-45.38895797166592 -1.359253776909773 0
-46.36872830530656 -1.487749272138037 0
-45.79370186514144 -2.583046271745493 0
-43.5752293045625 -27.51123286008543 0
-44.62404083434403 -26.84117043741381 0
-42.9477144398073 -25.06940363997451 0
-42.30932961361891 -26.15203495700388 0
44.67267383981201 7.827639194212782 0
-44.2421269712719 -48.99418252418103 0
-44.75288067756654 -47.81647372553931 0
-47.97978313433435 44.70289185324751 0
-47.25617450489755 43.47258168453196 0
38.67335162834909 19.32628526049986 0
39.29622250692177 20.41004626405908 0
40.50722609539201 20.42364352513983 0
-26.82675980744316 44.18609971113884 0
-16.8267523857856 44.18595919632408 0
-6.847132289569501 44.21787196306916 0
-6.20916302195219 45.29718397206513 0
2.552870714297562 43.09278407157725 0
1.925411094750288 42.01167237885696 0
-44.71095449793977 -44.27254102995833 0
-44.64046835355525 -43.03298111640579 0
41.83656394760085 41.93323826524265 0
43.00842294058249 41.83130579797774 0
41.15529634307551 40.87799030445484 0
42.9397609000922 7.208760799514315 0
42.40328621932814 8.318615628081698 0
-48.08843923645429 -7.41401122765901 0
-40.44151743804293 -27.18343191929716 0
-39.26436554566681 -27.20295831868596 0
-38.6338371285873 -28.28229824032754 0
-45.05283286280731 -45.60026331305028 0
-43.93643379865215 -44.92227771687634 0
45.40863696119493 43.46970655784828 0
46.6436744799114 43.19357479436816 0
42.98579530650889 37.64333890889102 0
42.42530923413281 38.75124493874293 0
-48.20710213197158 -4.979431542188682 0
-49.1257244752194 -4.374999999819119 0
-46.91370940012949 -21.87499999984823 0
-45.91093263253112 -23.74127651515163 0
-46.90570147870325 -23.12499999985468 0
-40.60088303818578 -40.45238557192512 0
45.88694838420485 36.26518967254979 0
46.85117969876585 35.64737977305739 0
48.05209107274592 24.95579261697773 0
-48.01831435466809 24.97046271183149 0
46.7960675964331 41.76973666644061 0
45.78228457566365 41.12084720395568 0
-43.3463442218942 -23.8008922941914 0
-43.95372229419335 -24.91382952916944 0
-42.99212697127402 -48.99418252418103 0
-42.89247850373143 -46.90027278030924 0
-42.34498146648556 -47.92443648260433 0
-40.55760065357188 -36.02730596769784 0
-39.38550450244428 -36.19665362530353 0
44.80824084468514 -34.93396242552787 0
46.95216211936042 -16.87700929445149 0
-46.97379313623453 -16.88897312848945 0
-46.96608899486074 -18.1331774398562 0
-44.72214518984703 -25.5824469527022 0
44.74655410657325 39.35111053746218 0
44.77156688387705 38.11780989942844 0
-44.81408810242029 -0.2250918895922331 0
-45.45850786497982 0.8623424154088737 0
44.66798541673809 -12.96492993887367 0
-48.07114833074345 7.482563321246497 0
40.89519363047204 2.213068372955412 0
48.11765440528227 22.49303243552136 0
-44.8356278488063 12.70176191898009 0
-47.16375472944685 47.95873450668084 0
-47.36727790393262 -1.961249307541585 0
45.44479739413353 -36.00994417514856 0
-44.78743245186078 17.25177859799265 0
-45.40715603810151 18.33735669162981 0
-48.04388090476244 5.092687652931387 0
-47.28182650821921 4.015683436884748 0
-47.19668901612421 -4.309559760337556 0
44.78541571095764 -30.36718573855182 0
45.54370636517058 18.53058622114413 0
44.86615457054398 30.053674924945 0
-44.85666867358727 30.0556648752748 0
-49.1257244752194 -3.12499999982124 0
-48.10626627976097 -2.480478423964796 0
-45.40423575746735 35.69343407965849 0
-44.77517523641939 34.61219671176997 0
-42.94762924935607 -44.70336797302041 0
-43.2895076142236 -46.03109025611236 0
44.78194878024108 -22.02900832460109 0
38.49765511139802 -11.15617013880474 0
39.11644858721672 -12.24228523193919 0
49.15553774967974 25.60522454538213 0
49.15553774967974 26.85522454538889 0
-49.15176544994678 26.87500000009772 0
-49.15176544994678 25.62500000010427 0
-38.13550450244509 -36.19665362530154 0
-46.89036619523872 -13.34245693472119 0
49.16265877357628 -43.12499999995907 0
-49.1640768827838 21.87500000012395 0
-43.57846530444722 -42.28121140248544 0
-42.31678222295476 -43.61285493560912 0
49.16019203966137 -26.87259052163689 0
49.16019203966137 -25.62259052164344 0
-49.16664600694965 39.37500000001835 0
-45.28566016794628 -8.000402377704487 0
-44.71483382277141 -9.029975164672495 0
-45.12077497193393 -24.31393560691909 0
42.98715545612015 39.79446758099897 0
41.77580478390138 39.79571251980003 0
42.54890783438528 -8.346087115029745 0
-42.66004286601839 -28.4404369585674 0
-42.63990607356235 -27.11154497343452 0
48.04945665421303 -40.0985918907345 0
47.27995474522582 -39.00394904922678 0
-49.1840939341136 9.342265237101135 0
-49.1840939341136 8.092265237103248 0
-47.95293227609432 37.61871637544843 0
-49.16664600694965 38.12500000002116 0
-36.54539107187506 -31.4066603662169 0
-35.92929942128593 -32.49433535887655 0
42.83037097501381 15.67813190568188 0
49.22110108221609 20.64246436391223 0
49.22110108221609 21.89246436391899 0
47.16159257223747 -48.03031611000556 0
-49.08493649053481 -49.08493649053243 0
-49.08493649053481 -47.83493649052566 0
49.08493649053243 -49.08493649053481 0
47.83493649052566 -49.08493649053481 0
-49.08493649053243 49.08493649053481 0
-47.83493649052566 49.08493649053481 0
-48.03031611001076 -47.16159257227669 0
44.79226502786074 12.26601894950261 0
45.0613706020246 5.614162046105331 0
42.77105206742392 49.12182017942999 0
49.09406871812973 49.09406871812729 0
49.09406871812973 47.84406871812052 0
47.84406871813185 49.09406871812729 0
49.16086921080853 -39.45721497060367 0
43.31854623757397 36.4187534659531 0
43.96941083741665 37.52541455700396 0
-42.77014317180362 -36.81127501680723 0
-41.51963671708092 -36.23342973018475 0
-47.99893205831764 42.35862762381439 0
-49.13829213738332 43.05718000897942 0
-41.39414317507481 -27.08123905548586 0
45.10431781494212 36.89322445649053 0
-44.85568999777637 -12.98766996136591 0
-45.65586579186891 -14.03504164748477 0
-49.15682650813258 4.452389568790256 0
-40.96203606361732 -37.21574270580666 0
44.69365785990432 42.55657488341414 0
44.5072725369313 19.08765213511724 0
44.55584942899415 20.36240841029952 0
-40.81143672700168 -41.592925781547 0
40.93667260105076 -2.447977861043731 0
41.67152056375689 -1.304981313631813 0
42.78355924361509 -1.891643994245765 0
-47.9513408359844 20.16825166117376 0
-49.1640768827838 20.62500000013051 0
-49.13829213738332 44.3071800089773 0
47.03304220018217 49.00671515650133 0
-42.67949192434573 -42.67949192437567 0
-41.40171871351586 -42.69779142620039 0
49.16265877357628 -44.37499999995696 0
48.01152561986368 -44.83888247220426 0
41.78223774204381 13.940636153518 0
-47.95381844968456 2.805245897114027 0
-49.15682650813258 3.202389568792373 0
43.94133270041046 7.197651127764616 0
42.84432798398475 14.50006374458843 0
44.96116382413238 41.61480515961706 0
45.03532755526365 40.44617903064385 0
47.9575422870294 -37.80517882478061 0
49.16086921080853 -38.20721497060648 0
41.60113445476311 -3.605013634970764 0
42.73882955553163 -3.125000000176361 0
41.59443495836431 18.47084039846287 0
45.02891566987583 6.860216773299457 0
42.72836914089163 3.174406695535521 0
-42.74160445307194 -38.01846581858973 0
43.92543335504199 39.84506849312355 0
43.27592890481055 40.88953607418065 0
-46.18964788372743 -8.131228471868079 0
45.08479233774445 35.67279433012531 0
-41.63369658220068 -38.45260723200839 0
47.30948242730472 47.25040121883914 0
48.12050894525439 47.3377547804651 0
47.3771109183098 48.10078387462862 0
41.52875293131584 3.285220849999404 0
-41.59765024866343 -28.98871399225044 0
-45.14250973687744 -23.07265909161887 0
-43.88128305302752 -47.11918252416517 0
-47.51246057461044 -3.230770883396969 0
-40.77209389798637 -28.1429419357278 0
40.85122548886055 19.47693357927234 0
43.94670083950433 41.88190671010232 0
-44.05117603820885 -22.74974628024369 0
-45.14990978805871 -46.94729120134242 0
46.39175791418334 47.09752607232409 0
43.94422001587769 35.38344364422251 0
-46.45770064029585 -3.790330643914344 0
45.41435557047187 46.64513613268312 0
-47.29607436876318 -7.879374358538611 0
$EndNodes
$Elements
5 3876 1 3876
1 1 8 40
1 1 5 44 
2 5 6 45 
3 6 7 46 
4 7 8 47 
5 8 9 48 
6 9 10 49 
7 10 11 50 
8 11 12 51 
9 12 13 52 
10 13 14 53 
11 14 15 54 
12 15 16 55 
13 16 17 56 
14 17 18 57 
15 18 19 58 
16 19 20 59 
17 20 21 60 
18 21 22 61 
19 22 23 62 
20 23 24 63 
21 24 25 64 
22 25 26 65 
23 26 27 66 
24 27 28 67 
25 28 29 68 
26 29 30 69 
27 30 31 70 
28 31 32 71 
29 32 33 72 
30 33 34 73 
31 34 35 74 
32 35 36 75 
33 36 37 76 
34 37 38 77 
35 38 39 78 
36 39 40 79 
37 40 41 80 
38 41 42 81 
39 42 43 82 
40 43 2 83 
1 2 8 40
41 2 84 123 
42 84 85 124 
43 85 86 125 
44 86 87 126 
45 87 88 127 
46 88 89 128 
47 89 90 129 
48 90 91 130 
49 91 92 131 
50 92 93 132 
51 93 94 133 
52 94 95 134 
53 95 96 135 
54 96 97 136 
55 97 98 137 
56 98 99 138 
57 99 100 139 
58 100 101 140 
59 101 102 141 
60 102 103 142 
61 103 104 143 
62 104 105 144 
63 105 106 145 
64 106 107 146 
65 107 108 147 
66 108 109 148 
67 109 110 149 
68 110 111 150 
69 111 112 151 
70 112 113 152 
71 113 114 153 
72 114 115 154 
73 115 116 155 
74 116 117 156 
75 117 118 157 
76 118 119 158 
77 119 120 159 
78 120 121 160 
79 121 122 161 
80 122 3 162 
1 3 8 40
81 3 163 202 
82 163 164 203 
83 164 165 204 
84 165 166 205 
85 166 167 206 
86 167 168 207 
87 168 169 208 
88 169 170 209 
89 170 171 210 
90 171 172 211 
91 172 173 212 
92 173 174 213 
93 174 175 214 
94 175 176 215 
95 176 177 216 
96 177 178 217 
97 178 179 218 
98 179 180 219 
99 180 181 220 
100 181 182 221 
101 182 183 222 
102 183 184 223 
103 184 185 224 
104 185 186 225 
105 186 187 226 
106 187 188 227 
107 188 189 228 
108 189 190 229 
109 190 191 230 
110 191 192 231 
111 192 193 232 
112 193 194 233 
113 194 195 234 
114 195 196 235 
115 196 197 236 
116 197 198 237 
117 198 199 238 
118 199 200 239 
119 200 201 240 
120 201 4 241 
1 4 8 40
121 4 242 281 
122 242 243 282 
123 243 244 283 
124 244 245 284 
125 245 246 285 
126 246 247 286 
127 247 248 287 
128 248 249 288 
129 249 250 289 
130 250 251 290 
131 251 252 291 
132 252 253 292 
133 253 254 293 
134 254 255 294 
135 255 256 295 
136 256 257 296 
137 257 258 297 
138 258 259 298 
139 259 260 299 
140 260 261 300 
141 261 262 301 
142 262 263 302 
143 263 264 303 
144 264 265 304 
145 265 266 305 
146 266 267 306 
147 267 268 307 
148 268 269 308 
149 269 270 309 
150 270 271 310 
151 271 272 311 
152 272 273 312 
153 273 274 313 
154 274 275 314 
155 275 276 315 
156 276 277 316 
157 277 278 317 
158 278 279 318 
159 279 280 319 
160 280 1 320 
2 1 9 3716
161 1556 2028 2074 2100 2101 2102 
162 261 324 1311 2103 2104 2105 
163 374 1271 1306 2106 2107 2108 
164 1472 368 1473 2109 2110 2111 
165 2028 868 2074 2112 2113 2101 
166 89 346 1310 2114 2115 2116 
167 1581 1549 1622 2117 2118 2119 
168 1185 1186 1379 2120 2121 2122 
169 1058 1185 1404 2123 2124 2125 
170 1468 1206 1778 2126 2127 2128 
171 343 1269 1496 2129 2130 2131 
172 1393 348 1823 2132 2133 2134 
173 806 1448 1450 2135 2136 2137 
174 1385 346 1822 2138 2139 2140 
175 1270 364 1566 2141 2142 2143 
176 987 1552 1554 2144 2145 2146 
177 1473 368 2064 2110 2147 2148 
178 374 1306 2063 2108 2149 2150 
179 1272 328 1303 2151 2152 2153 
180 254 364 1361 2154 2155 2156 
181 355 1335 2093 2157 2158 2159 
182 806 1447 1448 2160 2161 2135 
183 1269 343 2044 2129 2162 2163 
184 1207 1058 1404 2164 2125 2165 
185 1186 1264 1379 2166 2167 2121 
186 1450 1448 2027 2136 2168 2169 
187 1480 1155 2041 2170 2171 2172 
188 355 1334 1335 2173 2174 2157 
189 1273 366 1499 2175 2176 2177 
190 260 261 1311 300 2105 2178 
191 1778 1206 2061 2127 2179 2180 
192 1311 324 2052 2104 2181 2182 
193 88 89 1310 128 2116 2183 
194 247 348 1304 2184 2185 2186 
195 1155 1480 2090 2170 2187 2188 
196 1310 346 2047 2115 2189 2190 
197 1281 356 1283 2191 2192 2193 
198 84 85 2020 124 2194 2195 
199 5 6 1464 45 2196 2197 
200 1622 1549 2053 2118 2198 2199 
201 348 1393 2060 2132 2200 2201 
202 987 1554 2062 2146 2202 2203 
203 242 243 1329 282 2204 2205 
204 1335 1338 2093 2206 2207 2158 
205 253 254 1361 293 2156 2208 
206 334 1285 1499 2209 2210 2211 
207 1185 1379 2051 2122 2212 2213 
208 1549 1581 2050 2117 2214 2215 
209 1385 1822 2057 2140 2216 2217 
210 1194 1045 1334 2218 2219 2220 
211 1450 2027 2066 2169 2221 2222 
212 173 174 1314 213 2223 2224 
213 199 200 1328 239 2225 2226 
214 331 1287 1288 2227 2228 2229 
215 184 185 1339 224 2230 2231 
216 1312 184 1339 2232 2231 2233 
217 180 181 1313 220 2234 2235 
218 183 184 1312 223 2232 2236 
219 344 1276 1278 2237 2238 2239 
220 339 1294 1295 2240 2241 2242 
221 167 168 1331 207 2243 2244 
222 167 1331 1333 2244 2245 2246 
223 166 167 1333 206 2246 2247 
224 363 1279 1340 2248 2249 2250 
225 1053 1253 2023 2251 2252 2253 
226 1097 1099 2024 2254 2255 2256 
227 1317 1288 1755 2257 2258 2259 
228 1319 1295 1948 2260 2261 2262 
229 1321 1278 1989 2263 2264 2265 
230 1286 367 1345 2266 2267 2268 
231 1291 327 1344 2269 2270 2271 
232 1459 1458 2030 2272 2273 2274 
233 1404 1185 2051 2124 2213 2275 
234 1326 1191 1653 2276 2277 2278 
235 1279 1187 1340 2279 2280 2249 
236 186 187 1316 226 2281 2282 
237 190 191 1318 230 2283 2284 
238 194 195 1320 234 2285 2286 
239 1049 1048 1330 2287 2288 2289 
240 1052 1324 1575 2290 2291 2292 
241 192 193 1323 232 2293 2294 
242 1044 1095 1327 2295 2296 2297 
243 188 189 1322 228 2298 2299 
244 196 197 1315 236 2300 2301 
245 246 247 1304 286 2186 2302 
246 1303 328 2076 2152 2303 2304 
247 1322 359 2036 2305 2306 2307 
248 1323 375 2035 2308 2309 2310 
249 364 1270 2056 2141 2311 2312 
250 1253 1332 2023 2313 2314 2252 
251 1099 1341 2024 2315 2316 2255 
252 336 1360 1488 2317 2318 2319 
253 1339 371 2037 2320 2321 2322 
254 1341 1099 1977 2315 2323 2324 
255 1332 1253 1350 2313 2325 2326 
256 354 1296 1298 2327 2328 2329 
257 1337 1454 2098 2330 2331 2332 
258 1290 1325 2038 2333 2334 2335 
259 242 1329 2085 2205 2336 2337 
260 1736 1554 2074 2338 2339 2340 
261 1270 1566 2054 2143 2341 2342 
262 1454 383 2098 2343 2344 2331 
263 84 2020 2084 2195 2345 2346 
264 5 1464 2083 2197 2347 2348 
265 1279 363 1341 2248 2349 2350 
266 1280 347 1332 2351 2352 2353 
267 2030 1458 2095 2273 2354 2355 
268 974 1309 1881 2356 2357 2358 
269 1482 1266 2072 2359 2360 2361 
270 358 1308 2058 2362 2363 2364 
271 862 1467 1794 2365 2366 2367 
272 338 1307 1308 2368 2369 2370 
273 1361 364 2056 2155 2312 2371 
274 380 1299 1303 2372 2373 2374 
275 371 1317 2037 2375 2376 2321 
276 359 1319 2036 2377 2378 2306 
277 375 1321 2035 2379 2380 2309 
278 346 1385 2047 2138 2381 2189 
279 1299 380 1301 2372 2382 2383 
280 1308 358 2080 2362 2384 2385 
281 1188 1317 1755 2386 2259 2387 
282 1055 1319 1948 2388 2262 2389 
283 1131 1321 1989 2390 2265 2391 
284 1293 384 1329 2392 2393 2394 
285 1045 1046 1334 2395 2396 2219 
286 1325 1326 2038 2397 2398 2334 
287 1338 164 2093 2399 2400 2207 
288 1296 354 1305 2327 2401 2402 
289 1496 1269 2048 2130 2403 2404 
290 1393 1823 2049 2134 2405 2406 
291 1276 344 1315 2237 2407 2408 
292 335 1274 1324 2409 2410 2411 
293 1287 331 1322 2227 2412 2413 
294 379 1289 1327 2414 2415 2416 
295 323 1275 1325 2417 2418 2419 
296 352 1292 1330 2420 2421 2422 
297 1294 339 1323 2240 2423 2424 
298 344 1278 1320 2239 2425 2426 
299 331 1288 1316 2229 2427 2428 
300 339 1295 1318 2242 2429 2430 
301 1279 1341 1977 2350 2324 2431 
302 1280 1332 1350 2353 2326 2432 
303 338 1306 1307 2433 2434 2368 
304 1473 336 1488 2435 2319 2436 
305 164 1338 2055 2399 2437 2438 
306 878 1326 1653 2439 2278 2440 
307 335 173 1314 2441 2224 2442 
308 1274 335 1314 2409 2442 2443 
309 379 180 1313 2444 2235 2445 
310 323 183 1312 2446 2236 2447 
311 1289 379 1313 2414 2445 2448 
312 1275 323 1312 2417 2447 2449 
313 352 199 1328 2450 2226 2451 
314 1292 352 1328 2420 2451 2452 
315 355 166 1333 2453 2247 2454 
316 384 1293 1328 2392 2455 2456 
317 200 384 1328 2457 2456 2225 
318 347 1280 1331 2351 2458 2459 
319 168 347 1331 2460 2459 2243 
320 185 371 1339 2461 2320 2230 
321 1499 366 2070 2176 2462 2463 
322 1314 174 1340 2223 2464 2465 
323 1313 181 1342 2234 2466 2467 
324 1333 1194 1334 2468 2220 2469 
325 1330 1193 1343 2470 2471 2472 
326 1193 1315 1343 2473 2474 2471 
327 1325 1290 1342 2333 2475 2476 
328 1316 1288 1317 2427 2257 2477 
329 1318 1295 1319 2429 2260 2478 
330 1320 1278 1321 2425 2263 2479 
331 1324 1286 1345 2480 2268 2481 
332 1327 1291 1344 2482 2271 2483 
333 187 331 1316 2484 2428 2281 
334 371 186 1316 2485 2282 2486 
335 359 190 1318 2487 2284 2488 
336 191 339 1318 2489 2430 2283 
337 375 194 1320 2490 2286 2491 
338 195 344 1320 2492 2426 2285 
339 344 196 1315 2493 2301 2407 
340 1292 1049 1330 2494 2289 2421 
341 1048 1193 1330 2495 2470 2288 
342 1052 1286 1324 2496 2480 2290 
343 1324 1274 1575 2410 2497 2291 
344 331 188 1322 2498 2299 2412 
345 339 192 1323 2499 2294 2423 
346 193 375 1323 2500 2308 2293 
347 189 359 1322 2501 2305 2298 
348 1095 1291 1327 2502 2482 2296 
349 1289 1044 1327 2503 2297 2415 
350 1315 197 1343 2300 2504 2474 
351 1293 1329 2026 2394 2505 2506 
352 1187 1314 1340 2507 2465 2280 
353 1290 1313 1342 2508 2467 2475 
354 367 1286 2023 2266 2509 2510 
355 327 1291 2024 2269 2511 2512 
356 356 1281 2026 2191 2513 2514 
357 1275 1191 1326 2515 2276 2516 
358 1206 1468 2050 2126 2517 2518 
359 1556 1558 2028 2519 2520 2100 
360 1552 987 2053 2144 2521 2522 
361 868 1736 2074 2523 2340 2113 
362 1286 1053 2023 2524 2253 2509 
363 1291 1097 2024 2525 2256 2511 
364 689 1450 2066 2526 2222 2527 
365 1184 1272 1303 2528 2153 2529 
366 1309 1307 1881 2530 2531 2357 
367 1283 356 2071 2192 2532 2533 
368 1450 689 2078 2526 2534 2535 
369 1299 1184 1303 2536 2529 2373 
370 1267 1268 2099 2537 2538 2539 
371 1268 2029 2099 2540 2541 2538 
372 1208 1269 2044 2542 2163 2543 
373 372 1482 2072 2544 2361 2545 
374 334 1499 2070 2211 2463 2546 
375 1271 374 2048 2106 2547 2548 
376 368 1472 2049 2109 2549 2550 
377 1304 348 2060 2185 2201 2551 
378 1285 334 2061 2209 2552 2553 
379 1309 974 2087 2356 2554 2555 
380 1560 1562 2022 2556 2557 2558 
381 366 1273 2057 2175 2559 2560 
382 1467 862 2079 2365 2561 2562 
383 1564 1255 2031 2563 2564 2565 
384 328 1272 2054 2151 2566 2567 
385 1209 1143 1305 2568 2569 2570 
386 1143 1296 1305 2571 2402 2569 
387 1266 1482 2067 2359 2572 2573 
388 1554 1736 2062 2338 2574 2202 
389 1308 1307 1309 2369 2530 2575 
390 1341 363 1346 2349 2576 2577 
391 1332 347 1347 2352 2578 2579 
392 1334 1046 1335 2396 2580 2174 
393 1209 1305 1310 2570 2581 2582 
394 1360 336 2069 2317 2583 2584 
395 323 1325 1342 2419 2476 2585 
396 1193 1276 1315 2586 2408 2473 
397 352 1330 1343 2422 2472 2587 
398 178 179 1344 218 2588 2589 
399 171 172 1345 211 2590 2591 
400 355 1333 1334 2454 2469 2173 
401 169 170 1347 209 2592 2593 
402 176 177 1346 216 2594 2595 
403 182 323 1342 2596 2585 2597 
404 174 175 1340 214 2598 2464 
405 175 363 1340 2599 2250 2598 
406 181 182 1342 221 2597 2466 
407 371 1316 1317 2486 2477 2375 
408 359 1318 1319 2488 2478 2377 
409 375 1320 1321 2491 2479 2379 
410 1325 1275 1326 2418 2516 2397 
411 198 352 1343 2600 2587 2601 
412 197 198 1343 237 2601 2504 
413 1466 1309 2087 2602 2555 2603 
414 335 1324 1345 2411 2481 2604 
415 379 1327 1344 2416 2483 2605 
416 179 379 1344 2606 2605 2588 
417 327 178 1344 2607 2589 2270 
418 367 171 1345 2608 2591 2267 
419 172 335 1345 2609 2604 2590 
420 347 169 1347 2610 2593 2578 
421 170 367 1347 2611 2612 2592 
422 363 176 1346 2613 2595 2576 
423 177 327 1346 2614 2615 2594 
424 1335 1046 1336 2580 2616 2617 
425 354 1298 2068 2329 2618 2619 
426 1794 1467 2034 2366 2620 2621 
427 1335 1336 1337 2617 2622 2623 
428 1207 1404 2043 2165 2624 2625 
429 1335 1337 1338 2623 2626 2206 
430 1447 806 2042 2160 2627 2628 
431 1260 1349 1537 2629 2630 2631 
432 1349 342 1537 2632 2633 2630 
433 382 1348 2010 2634 2635 2636 
434 1476 1350 1996 2637 2638 2639 
435 1402 1422 2000 2640 2641 2642 
436 1535 1145 2013 2643 2644 2645 
437 1400 1401 1993 2646 2647 2648 
438 1350 1253 1996 2325 2649 2638 
439 1214 1372 1862 2650 2651 2652 
440 349 2010 2021 2653 2654 2655 
441 1461 1449 1462 2656 2657 2658 
442 341 1462 1739 2659 2660 2661 
443 986 860 1471 2662 2663 2664 
444 1462 1449 1739 2657 2665 2660 
445 1422 1181 2000 2666 2667 2641 
446 821 726 1965 2668 2669 2670 
447 1196 953 1358 2671 2672 2673 
448 952 1392 1394 2674 2675 2676 
449 2013 1145 2015 2644 2677 2678 
450 1196 1358 1359 2673 2679 2680 
451 1205 1384 1385 2681 2682 2683 
452 1358 953 1380 2672 2684 2685 
453 1183 1472 1473 2686 2111 2687 
454 1384 1204 1386 2688 2689 2690 
455 1351 992 1372 2691 2692 2693 
456 342 1349 2011 2632 2694 2695 
457 1223 1487 1869 2696 2697 2698 
458 991 1214 1363 2699 2700 2701 
459 1534 1535 2013 2702 2645 2703 
460 1372 992 1862 2692 2704 2651 
461 1205 1204 1384 2705 2688 2681 
462 992 1351 1834 2691 2706 2707 
463 993 1834 1944 2708 2709 2710 
464 1363 1214 1862 2700 2652 2711 
465 1976 960 1994 2712 2713 2714 
466 991 1363 1380 2701 2715 2716 
467 990 1485 1486 2717 2718 2719 
468 1834 1351 1944 2706 2720 2709 
469 990 1484 1485 2721 2722 2717 
470 1401 1182 1993 2723 2724 2647 
471 42 382 2010 2725 2636 2726 
472 720 721 1424 2727 2728 2729 
473 947 1362 1364 2730 2731 2732 
474 37 342 2011 2733 2695 2734 
475 1090 1405 1406 2735 2736 2737 
476 1090 1066 1405 2738 2739 2735 
477 1654 1091 1961 2740 2741 2742 
478 1585 1216 1967 2743 2744 2745 
479 1090 1406 1441 2737 2746 2747 
480 617 399 1431 2748 2749 2750 
481 1354 617 1431 2751 2750 2752 
482 503 405 1423 2753 2754 2755 
483 407 409 1975 2756 2757 2758 
484 1362 1171 1364 2759 2760 2731 
485 1352 503 1423 2761 2755 2762 
486 1183 1471 1472 2763 2764 2686 
487 401 403 1979 2765 2766 2767 
488 693 653 1469 2768 2769 2770 
489 1355 453 1654 2771 2772 2773 
490 1411 1412 1959 2774 2775 2776 
491 860 952 1471 2777 2778 2663 
492 952 1394 1471 2676 2779 2778 
493 1183 986 1471 2780 2664 2763 
494 1149 1356 1407 2781 2782 2783 
495 453 1355 1915 2771 2784 2785 
496 953 905 1380 2786 2787 2684 
497 405 407 1423 2788 2789 2754 
498 1145 1535 2014 2643 2790 2791 
499 1441 1406 1676 2746 2792 2793 
500 1532 1531 1971 2794 2795 2796 
501 503 1352 1727 2761 2797 2798 
502 1072 1365 1367 2799 2800 2801 
503 726 1424 1965 2802 2803 2669 
504 1355 1654 1961 2773 2742 2804 
505 399 401 1431 2805 2806 2749 
506 1487 1485 1869 2807 2808 2697 
507 1071 1072 1367 2809 2801 2810 
508 617 1354 1441 2751 2811 2812 
509 996 851 1371 2813 2814 2815 
510 27 369 1898 2816 2817 2818 
511 726 720 1424 2819 2729 2802 
512 1563 322 1761 2820 2821 2822 
513 1066 1356 1405 2823 2824 2739 
514 1356 1149 1405 2781 2825 2824 
515 1150 1585 1967 2826 2745 2827 
516 1505 1563 1761 2828 2822 2829 
517 578 1578 1580 2830 2831 2832 
518 1387 678 1494 2833 2834 2835 
519 329 30 385 2836 2837 2838 
520 330 109 1373 2839 2840 2841 
521 332 267 1378 2842 2843 2844 
522 824 1608 1717 2845 2846 2847 
523 1366 693 1490 2848 2849 2850 
524 1500 345 1974 2851 2852 2853 
525 947 1364 1872 2732 2854 2855 
526 824 1381 1608 2856 2857 2845 
527 1561 322 1563 2858 2820 2859 
528 1381 824 1719 2856 2860 2861 
529 905 991 1380 2862 2716 2787 
530 1386 1204 1490 2689 2863 2864 
531 697 1411 1959 2865 2776 2866 
532 1399 1396 1438 2867 2868 2869 
533 1388 1381 1719 2870 2861 2871 
534 329 385 386 2838 2872 2873 
535 678 1387 1469 2833 2874 2875 
536 911 1388 1719 2876 2871 2877 
537 1365 1072 1368 2799 2878 2879 
538 24 321 1966 2880 2881 2882 
539 668 1419 1929 2883 2884 2885 
540 1372 1214 1475 2650 2886 2887 
541 1423 407 1975 2789 2758 2888 
542 1220 1414 1868 2889 2890 2891 
543 1388 911 1390 2876 2892 2893 
544 1462 341 1889 2659 2894 2895 
545 369 1407 1898 2896 2897 2817 
546 578 1576 1578 2898 2899 2830 
547 330 1373 1374 2841 2900 2901 
548 693 1366 1491 2848 2902 2903 
549 1374 1373 1465 2900 2904 2905 
550 1210 1358 1380 2906 2685 2907 
551 1363 1210 1380 2908 2907 2715 
552 693 1469 1490 2770 2909 2849 
553 357 1400 1993 2910 2648 2911 
554 1399 1438 1924 2869 2912 2913 
555 1616 1068 1926 2914 2915 2916 
556 332 1378 1379 2844 2917 2918 
557 1431 401 1979 2806 2767 2919 
558 17 361 1863 2920 2921 2922 
559 1579 1968 1981 2923 2924 2925 
560 653 678 1469 2926 2875 2769 
561 1426 526 1574 2927 2928 2929 
562 1642 1491 1865 2930 2931 2932 
563 1487 1976 1994 2933 2714 2934 
564 1563 1505 1564 2828 2935 2936 
565 968 1476 1996 2937 2639 2938 
566 357 32 1400 2939 2940 2910 
567 360 269 1403 2941 2942 2943 
568 1402 1421 1422 2944 2945 2640 
569 102 103 1565 142 2946 2947 
570 1202 1366 1490 2948 2850 2949 
571 952 821 1965 2950 2670 2951 
572 721 882 1424 2952 2953 2728 
573 1429 752 1591 2954 2955 2956 
574 1537 2013 2015 2957 2678 2958 
575 526 1426 1427 2927 2959 2960 
576 526 1427 1591 2960 2961 2962 
577 1220 1218 1414 2963 2964 2889 
578 827 933 1395 2965 2966 2967 
579 1494 1139 1655 2968 2969 2970 
580 1407 369 1843 2896 2971 2972 
581 8 9 1415 48 2973 2974 
582 1362 1500 1974 2975 2853 2976 
583 1369 882 1434 2977 2978 2979 
584 1576 578 1901 2898 2980 2981 
585 617 1441 1676 2812 2793 2982 
586 1377 1374 1465 2983 2905 2984 
587 35 373 1420 2985 2986 2987 
588 1427 1429 1591 2988 2956 2961 
589 752 1429 1593 2954 2989 2990 
590 1616 993 1944 2991 2710 2992 
591 882 1369 1391 2977 2993 2994 
592 688 685 1625 2995 2996 2997 
593 752 1593 1643 2990 2998 2999 
594 1438 529 1924 3000 3001 2912 
595 1451 341 1739 3002 2661 3003 
596 360 1403 1404 2943 3004 3005 
597 832 1408 1543 3006 3007 3008 
598 1395 1396 1399 3009 2867 3010 
599 1392 952 1965 2674 2951 3011 
600 1213 1384 1386 3012 2690 3013 
601 102 1565 1848 2947 3014 3015 
602 1766 668 1929 3016 2885 3017 
603 1420 373 1421 2986 3018 3019 
604 1390 911 1395 2892 3020 3021 
605 30 31 385 70 3022 2837 
606 109 110 1373 149 3023 2840 
607 267 268 1378 307 3024 2843 
608 1382 1083 1475 3025 3026 3027 
609 1398 1576 1901 3028 2981 3029 
610 1022 1532 1971 3030 2796 3031 
611 101 102 1848 141 3015 3032 
612 849 947 1872 3033 2855 3034 
613 990 968 1995 3035 3036 3037 
614 1469 1386 1490 3038 2864 2909 
615 31 357 385 3039 3040 3022 
616 110 358 1373 3041 3042 3023 
617 268 360 1378 3043 3044 3024 
618 1072 996 1371 3045 2815 3046 
619 1071 1367 1608 2810 3047 3048 
620 1408 1110 1543 3049 3050 3007 
621 1149 1407 1843 2783 2972 3051 
622 1083 1382 1426 3025 3052 3053 
623 1214 998 1475 3054 3055 2886 
624 1083 1426 1574 3053 2929 3056 
625 322 1561 1565 2858 3057 3058 
626 1960 1368 1986 3059 3060 3061 
627 1026 1645 1940 3062 3063 3064 
628 1402 1420 1421 3065 3019 2944 
629 341 275 1889 3066 3067 2894 
630 274 341 1451 3068 3002 3069 
631 321 1439 1966 3070 3071 2881 
632 1232 1930 1963 3072 3073 3074 
633 1204 1202 1490 3075 2949 2863 
634 361 1435 1863 3076 3077 2921 
635 941 1136 1453 3078 3079 3080 
636 1432 1221 1838 3081 3082 3083 
637 1180 1080 1513 3084 3085 3086 
638 911 827 1395 3087 2967 3020 
639 951 910 1568 3088 3089 3090 
640 1572 1247 1931 3091 3092 3093 
641 1766 1220 1868 3094 2891 3095 
642 1398 1901 1953 3029 3096 3097 
643 1080 915 1516 3098 3099 3100 
644 1387 1494 1655 2835 2970 3101 
645 1608 1367 1717 3047 3102 2846 
646 385 357 1982 3040 3103 3104 
647 734 1432 1838 3105 3083 3106 
648 1414 1218 1543 2964 3107 3108 
649 499 505 1470 3109 3110 3111 
650 1180 1513 1514 3086 3112 3113 
651 1026 1940 1960 3064 3114 3115 
652 1119 1418 1544 3116 3117 3118 
653 343 117 1541 3119 3120 3121 
654 1050 1282 1434 3122 3123 3124 
655 1513 1080 1516 3085 3100 3125 
656 1517 1119 1544 3126 3118 3127 
657 736 1517 1544 3128 3127 3129 
658 103 322 1565 3130 3058 2946 
659 1395 933 1396 2966 3131 3009 
660 1235 1603 1952 3132 3133 3134 
661 1091 1603 1961 3135 3136 2741 
662 1463 381 1464 3137 3138 3139 
663 1949 1235 1952 3140 3134 3141 
664 820 1860 1956 3142 3143 3144 
665 1220 1766 1929 3094 3017 3145 
666 1213 1386 1387 3013 3146 3147 
667 1183 1473 1488 2687 2436 3148 
668 1455 381 1463 3149 3137 3150 
669 1373 358 1465 3042 3151 2904 
670 1371 851 1844 2814 3152 3153 
671 1211 1063 1488 3154 3155 3156 
672 1629 1075 1938 3157 3158 3159 
673 1119 941 1453 3160 3080 3161 
674 1995 968 1996 3036 2938 3162 
675 628 648 1491 3163 3164 3165 
676 1438 1398 1953 3166 3097 3167 
677 26 27 1898 66 2818 3168 
678 19 325 1987 3169 3170 3171 
679 1845 1635 1926 3172 3173 3174 
680 1418 1119 1453 3116 3161 3175 
681 1906 1681 1941 3176 3177 3178 
682 435 438 1875 3179 3180 3181 
683 1368 1371 1986 3182 3183 3060 
684 998 1382 1475 3184 3027 3055 
685 1578 1579 1981 3185 2925 3186 
686 1555 378 1557 3187 3188 3189 
687 1401 1402 2000 3190 2642 3191 
688 1947 1410 1955 3192 3193 3194 
689 273 274 1451 313 3069 3195 
690 1750 1872 1895 3196 3197 3198 
691 630 1425 1493 3199 3200 3201 
692 387 389 1843 3202 3203 3204 
693 121 383 1454 3205 2343 3206 
694 279 381 1455 3207 3149 3208 
695 31 32 357 71 2939 3039 
696 110 111 358 150 3209 3041 
697 189 190 359 229 2487 2501 
698 268 269 360 308 2941 3043 
699 1593 1093 1643 3210 3211 2998 
700 29 30 329 69 2836 3212 
701 108 109 330 148 2839 3213 
702 187 188 331 227 2498 2484 
703 266 267 332 306 2842 3214 
704 1260 1537 2015 2631 2958 3215 
705 1238 1616 1926 3216 2916 3217 
706 1491 1366 1865 2902 3218 2931 
707 2002 1265 2005 3219 3220 3221 
708 648 693 1491 3222 2903 3164 
709 1442 376 1443 3223 3224 3225 
710 616 1802 1950 3226 3227 3228 
711 970 1047 1476 3229 3230 3231 
712 630 499 1470 3232 3111 3233 
713 438 444 1492 3234 3235 3236 
714 1284 1283 1304 3237 3238 3239 
715 1729 1619 1887 3240 3241 3242 
716 685 683 1625 3243 3244 2996 
717 272 376 1442 3245 3223 3246 
718 25 26 1973 65 3247 3248 
719 1408 832 1629 3006 3249 3250 
720 1356 1357 1407 3251 3252 2782 
721 1412 1419 1959 3253 3254 2775 
722 1219 916 1839 3255 3256 3257 
723 1110 1414 1543 3258 3108 3050 
724 1137 1494 1900 3259 3260 3261 
725 1477 1079 1813 3262 3263 3264 
726 1216 1411 1967 3265 3266 2744 
727 1425 630 1470 3199 3233 3267 
728 16 17 1863 56 2922 3268 
729 1436 690 1497 3269 3270 3271 
730 731 1605 1873 3272 3273 3274 
731 1121 1477 1813 3275 3264 3276 
732 33 337 1400 3277 3278 3279 
733 270 340 1403 3280 3281 3282 
734 1791 814 1962 3283 3284 3285 
735 1441 1354 1770 2811 3286 3287 
736 1645 1026 1949 3062 3288 3289 
737 1433 1077 1569 3290 3291 3292 
738 731 1474 1596 3293 3294 3295 
739 1090 1441 1770 2747 3287 3296 
740 1047 1350 1476 3297 2637 3230 
741 34 35 1420 74 2987 3298 
742 1529 867 1531 3299 3300 3301 
743 438 1492 1875 3236 3302 3180 
744 916 1642 1865 3303 2932 3304 
745 966 990 1486 3305 2719 3306 
746 1282 1281 1283 3307 2193 3308 
747 1584 1583 1928 3309 3310 3311 
748 1093 1593 1594 3210 3312 3313 
749 1282 1369 1434 3314 2979 3123 
750 1099 1585 1977 3315 3316 2323 
751 1093 1594 1618 3313 3317 3318 
752 1645 1949 1952 3289 3141 3319 
753 1633 1092 1935 3320 3321 3322 
754 444 690 1492 3323 3324 3235 
755 1940 1368 1960 3325 3059 3114 
756 690 1436 1492 3269 3326 3324 
757 885 1050 1434 3327 3124 3328 
758 370 1479 1480 3329 3330 3331 
759 1432 734 1588 3105 3332 3333 
760 1360 1211 1488 3334 3156 2318 
761 1568 1219 1784 3335 3336 3337 
762 837 1440 1623 3338 3339 3340 
763 1400 337 1401 3278 3341 2646 
764 867 688 1625 3342 2997 3343 
765 482 489 1580 3344 3345 3346 
766 1068 1616 1944 2914 2992 3347 
767 489 578 1580 3348 2832 3345 
768 333 1410 1947 3349 3192 3350 
769 910 1077 1568 3351 3352 3089 
770 1282 1283 1284 3308 3237 3353 
771 1063 1183 1488 3354 3148 3155 
772 1610 563 1618 3355 3356 3357 
773 365 1409 1939 3358 3359 3360 
774 1410 333 1930 3349 3361 3362 
775 29 329 1478 3212 3363 3364 
776 108 330 1479 3213 3365 3366 
777 266 332 1482 3214 3367 3368 
778 1538 351 1539 3369 3370 3371 
779 1409 365 1955 3358 3372 3373 
780 867 1529 1545 3299 3374 3375 
781 964 966 1486 3376 3306 3377 
782 1474 731 1873 3293 3274 3378 
783 1442 1443 1452 3225 3379 3380 
784 1603 1235 1961 3132 3381 3136 
785 1440 837 1874 3338 3382 3383 
786 409 453 1975 3384 3385 2757 
787 370 1480 1481 3331 3386 3387 
788 1653 1633 1767 3388 3389 3390 
789 329 386 387 2873 3391 3392 
790 1569 1611 1777 3393 3394 3395 
791 1233 1483 1597 3396 3397 3398 
792 1594 1610 1618 3399 3357 3317 
793 1619 1610 1887 3400 3401 3241 
794 1047 1194 1280 3402 3403 3404 
795 878 1653 1767 2440 3390 3405 
796 758 1572 1931 3406 3093 3407 
797 1478 387 1843 3408 3204 3409 
798 1839 916 1865 3256 3304 3410 
799 1534 349 1535 3411 3412 2702 
800 1077 1433 1568 3290 3413 3352 
801 374 115 1496 3414 3415 3416 
802 365 1947 1955 3417 3194 3372 
803 330 1374 1375 2901 3418 3419 
804 369 28 1478 3420 3421 3422 
805 370 107 1479 3423 3424 3329 
806 372 265 1482 3425 3426 2544 
807 1069 1372 1475 3427 2887 3428 
808 1483 979 1597 3429 3430 3397 
809 1222 1257 1909 3431 3432 3433 
810 378 101 1848 3434 3032 3435 
811 1494 678 1900 2834 3436 3260 
812 350 1455 1456 3437 3438 3439 
813 657 736 1825 3440 3441 3442 
814 1280 1194 1331 3403 3443 2458 
815 117 118 1541 157 3444 3120 
816 1784 1219 1839 3336 3257 3445 
817 1257 1860 1909 3446 3447 3432 
818 1285 1198 1498 3448 3449 3450 
819 1487 1223 1976 2696 3451 2933 
820 1144 1143 1209 3452 2568 3453 
821 119 351 1538 3454 3369 3455 
822 1872 1364 1895 2854 3456 3197 
823 403 503 1979 3457 3458 2766 
824 1285 1498 1499 3450 3459 2210 
825 1047 1045 1194 3460 2218 3402 
826 1596 1474 1660 3294 3461 3462 
827 1083 1069 1475 3463 3428 3026 
828 40 349 1534 3464 3411 3465 
829 1645 1229 1940 3466 3467 3063 
830 1225 1493 1764 3468 3469 3470 
831 757 1501 1605 3471 3472 3473 
832 378 1555 1669 3187 3474 3475 
833 448 1507 1631 3476 3477 3478 
834 628 1491 1642 3165 2930 3479 
835 1503 750 1631 3480 3481 3482 
836 882 1391 1424 2994 3483 2953 
837 1489 1005 1730 3484 3485 3486 
838 1141 1143 1144 3487 3452 3488 
839 1238 1615 1616 3489 3490 3216 
840 1050 1281 1282 3491 3307 3122 
841 1419 1453 1929 3492 3493 2884 
842 1493 1425 1764 3200 3494 3469 
843 1038 1528 1567 3495 3496 3497 
844 1507 1503 1631 3498 3482 3477 
845 1368 1072 1371 2878 3046 3182 
846 1221 1470 1838 3499 3500 3082 
847 32 33 1400 72 3279 2940 
848 269 270 1403 309 3282 2942 
849 1225 1224 1497 3501 3502 3503 
850 105 106 1504 145 3504 3505 
851 39 1534 1536 3506 3507 3508 
852 1068 1845 1926 3509 3174 2915 
853 340 1442 1452 3510 3380 3511 
854 1137 1139 1494 3512 2968 3259 
855 951 1568 1784 3090 3337 3513 
856 340 271 1442 3514 3515 3510 
857 1456 1455 1463 3438 3150 3516 
858 1433 1569 1777 3292 3395 3517 
859 837 1623 1840 3340 3518 3519 
860 849 946 947 3520 3521 3033 
861 1515 325 1988 3522 3523 3524 
862 736 1544 1825 3129 3525 3441 
863 330 1375 1479 3419 3526 3365 
864 947 1070 1362 3527 3528 2730 
865 970 1045 1047 3529 3460 3229 
866 28 29 1478 68 3364 3421 
867 107 108 1479 147 3366 3424 
868 265 266 1482 305 3368 3426 
869 1605 1501 1873 3472 3530 3273 
870 1224 1436 1497 3531 3271 3502 
871 1230 1489 1730 3532 3486 3533 
872 750 1503 1703 3480 3534 3535 
873 1570 1233 1597 3536 3398 3537 
874 325 1515 1987 3522 3538 3170 
875 638 675 1495 3539 3540 3541 
876 33 34 337 73 3542 3277 
877 112 113 338 152 3543 3544 
878 191 192 339 231 2499 2489 
879 270 271 340 310 3514 3280 
880 1527 1521 1546 3545 3546 3547 
881 1930 333 1963 3361 3548 3073 
882 351 120 1454 3549 3550 3551 
883 350 278 1455 3552 3553 3437 
884 1520 1521 1527 3554 3545 3555 
885 967 970 1476 3556 3231 3557 
886 1470 505 1838 3110 3558 3500 
887 1144 1209 1212 3453 3559 3560 
888 1788 1460 1889 3561 3562 3563 
889 329 387 1478 3392 3408 3363 
890 410 408 1511 3564 3565 3566 
891 1457 1456 1458 3567 3568 3569 
892 1471 1394 1472 2779 3570 2764 
893 947 946 1070 3521 3571 3527 
894 1623 1132 1840 3572 3573 3518 
895 882 815 1434 3574 3575 2978 
896 1419 668 1959 2883 3576 3254 
897 1504 1505 1761 3577 2829 3578 
898 1250 1584 1928 3579 3311 3580 
899 42 43 382 82 3581 2725 
900 121 122 383 161 3582 3205 
901 200 201 384 240 3583 2457 
902 279 280 381 319 3584 3207 
903 1609 1599 1711 3585 3586 3587 
904 1860 1257 1956 3446 3588 3143 
905 1486 1485 1487 2718 2807 3589 
906 1493 1225 1810 3468 3590 3591 
907 353 8 1415 3592 2974 3593 
908 1225 1497 1810 3503 3594 3590 
909 1392 1370 1393 3595 3596 3597 
910 453 1915 1975 2785 3598 3385 
911 1520 818 1521 3599 3600 3554 
912 99 100 1669 139 3601 3602 
913 345 1939 1974 3603 3604 2852 
914 442 439 1932 3605 3606 3607 
915 1820 1617 1830 3608 3609 3610 
916 449 454 1519 3611 3612 3613 
917 815 885 1434 3614 3328 3575 
918 1139 1141 1655 3615 3616 2969 
919 1384 1212 1385 3617 3618 2682 
920 817 818 1520 3619 3599 3620 
921 718 720 725 3621 3622 3623 
922 1603 738 1952 3624 3625 3133 
923 1650 981 1755 3626 3627 3628 
924 1512 1687 1765 3629 3630 3631 
925 725 993 1615 3632 3633 3634 
926 725 720 726 3622 2819 3635 
927 1523 1526 1546 3636 3637 3638 
928 718 719 720 3639 3640 3621 
929 1377 1465 1466 2984 3641 3642 
930 1897 1055 1948 3643 2389 3644 
931 342 1536 1537 3645 3646 2633 
932 915 790 1934 3647 3648 3649 
933 966 965 967 3650 3651 3652 
934 1522 818 1545 3653 3654 3655 
935 483 491 1533 3656 3657 3658 
936 17 18 361 57 3659 2920 
937 96 97 362 136 3660 3661 
938 175 176 363 215 2613 2599 
939 254 255 364 294 3662 2154 
940 1542 1230 1730 3663 3533 3664 
941 1390 1395 1399 3021 3010 3665 
942 1139 1140 1141 3666 3667 3615 
943 437 1508 1509 3668 3669 3670 
944 376 273 1451 3671 3195 3672 
945 528 527 1833 3673 3674 3675 
946 389 1149 1843 3676 3051 3203 
947 350 1457 1788 3677 3678 3679 
948 1198 1200 1498 3680 3681 3449 
949 968 967 1476 3682 3557 2937 
950 527 1681 1833 3683 3684 3674 
951 638 1495 1635 3541 3685 3686 
952 1483 1484 1819 3687 3688 3689 
953 1408 1629 1938 3250 3159 3690 
954 966 967 968 3652 3682 3691 
955 718 725 1615 3623 3634 3692 
956 1521 1523 1546 3693 3638 3546 
957 955 1038 1567 3694 3497 3695 
958 1516 915 1934 3099 3649 3696 
959 1538 1539 1540 3371 3697 3698 
960 721 815 882 3699 3574 2952 
961 1141 1142 1143 3700 3701 3487 
962 1050 1061 1281 3702 3703 3491 
963 439 435 1875 3704 3181 3705 
964 1460 1462 1889 3706 2895 3562 
965 1238 716 1615 3707 3708 3489 
966 1511 1512 1765 3709 3631 3710 
967 1557 378 1848 3188 3435 3711 
968 1652 750 1703 3712 3535 3713 
969 350 1456 1457 3439 3567 3677 
970 1079 1502 1813 3714 3715 3263 
971 964 965 966 3716 3650 3376 
972 1637 1687 1861 3717 3718 3719 
973 40 41 349 80 3720 3464 
974 119 120 351 159 3549 3454 
975 198 199 352 238 2450 2600 
976 277 278 350 317 3552 3721 
977 1517 736 1803 3128 3722 3723 
978 1802 1176 1950 3724 3725 3227 
979 1457 1460 1788 3726 3561 3678 
980 1362 1070 1500 3528 3727 2975 
981 795 849 1872 3728 3034 3729 
982 1479 1375 1480 3526 3730 3330 
983 35 36 373 75 3731 2985 
984 114 115 374 154 3414 3732 
985 193 194 375 233 2490 2500 
986 272 273 376 312 3671 3245 
987 1531 1625 1971 3733 3734 2795 
988 1477 1121 1809 3275 3735 3736 
989 1369 1284 1370 3737 3738 3739 
990 1550 326 1551 3740 3741 3742 
991 1529 1522 1545 3743 3655 3374 
992 1137 1138 1139 3744 3745 3512 
993 1547 1012 1636 3746 3747 3748 
994 1014 1648 1842 3749 3750 3751 
995 1445 1446 1447 3752 3753 3754 
996 976 977 1575 3755 3756 3757 
997 406 404 1652 3758 3759 3760 
998 106 370 1504 3761 3762 3504 
999 1081 1502 1820 3763 3764 3765 
1000 714 716 1238 3766 3707 3767 
1001 1396 933 1397 3131 3768 3769 
1002 958 960 1909 3770 3771 3772 
1003 1005 1489 1811 3484 3773 3774 
1004 541 733 1574 3775 3776 3777 
1005 1012 865 1636 3778 3779 3747 
1006 735 654 1570 3780 3781 3782 
1007 727 726 821 3783 2668 3784 
1008 362 1548 1549 3785 3786 3787 
1009 116 343 1496 3788 2131 3789 
1010 977 1052 1575 3790 2292 3756 
1011 1174 1542 1730 3791 3664 3792 
1012 860 821 952 3793 2950 2777 
1013 1203 1205 1273 3794 3795 3796 
1014 1443 376 1444 3224 3797 3798 
1015 1506 1132 1623 3799 3572 3800 
1016 639 1600 1694 3801 3802 3803 
1017 964 963 965 3804 3805 3716 
1018 1598 728 1781 3806 3807 3808 
1019 757 684 1750 3809 3810 3811 
1020 1128 1510 1624 3812 3813 3814 
1021 648 653 693 3815 2768 3222 
1022 1648 1647 1842 3816 3817 3750 
1023 733 1083 1574 3818 3056 3776 
1024 23 24 1966 63 2882 3819 
1025 1443 1444 1445 3798 3820 3821 
1026 832 1543 1620 3008 3822 3823 
1027 830 912 1629 3824 3825 3826 
1028 1132 1506 1600 3799 3827 3828 
1029 751 1596 1660 3829 3462 3830 
1030 1649 1899 1905 3831 3832 3833 
1031 408 437 1511 3834 3835 3565 
1032 1619 1906 1941 3836 3178 3837 
1033 1742 1111 1772 3838 3839 3840 
1034 12 365 1939 3841 3360 3842 
1035 1447 1446 1448 3753 3843 2161 
1036 1508 437 1652 3668 3844 3845 
1037 118 119 1538 158 3455 3846 
1038 728 1598 1638 3806 3847 3848 
1039 120 121 1454 160 3206 3550 
1040 278 279 1455 318 3208 3553 
1041 1012 1547 1637 3746 3849 3850 
1042 716 717 718 3851 3852 3853 
1043 961 963 964 3854 3804 3855 
1044 1392 1393 1394 3597 3856 2675 
1045 734 538 1757 3857 3858 3859 
1046 1626 917 1919 3860 3861 3862 
1047 1112 1811 1894 3863 3864 3865 
1048 885 1049 1050 3866 3867 3327 
1049 14 333 1947 3868 3350 3869 
1050 1899 1030 1905 3870 3871 3832 
1051 755 1673 1700 3872 3873 3874 
1052 659 1624 1785 3875 3876 3877 
1053 1507 1742 1772 3878 3840 3879 
1054 675 714 1495 3880 3881 3540 
1055 1543 1218 1620 3107 3882 3822 
1056 690 449 1519 3883 3613 3884 
1057 1759 1533 1810 3885 3886 3887 
1058 1569 1609 1711 3888 3587 3889 
1059 822 821 860 3890 3793 3891 
1060 342 38 1536 3892 3893 3645 
1061 960 959 961 3894 3895 3896 
1062 725 726 727 3635 3783 3897 
1063 39 40 1534 79 3465 3506 
1064 735 1570 1597 3782 3537 3898 
1065 1519 1759 1810 3899 3887 3900 
1066 1531 867 1625 3300 3343 3733 
1067 1791 1897 1948 3901 3644 3902 
1068 855 1137 1900 3903 3261 3904 
1069 714 715 716 3905 3906 3766 
1070 1588 734 1757 3332 3859 3907 
1071 1507 448 1742 3476 3908 3878 
1072 1521 818 1522 3600 3653 3909 
1073 1180 1514 1515 3113 3910 3911 
1074 96 362 1468 3661 3912 3913 
1075 1767 1633 1935 3389 3322 3914 
1076 1063 986 1183 3915 2780 3354 
1077 105 1504 1761 3505 3578 3916 
1078 1611 1569 1711 3393 3889 3917 
1079 1168 1171 1409 3918 3919 3920 
1080 271 272 1442 311 3246 3515 
1081 1530 1531 1532 3921 2794 3922 
1082 1250 1884 1954 3923 3924 3925 
1083 1197 1198 1285 3926 3448 3927 
1084 362 97 1548 3660 3928 3785 
1085 364 255 1566 3662 3929 2142 
1086 1457 1458 1459 3569 2272 3930 
1087 1105 1650 1755 3931 3628 3932 
1088 491 630 1533 3933 3934 3657 
1089 410 1511 1765 3566 3710 3935 
1090 1052 1053 1286 3936 2524 2496 
1091 958 959 960 3937 3894 3770 
1092 818 707 1545 3938 3939 3654 
1093 100 378 1669 3940 3475 3601 
1094 1687 1512 1861 3629 3941 3718 
1095 757 1750 1895 3811 3198 3942 
1096 1497 690 1519 3270 3884 3943 
1097 326 99 1669 3944 3602 3945 
1098 884 817 1520 3946 3620 3947 
1099 1445 1444 1446 3820 3948 3752 
1100 337 34 1420 3542 3298 3949 
1101 654 635 1570 3950 3951 3781 
1102 630 1493 1533 3201 3952 3934 
1103 1548 326 1550 3953 3740 3954 
1104 981 1188 1755 3955 2387 3627 
1105 1187 1041 1274 3956 3957 3958 
1106 1187 1274 1314 3958 2443 2507 
1107 1111 1005 1811 3959 3774 3960 
1108 1128 1617 1820 3961 3608 3962 
1109 575 609 1635 3963 3964 3965 
1110 1519 454 1759 3612 3966 3899 
1111 979 1483 1819 3429 3689 3967 
1112 533 1920 1924 3968 3969 3970 
1113 727 821 822 3784 3890 3971 
1114 12 13 365 52 3972 3841 
1115 91 92 366 131 3973 3974 
1116 170 171 367 210 2608 2611 
1117 249 250 368 289 3975 3976 
1118 1972 1256 1980 3977 3978 3979 
1119 795 796 849 3980 3981 3728 
1120 1502 1081 1813 3763 3982 3715 
1121 865 1016 1636 3983 3984 3779 
1122 437 1509 1511 3670 3985 3835 
1123 1920 1399 1924 3986 2913 3969 
1124 1619 1729 1906 3240 3987 3836 
1125 1635 1495 1926 3685 3988 3173 
1126 115 116 1496 155 3789 3415 
1127 1012 1637 1716 3850 3989 3990 
1128 1247 1440 1931 3991 3992 3092 
1129 682 757 1605 3993 3473 3994 
1130 1636 1016 1690 3984 3995 3996 
1131 450 446 1626 3997 3998 3999 
1132 1551 326 1669 3741 3945 4000 
1133 976 808 977 4001 4002 3755 
1134 1624 1510 1785 3813 4003 3876 
1135 730 944 1614 4004 4005 4006 
1136 1600 1506 1694 3827 4007 3802 
1137 720 719 721 3640 4008 2727 
1138 1159 1160 1161 4009 4010 4011 
1139 988 989 1197 4012 4013 4014 
1140 728 657 1825 4015 3442 4016 
1141 404 750 1652 4017 3712 3759 
1142 1076 1010 1159 4018 4019 4020 
1143 1076 1159 1232 4020 4021 4022 
1144 1528 2003 2004 4023 4024 4025 
1145 1615 993 1616 3633 2991 3490 
1146 1521 1522 1523 3909 4026 3693 
1147 370 1481 1504 3387 4027 3762 
1148 1287 1105 1288 4028 4029 2228 
1149 37 38 342 77 3892 2733 
1150 116 117 343 156 3119 3788 
1151 195 196 344 235 2493 2492 
1152 274 275 341 314 3066 3068 
1153 1387 1386 1469 3146 3038 2874 
1154 1180 1515 1988 3911 3524 4030 
1155 1081 1820 1830 3765 3610 4031 
1156 595 1223 1601 4032 4033 4034 
1157 966 968 990 3691 3035 3305 
1158 1016 1237 1690 4035 4036 3995 
1159 387 386 388 3391 4037 4038 
1160 832 830 1629 4039 3826 3249 
1161 479 471 1583 4040 4041 4042 
1162 807 735 808 4043 4044 4045 
1163 1038 1520 1527 4046 3555 4047 
1164 1264 1263 1265 4048 4049 4050 
1165 1203 1204 1205 4051 2705 3794 
1166 1599 1607 1711 4052 4053 3586 
1167 950 951 988 4054 4055 4056 
1168 670 633 671 4057 4058 4059 
1169 1401 337 1402 3341 4060 3190 
1170 1772 1111 1811 3839 3960 4061 
1171 1474 1160 1660 4062 4063 3461 
1172 437 406 1652 4064 3760 3844 
1173 1282 1284 1369 3353 3737 3314 
1174 1391 1370 1392 4065 3595 4066 
1175 736 621 1803 4067 4068 3722 
1176 695 867 1545 4069 3375 4070 
1177 632 613 633 4071 4072 4073 
1178 1359 1360 1361 4074 4075 4076 
1179 1159 1010 1160 4019 4077 4009 
1180 1272 1239 1806 4078 4079 4080 
1181 1359 1211 1360 4081 3334 4074 
1182 1690 1237 1696 4036 4082 4083 
1183 1160 1010 1660 4077 4084 4063 
1184 1523 1522 1524 4026 4085 4086 
1185 1186 1263 1264 4087 4048 2166 
1186 1586 747 1587 4088 4089 4090 
1187 275 276 1889 315 4091 3067 
1188 1197 989 1198 4013 4092 3926 
1189 1716 1637 1861 3989 3719 4093 
1190 1185 1059 1186 4094 4095 2120 
1191 38 39 1536 78 3508 3893 
1192 646 1718 1835 4096 4097 4098 
1193 912 1075 1629 4099 3157 3825 
1194 446 917 1626 4100 3860 3998 
1195 1058 955 1059 4101 4102 4103 
1196 807 808 976 4045 4001 4104 
1197 541 571 733 4105 4106 3775 
1198 1524 1529 1530 4107 4108 4109 
1199 581 584 1607 4110 4111 4112 
1200 483 1533 1759 3658 3885 4113 
1201 580 581 1607 4114 4112 4115 
1202 1239 1628 1640 4116 4117 4118 
1203 1569 1077 1609 3291 4119 3888 
1204 1237 1673 1696 4120 4121 4082 
1205 967 969 970 4122 4123 3556 
1206 464 747 1586 4124 4088 4125 
1207 647 614 1571 4126 4127 4128 
1208 514 541 1574 4129 3777 4130 
1209 955 884 1038 4131 4132 3694 
1210 1555 1551 1669 4133 4000 3474 
1211 1105 983 1650 4134 4135 3931 
1212 1523 1524 1525 4086 4136 4137 
1213 1186 1262 1263 4138 4139 4087 
1214 849 850 946 4140 4141 3520 
1215 1047 1280 1350 3404 2432 3297 
1216 118 1538 1541 3846 4142 3444 
1217 1740 674 1774 4143 4144 4145 
1218 707 695 1545 4146 4070 3939 
1219 1161 1166 1410 4147 4148 4149 
1220 1518 1517 1803 4150 3723 4151 
1221 1407 1357 1898 3252 4152 2897 
1222 1186 1059 1262 4095 4153 4138 
1223 1763 1518 1803 4154 4151 4155 
1224 98 326 1548 4156 3953 4157 
1225 256 328 1566 4158 4159 4160 
1226 1200 1202 1203 4161 4162 4163 
1227 1508 1652 1703 3845 3713 4164 
1228 1510 1128 1820 3812 3962 4165 
1229 1375 1374 1376 3418 4166 4167 
1230 97 98 1548 137 4157 3928 
1231 255 256 1566 295 4160 3929 
1232 1673 1106 1700 4168 4169 3873 
1233 1673 755 1696 3872 4170 4121 
1234 479 1583 1584 4042 3309 4171 
1235 1139 1138 1140 3745 4172 3666 
1236 471 469 1583 4173 4174 4041 
1237 1571 614 1612 4127 4175 4176 
1238 1763 523 1812 4177 4178 4179 
1239 1038 1527 1528 4047 4180 3495 
1240 1052 980 1053 4181 4182 3936 
1241 1264 1265 1266 4050 4183 4184 
1242 1598 1094 1638 4185 4186 3847 
1243 1685 1706 1836 4187 4188 4189 
1244 1161 1162 1166 4190 4191 4147 
1245 1440 1228 1623 4192 4193 3339 
1246 614 569 1612 4194 4195 4175 
1247 855 995 1137 4196 4197 3903 
1248 1681 527 1941 3683 4198 3177 
1249 637 610 639 4199 4200 4201 
1250 730 677 944 4202 4203 4004 
1251 1171 1362 1974 2759 2976 4204 
1252 538 570 1757 4205 4206 3858 
1253 988 951 989 4055 4207 4012 
1254 609 638 1635 4208 3686 3964 
1255 1009 838 1010 4209 4210 4211 
1256 1530 1529 1531 4108 3301 3921 
1257 909 910 950 4212 4213 4214 
1258 585 600 1611 4215 4216 4217 
1259 752 496 1591 4218 4219 2955 
1260 1573 1106 1673 4220 4168 4221 
1261 1038 884 1520 4132 3947 4046 
1262 1200 1203 1498 4163 4222 3681 
1263 369 1478 1843 3422 3409 2971 
1264 529 1438 1953 3000 3167 4223 
1265 1239 973 1628 4224 4225 4116 
1266 1106 1573 1718 4220 4226 4227 
1267 724 692 1627 4228 4229 4230 
1268 1098 1216 1585 4231 2743 4232 
1269 1091 415 1602 4233 4234 4235 
1270 659 642 1624 4236 4237 3875 
1271 817 707 818 4238 3938 3619 
1272 918 724 1627 4239 4230 4240 
1273 1091 1602 1603 4235 4241 3135 
1274 1062 986 1063 4242 3915 4243 
1275 950 910 951 4213 3088 4054 
1276 1787 1024 1847 4244 4245 4246 
1277 1377 1466 1467 3642 4247 4248 
1278 1439 321 1957 3070 4249 4250 
1279 1190 1633 1653 4251 3388 4252 
1280 691 647 692 4253 4254 4255 
1281 671 731 1596 4256 3295 4257 
1282 470 616 1606 4258 4259 4260 
1283 1550 1551 1552 3742 4261 4262 
1284 612 573 613 4263 4264 4265 
1285 1069 1351 1372 4266 2693 3427 
1286 1041 976 1575 4267 3757 4268 
1287 1099 1098 1585 4269 4232 3315 
1288 954 884 955 4270 4131 4271 
1289 632 633 670 4073 4057 4272 
1290 1168 1169 1171 4273 4274 3918 
1291 1075 1432 1938 4275 4276 3158 
1292 1692 1668 1801 4277 4278 4279 
1293 1166 1167 1168 4280 4281 4282 
1294 1190 1632 1633 4283 4284 4251 
1295 1498 1273 1499 4285 2177 3459 
1296 591 594 1630 4286 4287 4288 
1297 1059 955 1567 4102 3695 4289 
1298 1649 918 1890 4290 4291 4292 
1299 1058 1059 1185 4103 4094 2123 
1300 714 1238 1495 3767 4293 3881 
1301 1170 1647 1648 4294 3816 4295 
1302 1097 1098 1099 4296 4269 2254 
1303 353 1415 1416 3593 4297 4298 
1304 909 908 910 4299 4300 4212 
1305 716 718 1615 3853 3692 3708 
1306 671 680 731 4301 4302 4256 
1307 718 717 719 3852 4303 3639 
1308 590 589 591 4304 4305 4306 
1309 482 1580 1891 3346 4307 4308 
1310 590 591 1630 4306 4288 4309 
1311 607 608 618 4310 4311 4312 
1312 696 735 807 4313 4043 4314 
1313 1151 1911 1917 4315 4316 4317 
1314 1213 1212 1384 4318 3617 3012 
1315 510 514 526 4319 4320 4321 
1316 600 601 607 4322 4323 4324 
1317 570 587 588 4325 4326 4327 
1318 569 537 1612 4328 4329 4195 
1319 512 493 513 4330 4331 4332 
1320 531 528 1833 4333 3675 4334 
1321 1939 1409 1974 3359 4335 3604 
1322 496 510 1591 4336 4337 4219 
1323 591 593 594 4338 4339 4286 
1324 1982 357 1993 3103 2911 4340 
1325 1069 1067 1351 4341 4342 4266 
1326 1686 1240 1704 4343 4344 4345 
1327 677 649 1737 4346 4347 4348 
1328 1097 1096 1098 4349 4350 4296 
1329 696 654 735 4351 3780 4313 
1330 836 908 909 4352 4299 4353 
1331 1307 1195 1881 4354 4355 2531 
1332 1228 1506 1623 4356 3800 4193 
1333 612 613 632 4265 4071 4357 
1334 492 464 493 4358 4359 4360 
1335 881 957 958 4361 4362 4363 
1336 836 835 908 4364 4365 4352 
1337 607 618 643 4312 4366 4367 
1338 639 610 1600 4200 4368 3801 
1339 545 546 547 4369 4370 4371 
1340 588 587 589 4326 4372 4373 
1341 534 535 536 4374 4375 4376 
1342 506 494 1618 4377 4378 4379 
1343 548 547 549 4380 4381 4382 
1344 1396 1397 1398 3769 4383 4384 
1345 544 536 545 4385 4386 4387 
1346 634 737 1233 4388 4389 4390 
1347 481 480 484 4391 4392 4393 
1348 686 689 795 4394 4395 4396 
1349 708 659 709 4397 4398 4399 
1350 463 461 464 4400 4401 4402 
1351 1141 1140 1142 3667 4403 3700 
1352 1611 600 1777 4216 4404 3394 
1353 788 832 1620 4405 3823 4406 
1354 478 477 480 4407 4408 4409 
1355 588 589 590 4373 4304 4410 
1356 961 962 963 4411 4412 3854 
1357 1042 1041 1187 4413 3956 4414 
1358 457 450 1626 4415 3999 4416 
1359 637 639 640 4201 4417 4418 
1360 476 475 477 4419 4420 4421 
1361 733 1067 1069 4422 4341 4423 
1362 988 1197 1206 4014 4424 4425 
1363 474 473 475 4426 4427 4428 
1364 635 634 1570 4429 4430 3951 
1365 1170 665 1647 4431 4432 4294 
1366 563 1610 1619 3355 3400 4433 
1367 1009 1010 1076 4211 4018 4434 
1368 1190 982 1632 4435 4436 4283 
1369 585 599 600 4437 4438 4215 
1370 1161 1160 1162 4010 4439 4190 
1371 628 629 648 4440 4441 3163 
1372 733 571 1067 4106 4442 4422 
1373 716 715 717 3906 4443 3851 
1374 904 905 953 4444 2786 4445 
1375 861 860 986 4446 2662 4447 
1376 594 593 602 4339 4448 4449 
1377 1050 1049 1061 3867 4450 3702 
1378 494 1093 1618 4451 3318 4378 
1379 895 894 896 4452 4453 4454 
1380 550 549 551 4455 4456 4457 
1381 472 471 473 4458 4459 4460 
1382 545 547 548 4371 4380 4461 
1383 1000 1728 1729 4462 4463 4464 
1384 1518 1763 1812 4154 4179 4465 
1385 558 557 560 4466 4467 4468 
1386 603 602 634 4469 4470 4471 
1387 670 671 1596 4059 4257 4472 
1388 710 728 1638 4473 3848 4474 
1389 534 536 544 4376 4385 4475 
1390 1411 697 1967 2865 4476 3266 
1391 561 560 573 4477 4478 4479 
1392 1098 1100 1216 4480 4481 4231 
1393 692 647 1571 4254 4128 4482 
1394 469 732 1583 4483 4484 4174 
1395 552 551 553 4485 4486 4487 
1396 1095 1096 1097 4488 4349 4489 
1397 634 1233 1570 4390 3536 4430 
1398 1524 1522 1529 4085 3743 4107 
1399 513 493 615 4331 4490 4491 
1400 982 859 1632 4492 4493 4436 
1401 920 390 1707 4494 4495 4496 
1402 584 585 1611 4497 4217 4498 
1403 1274 1041 1575 3957 4268 2497 
1404 901 902 904 4499 4500 4501 
1405 898 901 1628 4502 4503 4504 
1406 814 712 1740 4505 4506 4507 
1407 675 713 714 4508 4509 3880 
1408 856 709 857 4510 4511 4512 
1409 686 795 1750 4396 4513 4514 
1410 563 506 1618 4515 4379 3356 
1411 640 639 641 4417 4516 4517 
1412 1143 1142 1296 3701 4518 2571 
1413 1233 1234 1483 4519 4520 3396 
1414 944 677 1737 4203 4348 4521 
1415 415 417 1602 4522 4523 4234 
1416 744 835 836 4524 4364 4525 
1417 1073 1071 1608 4526 3048 4527 
1418 520 538 734 4528 3857 4529 
1419 1039 953 1196 4530 2671 4531 
1420 502 797 923 4532 4533 4534 
1421 645 635 654 4535 3950 4536 
1422 1649 1890 1899 4292 4537 3831 
1423 95 96 1468 135 3913 4538 
1424 1182 1036 1259 4539 4540 4541 
1425 470 469 471 4542 4173 4543 
1426 695 688 867 4544 3342 4069 
1427 557 559 1589 4545 4546 4547 
1428 1095 1094 1096 4548 4549 4488 
1429 750 402 1631 4550 4551 3481 
1430 1523 1525 1526 4137 4552 3636 
1431 950 988 1581 4056 4553 4554 
1432 1054 1105 1287 4555 4028 4556 
1433 970 971 1045 4557 4558 3529 
1434 657 621 736 4559 4067 3440 
1435 473 471 479 4459 4040 4560 
1436 935 937 1617 4561 4562 4563 
1437 901 900 902 4564 4565 4499 
1438 898 900 901 4566 4564 4502 
1439 634 602 737 4470 4567 4388 
1440 988 1206 1581 4425 4568 4553 
1441 460 457 461 4569 4570 4571 
1442 464 461 747 4401 4572 4124 
1443 777 781 1646 4573 4574 4575 
1444 781 803 1646 4576 4577 4574 
1445 1664 1666 1816 4578 4579 4580 
1446 451 466 1651 4581 4582 4583 
1447 977 980 1052 4584 4181 3790 
1448 600 599 601 4438 4585 4322 
1449 1163 985 1791 4586 4587 4588 
1450 1129 1846 1879 4589 4590 4591 
1451 1302 1692 1801 4592 4279 4593 
1452 904 902 905 4500 4594 4444 
1453 1216 1217 1411 4595 4596 3265 
1454 545 536 546 4386 4597 4369 
1455 708 709 856 4399 4510 4598 
1456 1019 1248 1639 4599 4600 4601 
1457 502 923 1634 4534 4602 4603 
1458 466 468 753 4604 4605 4606 
1459 642 641 704 4607 4608 4609 
1460 1054 983 1105 4610 4134 4555 
1461 548 549 550 4382 4455 4611 
1462 499 504 505 4612 4613 3109 
1463 640 641 642 4517 4607 4614 
1464 692 1571 1627 4482 4615 4229 
1465 682 684 757 4616 3809 3993 
1466 739 580 1607 4617 4115 4618 
1467 896 897 898 4619 4620 4621 
1468 394 393 502 4622 4623 4624 
1469 1381 1073 1608 4625 4527 2857 
1470 1198 1199 1200 4626 4627 3680 
1471 1203 1273 1498 3796 4285 4222 
1472 838 751 1660 4628 3830 4629 
1473 1909 960 1976 3771 2712 4630 
1474 1686 579 1687 4631 4632 4633 
1475 1035 915 1080 4634 3098 4635 
1476 394 502 1634 4624 4603 4636 
1477 691 692 723 4255 4637 4638 
1478 526 514 1574 4320 4130 2928 
1479 390 392 1707 4639 4640 4495 
1480 466 753 1651 4606 4641 4582 
1481 753 468 1606 4605 4642 4643 
1482 1511 1509 1512 3985 4644 3709 
1483 787 788 1620 4645 4406 4646 
1484 941 940 1136 4647 4648 3078 
1485 809 710 1638 4649 4474 4650 
1486 958 957 959 4362 4651 3937 
1487 570 586 587 4652 4653 4325 
1488 1128 935 1617 4654 4563 3961 
1489 704 935 1128 4655 4654 4656 
1490 744 741 835 4657 4658 4524 
1491 723 692 724 4637 4228 4659 
1492 896 894 897 4453 4660 4619 
1493 1098 1096 1100 4350 4661 4480 
1494 684 686 1750 4662 4514 3810 
1495 1093 488 1643 4663 4664 3211 
1496 973 896 1628 4665 4666 4225 
1497 1547 1240 1686 4667 4343 4668 
1498 1637 1547 1686 3849 4668 4669 
1499 550 551 552 4457 4485 4670 
1500 579 1686 1704 4631 4345 4671 
1501 954 955 1058 4271 4101 4672 
1502 1647 663 1657 4673 4674 4675 
1503 985 814 1791 4676 3283 4587 
1504 447 451 1651 4677 4583 4678 
1505 468 470 1606 4679 4260 4642 
1506 775 773 1590 4680 4681 4682 
1507 857 858 859 4683 4684 4685 
1508 857 709 858 4511 4686 4683 
1509 514 515 541 4687 4688 4129 
1510 704 705 935 4689 4690 4655 
1511 1184 973 1239 4691 4224 4692 
1512 400 448 1631 4693 3478 4694 
1513 1675 1017 1722 4695 4696 4697 
1514 1613 1612 1867 4698 4699 4700 
1515 1086 590 1087 4701 4702 4703 
1516 553 555 556 4704 4705 4706 
1517 1571 1612 1613 4176 4698 4707 
1518 1718 1573 1835 4226 4708 4097 
1519 1781 728 1825 3807 4016 4709 
1520 493 464 1586 4359 4125 4710 
1521 400 398 448 4711 4712 4693 
1522 733 1069 1083 4423 3463 3818 
1523 460 461 463 4571 4400 4713 
1524 896 898 1628 4621 4504 4666 
1525 513 615 702 4491 4714 4715 
1526 892 893 894 4716 4717 4718 
1527 556 555 557 4705 4719 4720 
1528 897 894 1728 4660 4721 4722 
1529 892 894 895 4718 4452 4723 
1530 977 808 979 4002 4724 4725 
1531 387 388 389 4038 4726 3202 
1532 936 1019 1639 4727 4601 4728 
1533 981 859 982 4729 4492 4730 
1534 658 642 659 4731 4236 4732 
1535 1504 1481 1505 4027 4733 3577 
1536 1728 1724 1729 4734 4735 4463 
1537 741 739 1599 4736 4737 4738 
1538 738 650 1644 4739 4740 4741 
1539 491 498 499 4742 4743 4744 
1540 655 654 696 4745 4351 4746 
1541 603 634 635 4471 4429 4747 
1542 658 659 708 4732 4397 4748 
1543 1210 1063 1211 4749 3154 4750 
1544 643 618 916 4366 4751 4752 
1545 777 775 780 4753 4754 4755 
1546 835 1599 1609 4756 3585 4757 
1547 1019 1228 1247 4758 4759 4760 
1548 613 573 1582 4264 4761 4762 
1549 417 419 433 4763 4764 4765 
1550 1676 1406 1707 2792 4766 4767 
1551 1412 1418 1419 4768 4769 3253 
1552 581 583 584 4770 4771 4110 
1553 710 657 728 4772 4015 4473 
1554 665 663 1647 4773 4673 4432 
1555 1044 879 1094 4774 4775 4776 
1556 935 936 937 4777 4778 4561 
1557 1242 1787 1847 4779 4246 4780 
1558 1087 590 1630 4702 4309 4781 
1559 480 477 1621 4408 4782 4783 
1560 981 982 1188 4730 4784 3955 
1561 1110 1087 1243 4785 4786 4787 
1562 1783 1824 1842 4788 4789 4790 
1563 978 976 1041 4791 4267 4792 
1564 469 467 732 4793 4794 4483 
1565 898 899 900 4795 4796 4566 
1566 1674 1675 1722 4797 4697 4798 
1567 520 537 538 4799 4800 4528 
1568 822 860 861 3891 4446 4801 
1569 558 560 561 4468 4477 4802 
1570 619 628 1642 4803 3479 4804 
1571 510 526 1591 4321 2962 4337 
1572 1094 879 1638 4775 4805 4186 
1573 396 1634 1641 4806 4807 4808 
1574 463 464 492 4402 4358 4809 
1575 672 665 1170 4810 4431 4811 
1576 1243 1087 1630 4786 4781 4812 
1577 859 858 914 4684 4813 4814 
1578 712 674 1740 4815 4143 4506 
1579 624 597 1657 4816 4817 4818 
1580 580 568 581 4819 4820 4114 
1581 556 557 558 4720 4466 4821 
1582 433 577 650 4822 4823 4824 
1583 936 1001 1019 4825 4826 4727 
1584 607 643 1777 4367 4827 4828 
1585 641 639 1694 4516 3803 4829 
1586 866 790 915 4830 3647 4831 
1587 584 583 585 4771 4832 4497 
1588 914 1079 1092 4833 4834 4835 
1589 1092 1079 1477 4834 3262 4836 
1590 1000 897 1728 4837 4722 4462 
1591 534 532 535 4838 4839 4374 
1592 1306 1195 1307 4840 4354 2434 
1593 1406 920 1707 4841 4496 4766 
1594 1811 1489 1894 3773 4842 3864 
1595 740 739 741 4843 4736 4844 
1596 413 1091 1654 4845 2740 4846 
1597 699 823 1229 4847 4848 4849 
1598 1216 1100 1217 4481 4850 4595 
1599 1641 1634 1659 4807 4851 4852 
1600 492 493 512 4360 4330 4853 
1601 802 918 1649 4854 4290 4855 
1602 857 859 981 4685 4729 4856 
1603 656 621 657 4857 4559 4858 
1604 1247 1228 1440 4759 4192 3991 
1605 477 758 1621 4859 4860 4782 
1606 468 469 470 4861 4542 4679 
1607 1599 739 1607 4737 4618 4052 
1608 1248 1247 1572 4862 3091 4863 
1609 1628 901 1640 4503 4864 4117 
1610 1044 1094 1095 4776 4548 2295 
1611 1659 1111 1742 4865 3838 4866 
1612 1682 531 1829 4867 4868 4869 
1613 433 419 577 4764 4870 4822 
1614 477 475 758 4420 4871 4859 
1615 910 908 1077 4300 4872 3351 
1616 455 450 457 4873 4415 4874 
1617 723 724 801 4659 4875 4876 
1618 1411 1217 1412 4596 4877 2774 
1619 1592 457 1626 4878 4416 4879 
1620 1398 1397 1576 4383 4880 3028 
1621 510 511 514 4881 4882 4319 
1622 1010 838 1660 4210 4629 4084 
1623 937 936 1639 4778 4728 4883 
1624 1262 1059 1567 4153 4289 4884 
1625 567 568 580 4885 4819 4886 
1626 895 896 973 4454 4665 4887 
1627 835 741 1599 4658 4738 4756 
1628 491 499 630 4744 3232 3933 
1629 859 914 1632 4814 4888 4493 
1630 1019 1001 1228 4826 4889 4758 
1631 417 433 1602 4765 4890 4523 
1632 905 906 991 4891 4892 2862 
1633 392 393 394 4893 4622 4894 
1634 412 410 1765 4895 3935 4896 
1635 517 562 1663 4897 4898 4899 
1636 607 601 608 4323 4900 4310 
1637 505 519 520 4901 4902 4903 
1638 494 488 1093 4904 4663 4451 
1639 919 787 940 4905 4906 4907 
1640 669 626 1023 4908 4909 4910 
1641 704 641 705 4608 4911 4689 
1642 650 699 1644 4912 4913 4740 
1643 1028 1156 1671 4914 4915 4916 
1644 645 654 655 4536 4745 4917 
1645 1748 701 1752 4918 4919 4920 
1646 935 705 936 4690 4921 4777 
1647 923 925 1659 4922 4923 4924 
1648 1663 1664 1667 4925 4926 4927 
1649 1189 1190 1191 4928 4929 4930 
1650 448 398 1641 4712 4931 4932 
1651 1188 982 1189 4784 4933 4934 
1652 470 471 472 4543 4458 4935 
1653 1661 1748 1752 4936 4920 4937 
1654 499 498 504 4743 4938 4612 
1655 546 536 1751 4597 4939 4940 
1656 1663 562 1664 4898 4941 4925 
1657 802 724 918 4942 4239 4854 
1658 904 953 1039 4445 4530 4943 
1659 803 783 1712 4944 4945 4946 
1660 484 752 1643 4947 2999 4948 
1661 642 704 1624 4609 4949 4237 
1662 1110 1243 1414 4787 4950 3258 
1663 925 1005 1111 4951 3959 4952 
1664 573 560 1582 4478 4953 4761 
1665 1632 1092 1633 4954 3320 4284 
1666 1136 1218 1220 4955 2963 4956 
1667 461 457 1592 4570 4878 4957 
1668 1136 940 1218 4648 4958 4955 
1669 484 496 752 4959 4218 4947 
1670 533 532 534 4960 4838 4961 
1671 454 459 1759 4962 4963 3966 
1672 491 490 498 4964 4965 4742 
1673 588 590 1086 4410 4701 4966 
1674 594 602 603 4449 4469 4967 
1675 914 927 1079 4968 4969 4833 
1676 422 425 1695 4970 4971 4972 
1677 446 442 917 4973 4974 4100 
1678 649 629 1737 4975 4976 4347 
1679 538 569 570 4977 4978 4205 
1680 1229 823 1365 4848 4979 4980 
1681 886 1153 1154 4981 4982 4983 
1682 560 557 1589 4467 4547 4984 
1683 1191 1190 1653 4929 4252 2277 
1684 1096 1094 1598 4549 4185 4985 
1685 945 730 1614 4986 4006 4987 
1686 702 703 787 4988 4989 4990 
1687 919 940 941 4907 4647 4991 
1688 714 713 715 4509 4992 3905 
1689 925 1111 1659 4952 4865 4923 
1690 801 724 802 4875 4942 4993 
1691 392 394 395 4894 4994 4995 
1692 923 924 925 4996 4997 4922 
1693 749 670 751 4998 4999 5000 
1694 888 891 1668 5001 5002 5003 
1695 535 532 1682 4839 5004 5005 
1696 781 782 783 5006 5007 5008 
1697 604 565 606 5009 5010 5011 
1698 1192 1191 1275 5012 2515 5013 
1699 636 610 637 5014 4199 5015 
1700 801 802 886 4993 5016 5017 
1701 1634 923 1659 4602 4924 4851 
1702 783 782 784 5007 5018 5019 
1703 1687 579 1765 4632 5020 3630 
1704 925 1004 1005 5021 5022 4951 
1705 922 1108 1661 5023 5024 5025 
1706 857 981 1650 4856 3626 5026 
1707 925 924 1004 4997 5027 5021 
1708 950 1581 1622 4554 2119 5028 
1709 1153 802 1649 5029 4855 5030 
1710 404 402 750 5031 4550 4017 
1711 886 802 1153 5016 5029 4981 
1712 1019 1247 1248 4760 4862 4599 
1713 1053 1252 1253 5032 5033 2251 
1714 983 856 1650 5034 5035 4135 
1715 433 650 738 4824 4739 5036 
1716 482 481 488 5037 5038 5039 
1717 472 473 474 4460 4426 5040 
1718 908 835 1609 4365 4757 5041 
1719 879 809 1638 5042 4650 4805 
1720 762 824 1717 5043 2847 5044 
1721 1189 982 1190 4933 4435 4928 
1722 465 486 1720 5045 5046 5047 
1723 1032 1127 1674 5048 5049 5050 
1724 1024 829 1656 5051 5052 5053 
1725 1075 1221 1432 5054 3081 4275 
1726 402 400 1631 5055 4694 4551 
1727 783 784 804 5019 5056 5057 
1728 825 922 1661 5058 5025 5059 
1729 792 825 1661 5060 5059 5061 
1730 1184 1239 1272 4692 4078 2528 
1731 1706 1749 1836 5062 5063 4188 
1732 591 592 593 5064 5065 4338 
1733 413 415 1091 5066 4233 4845 
1734 824 764 1719 5067 5068 2860 
1735 804 805 887 5069 5070 5071 
1736 663 624 1657 5072 4818 4674 
1737 648 649 653 5073 5074 3815 
1738 778 777 1646 5075 4575 5076 
1739 1028 1025 1156 5077 5078 4914 
1740 742 741 744 5079 4657 5080 
1741 914 1092 1632 4835 4954 4888 
1742 940 787 1620 4906 4646 5081 
1743 1189 1191 1192 4930 5012 5082 
1744 804 784 805 5056 5083 5069 
1745 922 1085 1108 5084 5085 5023 
1746 901 904 1640 4501 5086 4864 
1747 909 950 1622 4214 5028 5087 
1748 704 1128 1624 4656 3814 4949 
1749 1154 1153 1254 4982 5088 5089 
1750 581 582 583 5090 5091 4770 
1751 751 670 1596 4999 4472 3829 
1752 853 829 1024 5092 5051 5093 
1753 886 1154 1155 4983 5094 5095 
1754 1453 1136 1929 3079 5096 3493 
1755 991 998 1214 5097 3054 2699 
1756 1665 1683 1684 5098 5099 5100 
1757 1789 1709 1795 5101 5102 5103 
1758 481 484 1643 4393 4948 5104 
1759 1644 1229 1645 5105 3466 5106 
1760 482 488 489 5039 5107 3344 
1761 781 780 782 5108 5109 5006 
1762 1154 1254 1255 5089 5110 5111 
1763 620 606 621 5112 5113 5114 
1764 887 805 888 5070 5115 5116 
1765 887 888 1668 5116 5003 5117 
1766 397 617 1676 5118 2982 5119 
1767 767 765 1656 5120 5121 5122 
1768 1396 1398 1438 4384 3166 2868 
1769 453 411 1654 5123 5124 2772 
1770 643 1433 1777 5125 3517 4827 
1771 484 485 496 5126 5127 4959 
1772 732 467 1689 4794 5128 5129 
1773 1713 525 1725 5130 5131 5132 
1774 643 916 1219 4752 3255 5133 
1775 866 915 1035 4831 4634 5134 
1776 509 501 1683 5135 5136 5137 
1777 949 887 1056 5138 5139 5140 
1778 898 897 899 4620 5141 4795 
1779 1173 1028 1671 5142 4916 5143 
1780 1032 1031 1033 5144 5145 5146 
1781 1674 1127 1675 5049 5147 4797 
1782 585 598 599 5148 5149 4437 
1783 483 490 491 5150 4964 3656 
1784 1672 785 1708 5151 5152 5153 
1785 763 1021 1726 5154 5155 5156 
1786 781 783 803 5008 4944 4576 
1787 604 606 620 5011 5112 5157 
1788 829 767 1656 5158 5122 5052 
1789 456 1688 1689 5159 5160 5161 
1790 474 475 476 4428 4419 5162 
1791 771 840 1708 5163 5164 5165 
1792 788 830 832 5166 4039 4405 
1793 1077 908 1609 4872 5041 4119 
1794 709 659 1785 4398 3877 5167 
1795 1192 1275 1312 5013 2449 5168 
1796 1294 1163 1295 5169 5170 2241 
1797 541 542 571 5171 5172 4105 
1798 656 657 710 4858 4772 5173 
1799 1267 1057 1268 5174 5175 2537 
1800 397 398 399 5176 5177 5178 
1801 425 1241 1695 5179 5180 4971 
1802 521 506 563 5181 4515 5182 
1803 574 612 1783 5183 5184 5185 
1804 699 700 823 5186 5187 4847 
1805 759 1789 1795 5188 5103 5189 
1806 904 1039 1640 4943 5190 5086 
1807 468 467 469 5191 4793 4861 
1808 525 504 1725 5192 5193 5131 
1809 699 1229 1644 4849 5105 4913 
1810 804 887 949 5071 5138 5194 
1811 873 1031 1032 5195 5144 5196 
1812 873 1032 1674 5196 5050 5197 
1813 489 494 495 5198 5199 5200 
1814 1192 1312 1339 5168 2233 5201 
1815 470 472 616 4935 5202 4258 
1816 650 651 699 5203 5204 4912 
1817 1056 1668 1692 5205 4277 5206 
1818 540 517 1663 5207 4899 5208 
1819 1057 1056 1670 5209 5210 5211 
1820 397 399 617 5178 2748 5118 
1821 949 1056 1057 5140 5209 5212 
1822 977 979 980 4725 5213 4584 
1823 912 1074 1075 5214 5215 4099 
1824 495 506 507 5216 5217 5218 
1825 1607 584 1711 4111 5219 4053 
1826 936 705 1001 4921 5220 4825 
1827 389 388 390 4726 5221 5222 
1828 917 1871 1919 5223 5224 3861 
1829 1056 887 1668 5139 5117 5205 
1830 501 928 1683 5225 5226 5136 
1831 671 679 680 5227 5228 4301 
1832 1714 934 1782 5229 5230 5231 
1833 742 744 1736 5080 5232 5233 
1834 1109 1087 1110 5234 4785 5235 
1835 411 413 1654 5236 4846 5124 
1836 914 858 927 4813 5237 4968 
1837 891 890 892 5238 5239 5240 
1838 489 488 494 5107 4904 5198 
1839 399 398 400 5177 4711 5241 
1840 567 580 611 4886 5242 5243 
1841 725 727 993 3897 5244 3632 
1842 1079 927 1502 4969 5245 3714 
1843 420 422 1695 5246 4972 5247 
1844 773 546 1751 5248 4940 5249 
1845 702 787 919 4990 4905 5250 
1846 1177 1113 1754 5251 5252 5253 
1847 409 411 453 5254 5123 3384 
1848 476 477 478 4421 4407 5255 
1849 576 543 1132 5256 5257 5258 
1850 777 780 781 4755 5108 4573 
1851 611 580 739 5242 4617 5259 
1852 888 889 890 5260 5261 5262 
1853 1103 1503 1507 5263 3498 5264 
1854 1419 1418 1453 4769 3175 3492 
1855 484 480 485 4392 5265 5126 
1856 478 480 481 4409 4391 5266 
1857 495 494 506 5199 4377 5216 
1858 888 890 891 5262 5238 5001 
1859 574 573 612 5267 4263 5183 
1860 1102 1089 1103 5268 5269 5270 
1861 892 890 893 5239 5271 4716 
1862 91 366 1822 3974 5272 5273 
1863 249 368 1823 3976 5274 5275 
1864 399 400 401 5241 5276 2805 
1865 507 506 521 5217 5181 5277 
1866 532 531 1682 5278 4867 5004 
1867 785 771 1708 5279 5165 5152 
1868 840 1003 1708 5280 5281 5164 
1869 1005 1004 1730 5022 5282 3485 
1870 567 540 568 5283 5284 4885 
1871 856 857 1650 4512 5026 5035 
1872 389 390 920 5222 4494 5285 
1873 871 873 1674 5286 5197 5287 
1874 1943 479 1951 5288 5289 5290 
1875 1003 1088 1089 5291 5292 5293 
1876 928 487 1715 5294 5295 5296 
1877 395 397 1676 5297 5119 5298 
1878 498 490 1101 4965 5299 5300 
1879 1670 1056 1692 5210 5206 5301 
1880 1685 1705 1706 5302 5303 4187 
1881 1071 996 1072 5304 3045 2809 
1882 1108 1085 1157 5085 5305 5306 
1883 1149 920 1405 5307 5308 2825 
1884 1104 1057 1267 5309 5174 5310 
1885 455 457 460 4874 4569 5311 
1886 1166 1162 1167 4191 5312 4280 
1887 1683 928 1684 5226 5313 5099 
1888 776 775 777 5314 4753 5315 
1889 398 396 1641 5316 4808 4931 
1890 1552 1551 1553 4261 5317 5318 
1891 389 920 1149 5285 5307 3676 
1892 441 1106 1718 5319 4227 5320 
1893 1664 562 1665 4941 5321 5322 
1894 608 601 1800 4900 5323 5324 
1895 1405 920 1406 5308 4841 2736 
1896 939 934 1714 5325 5229 5326 
1897 828 767 829 5327 5158 5328 
1898 877 809 879 5329 5042 5330 
1899 1571 1613 1627 4707 5331 4615 
1900 1664 1665 1666 5322 5332 4578 
1901 392 395 1707 4995 5333 4640 
1902 395 394 396 4994 5334 5335 
1903 581 568 582 4820 5336 5090 
1904 740 741 742 4844 5079 5337 
1905 539 517 540 5338 5207 5339 
1906 547 546 572 4370 5340 5341 
1907 1003 1089 1102 5293 5268 5342 
1908 1268 1057 1670 5175 5211 5343 
1909 444 449 690 5344 3883 3323 
1910 1233 737 1234 4389 5345 4519 
1911 888 805 889 5115 5346 5260 
1912 873 1030 1031 5347 5348 5195 
1913 853 1024 1025 5093 5349 5350 
1914 1039 1196 1270 4531 5351 5352 
1915 1102 1672 1708 5353 5153 5354 
1916 562 509 1683 5355 5137 5356 
1917 1198 989 1199 4092 5357 4626 
1918 1032 1033 1120 5146 5358 5359 
1919 1179 1080 1180 5360 3084 5361 
1920 516 509 517 5362 5363 5364 
1921 1236 1636 1690 5365 3996 5366 
1922 508 501 509 5367 5135 5368 
1923 1637 1686 1687 4669 4633 3717 
1924 1662 1663 1667 5369 4927 5370 
1925 564 516 1691 5371 5372 5373 
1926 504 498 1725 4938 5374 5193 
1927 1662 540 1663 5375 5208 5369 
1928 702 615 703 4714 5376 4988 
1929 1075 1074 1221 5215 5377 5054 
1930 1679 1680 1681 5378 5379 5380 
1931 21 377 1699 5381 5382 5383 
1932 505 520 1838 4903 5384 3558 
1933 1590 773 1751 4681 5249 5385 
1934 827 828 933 5386 5387 2965 
1935 1231 1023 1246 5388 5389 5390 
1936 508 516 564 5391 5371 5392 
1937 1033 1031 1146 5145 5393 5394 
1938 539 540 567 5339 5283 5395 
1939 518 512 523 5396 5397 5398 
1940 1152 939 1714 5399 5326 5400 
1941 496 497 510 5401 5402 4336 
1942 1236 1547 1636 5403 3748 5365 
1943 517 509 562 5363 5355 4897 
1944 516 517 539 5364 5338 5404 
1945 1685 928 1715 5405 5296 5406 
1946 1106 436 1700 5407 5408 4169 
1947 1006 833 1113 5409 5410 5411 
1948 1236 1240 1547 5412 4667 5403 
1949 1086 1087 1109 4703 5234 5413 
1950 501 487 928 5414 5294 5225 
1951 1032 1120 1127 5359 5415 5048 
1952 755 428 1701 5416 5417 5418 
1953 508 509 516 5368 5362 5391 
1954 516 539 1691 5404 5419 5372 
1955 19 20 325 59 5420 3169 
1956 20 21 1699 60 5383 5421 
1957 98 99 326 138 3944 4156 
1958 177 178 327 217 2607 2614 
1959 256 257 328 296 5422 4158 
1960 500 487 501 5423 5414 5424 
1961 27 28 369 67 3420 2816 
1962 106 107 370 146 3423 3761 
1963 185 186 371 225 2485 2461 
1964 264 265 372 304 3425 5425 
1965 626 608 1800 5426 5324 5427 
1966 1107 929 1236 5428 5429 5430 
1967 1107 1236 1690 5430 5366 5431 
1968 24 25 321 64 5432 2880 
1969 103 104 322 143 5433 3130 
1970 182 183 323 222 2446 2596 
1971 261 262 324 301 5434 2103 
1972 418 416 1698 5435 5436 5437 
1973 421 418 1698 5438 5437 5439 
1974 441 436 1106 5440 5407 5319 
1975 500 501 508 5424 5367 5441 
1976 1684 928 1685 5313 5405 5442 
1977 1236 929 1240 5429 5443 5412 
1978 1033 1147 1709 5444 5445 5446 
1979 1240 1698 1704 5447 5448 4344 
1980 401 400 402 5276 5055 5449 
1981 1696 755 1701 4170 5418 5450 
1982 454 458 459 5451 5452 4962 
1983 787 703 788 4989 5453 4645 
1984 900 899 903 4796 5454 5455 
1985 1147 1146 1148 5456 5457 5458 
1986 1705 1685 1715 5302 5406 5459 
1987 397 396 398 5460 5316 5176 
1988 929 421 1698 5461 5439 5462 
1989 428 424 1701 5463 5464 5417 
1990 452 445 646 5465 5466 5467 
1991 486 759 1720 5468 5469 5046 
1992 395 1676 1707 5298 4767 5333 
1993 423 929 1107 5470 5428 5471 
1994 430 755 1700 5472 3874 5473 
1995 459 462 465 5474 5475 5476 
1996 486 462 487 5477 5478 5479 
1997 490 465 1720 5480 5047 5481 
1998 840 1002 1003 5482 5483 5280 
1999 1103 1089 1503 5269 5484 5263 
2000 438 436 441 5485 5440 5486 
2001 949 1057 1104 5212 5309 5487 
2002 409 408 410 5488 3564 5489 
2003 619 627 628 5490 5491 4803 
2004 871 1674 1722 5287 4798 5492 
2005 905 902 906 4594 5493 4891 
2006 432 430 1700 5494 5473 5495 
2007 411 412 413 5496 5497 5236 
2008 405 406 407 5498 5499 2788 
2009 434 432 435 5500 5501 5502 
2010 436 432 1700 5503 5495 5408 
2011 893 1724 1728 5504 4734 5505 
2012 1460 1459 1461 5506 5507 5508 
2013 395 396 397 5335 5460 5297 
2014 407 406 408 5499 5509 5510 
2015 419 418 420 5511 5512 5513 
2016 420 418 421 5512 5438 5514 
2017 430 428 755 5515 5416 5472 
2018 435 436 438 5516 5485 3179 
2019 415 416 417 5517 5518 4522 
2020 423 421 929 5519 5461 5470 
2021 449 452 454 5520 5521 3611 
2022 486 487 500 5479 5423 5522 
2023 568 540 1662 5284 5375 5523 
2024 405 404 406 5524 3758 5498 
2025 409 410 411 5489 5525 5254 
2026 422 424 425 5526 5527 4970 
2027 426 424 428 5528 5463 5529 
2028 425 426 427 5530 5531 5532 
2029 431 430 432 5533 5494 5534 
2030 435 432 436 5501 5503 5516 
2031 459 458 462 5452 5535 5474 
2032 465 462 486 5475 5477 5045 
2033 1705 646 1706 5536 5537 5303 
2034 765 763 1726 5538 5156 5539 
2035 403 404 405 5540 5524 5541 
2036 414 412 579 5542 5543 5544 
2037 415 414 416 5545 5546 5517 
2038 425 424 426 5527 5528 5530 
2039 431 432 434 5534 5500 5547 
2040 434 435 439 5502 3704 5548 
2041 449 445 452 5549 5465 5520 
2042 1365 823 1367 4979 5550 2800 
2043 1240 929 1698 5443 5462 5447 
2044 408 406 437 5509 4064 3834 
2045 413 412 414 5497 5542 5551 
2046 424 423 1701 5552 5553 5464 
2047 426 428 429 5529 5554 5555 
2048 429 430 431 5556 5533 5557 
2049 444 445 449 5558 5549 5344 
2050 454 452 458 5521 5559 5451 
2051 784 1013 1710 5560 5561 5562 
2052 1120 1033 1709 5358 5446 5563 
2053 417 416 418 5518 5435 5564 
2054 422 423 424 5565 5552 5526 
2055 423 1107 1701 5471 5566 5553 
2056 553 554 555 5567 5568 4704 
2057 1107 1690 1696 5431 4083 5569 
2058 21 22 377 61 5570 5381 
2059 100 101 378 140 3434 3940 
2060 179 180 379 219 2444 2606 
2061 258 259 380 298 5571 5572 
2062 401 402 403 5449 5573 2765 
2063 407 408 409 5510 5488 2756 
2064 413 414 415 5551 5545 5066 
2065 420 421 422 5514 5574 5246 
2066 422 421 423 5574 5519 5565 
2067 429 428 430 5554 5515 5556 
2068 438 441 444 5486 5575 3234 
2069 458 1705 1715 5576 5459 5577 
2070 500 508 1697 5441 5578 5579 
2071 621 606 1803 5113 5580 4068 
2072 893 890 1677 5271 5581 5582 
2073 411 410 412 5525 4895 5496 
2074 1698 416 1704 5436 5583 5448 
2075 1658 420 1695 5584 5247 5585 
2076 565 523 1763 5586 4177 5587 
2077 1113 833 1741 5410 5588 5589 
2078 1561 1559 1565 5590 5591 3057 
2079 625 552 851 5592 5593 5594 
2080 764 766 1719 5595 5596 5068 
2081 1033 1146 1147 5394 5456 5444 
2082 1107 1696 1701 5569 5450 5566 
2083 417 418 419 5564 5511 4763 
2084 489 495 578 5200 5597 3348 
2085 416 414 1704 5546 5598 5583 
2086 474 932 1758 5599 5600 5601 
2087 620 621 656 5114 4857 5602 
2088 1203 1202 1204 4162 3075 4051 
2089 759 500 1697 5603 5579 5604 
2090 508 564 1697 5392 5605 5578 
2091 740 743 1702 5606 5607 5608 
2092 414 579 1704 5544 4671 5598 
2093 444 441 445 5575 5609 5558 
2094 458 452 1705 5559 5610 5576 
2095 799 745 868 5611 5612 5613 
2096 890 889 1677 5261 5614 5581 
2097 893 1677 1724 5582 5615 5504 
2098 452 646 1705 5467 5536 5610 
2099 403 402 404 5573 5031 5540 
2100 1288 1105 1755 4029 3932 2258 
2101 1665 562 1683 5321 5356 5098 
2102 1003 1102 1708 5342 5354 5281 
2103 396 394 1634 5334 4636 4806 
2104 585 583 598 4832 5616 5148 
2105 1144 1212 1213 3560 4318 5617 
2106 403 405 503 5541 2753 3457 
2107 1015 864 1020 5618 5619 5620 
2108 745 742 1736 5621 5233 5622 
2109 1576 1397 1577 4880 5623 5624 
2110 1586 1587 1807 4090 5625 5626 
2111 425 427 1241 5532 5627 5179 
2112 1656 765 1726 5121 5539 5628 
2113 847 865 1012 5629 3778 5630 
2114 1237 1117 1573 5631 5632 5633 
2115 487 462 1715 5478 5634 5295 
2116 486 500 759 5522 5603 5468 
2117 1237 1573 1673 5633 4221 4120 
2118 1641 1659 1742 4852 4866 5635 
2119 445 441 1718 5609 5320 5636 
2120 847 864 865 5637 5638 5629 
2121 325 20 1699 5420 5421 5639 
2122 762 764 824 5640 5067 5043 
2123 865 1015 1016 5641 5642 3983 
2124 1006 1113 1114 5411 5643 5644 
2125 1594 1430 1595 5645 5646 5647 
2126 881 958 1860 4363 5648 5649 
2127 894 893 1728 4717 5505 4721 
2128 1016 1015 1117 5642 5650 5651 
2129 1016 1117 1237 5651 5631 4035 
2130 1302 1301 1311 5652 5653 5654 
2131 566 565 604 5655 5009 5656 
2132 584 1611 1711 4498 3917 5219 
2133 847 846 864 5657 5658 5637 
2134 1003 1002 1088 5483 5659 5291 
2135 743 1017 1702 5660 5661 5607 
2136 680 682 1605 5662 3994 5663 
2137 1043 879 1044 5664 4774 5665 
2138 967 965 969 3651 5666 4122 
2139 1114 1113 1177 5643 5251 5667 
2140 769 771 785 5668 5279 5669 
2141 1433 1219 1568 5670 3335 3413 
2142 845 846 847 5671 5657 5672 
2143 865 864 1015 5638 5618 5641 
2144 507 521 522 5277 5673 5674 
2145 599 598 631 5149 5675 5676 
2146 805 784 1710 5083 5562 5677 
2147 611 740 1702 5678 5608 5679 
2148 1677 1678 1679 5680 5681 5682 
2149 1147 1148 1713 5458 5683 5684 
2150 1883 1148 1893 5685 5686 5687 
2151 644 635 645 5688 4535 5689 
2152 1562 1563 1564 5690 2936 5691 
2153 1668 891 1801 5002 5692 4278 
2154 784 782 1013 5018 5693 5560 
2155 877 879 1043 5330 5664 5694 
2156 1082 941 1119 5695 3160 5696 
2157 771 772 840 5697 5698 5163 
2158 462 458 1715 5535 5577 5634 
2159 810 809 877 5699 5329 5700 
2160 536 535 1751 4375 5701 4939 
2161 1017 746 1722 5702 5703 4696 
2162 780 775 1590 4754 4682 5704 
2163 844 842 931 5705 5706 5707 
2164 1276 1051 1277 5708 5709 5710 
2165 1134 1249 1251 5711 5712 5713 
2166 825 921 922 5714 5715 5058 
2167 1043 1289 1290 5716 5717 5718 
2168 808 735 1597 4044 3898 5719 
2169 847 1012 1716 5630 3990 5720 
2170 1602 738 1603 5721 3624 4241 
2171 845 844 846 5722 5723 5671 
2172 769 770 771 5724 5725 5668 
2173 1215 1354 1431 5726 2752 5727 
2174 1552 1553 1554 5318 5728 2145 
2175 1560 1559 1561 5729 5590 5730 
2176 566 604 605 5656 5731 5732 
2177 1065 939 1152 5733 5399 5734 
2178 1102 1112 1672 5735 5736 5353 
2179 1215 1116 1354 5737 5738 5726 
2180 646 445 1718 5466 5636 4096 
2181 783 804 1712 5057 5739 4945 
2182 1243 1630 1818 4812 5740 5741 
2183 845 847 1716 5672 5720 5742 
2184 1562 1561 1563 5743 2859 5690 
2185 746 745 799 5744 5611 5745 
2186 743 746 1017 5746 5702 5660 
2187 1677 1679 1724 5682 5747 5615 
2188 922 1084 1085 5748 5749 5084 
2189 498 1101 1725 5300 5750 5374 
2190 650 577 651 4823 5751 5203 
2191 1560 1561 1562 5730 5743 2556 
2192 433 738 1602 5036 5721 4890 
2193 522 521 527 5673 5752 5753 
2194 836 909 987 4353 5754 5755 
2195 843 845 926 5756 5757 5758 
2196 871 872 873 5759 5760 5286 
2197 1102 1103 1112 5270 5761 5735 
2198 1290 1289 1313 5717 2448 2508 
2199 923 797 924 4533 5762 4996 
2200 731 680 1605 4302 5663 3272 
2201 800 870 871 5763 5764 5765 
2202 1558 1559 1560 5766 5729 5767 
2203 840 841 1002 5768 5769 5482 
2204 392 391 393 5770 5771 4893 
2205 1004 1174 1730 5772 3792 5282 
2206 419 420 1658 5513 5584 5773 
2207 771 770 772 5725 5774 5697 
2208 872 870 874 5775 5776 5777 
2209 631 768 769 5778 5779 5780 
2210 840 772 841 5698 5781 5768 
2211 1156 1025 1787 5078 5782 5783 
2212 792 1661 1752 5061 4937 5784 
2213 931 842 1731 5706 5785 5786 
2214 1558 1557 1559 5787 5788 5766 
2215 524 523 565 5789 5586 5790 
2216 861 986 1062 4447 4242 5791 
2217 873 872 1030 5760 5792 5347 
2218 746 800 1722 5793 5794 5703 
2219 1691 1753 1769 5795 5796 5797 
2220 1746 582 1760 5798 5799 5800 
2221 800 799 869 5801 5802 5803 
2222 843 844 845 5804 5722 5756 
2223 1120 1709 1789 5563 5101 5805 
2224 579 412 1765 5543 4896 5020 
2225 505 504 519 4613 5806 4901 
2226 827 767 828 5807 5327 5386 
2227 1043 1044 1289 5665 2503 5716 
2228 426 429 1735 5555 5808 5809 
2229 743 742 745 5810 5621 5811 
2230 763 761 1021 5812 5813 5154 
2231 1008 1066 1090 5814 2738 5815 
2232 1089 1088 1703 5292 5816 5817 
2233 1157 1352 1353 5818 5819 5820 
2234 828 829 852 5328 5821 5822 
2235 582 568 1662 5336 5523 5823 
2236 604 620 1693 5157 5824 5825 
2237 1118 1746 1760 5826 5800 5827 
2238 810 877 878 5700 5828 5829 
2239 1130 985 1163 5830 4586 5831 
2240 1066 1007 1175 5832 5833 5834 
2241 427 426 1735 5531 5809 5835 
2242 553 556 1776 4706 5836 5837 
2243 671 633 679 4058 5838 5227 
2244 926 845 1716 5757 5742 5839 
2245 1172 1028 1173 5840 5142 5841 
2246 1088 1115 1508 5842 5843 5844 
2247 1300 1301 1302 5845 5652 5846 
2248 769 768 770 5779 5847 5724 
2249 1356 1175 1357 5848 5849 3251 
2250 524 565 566 5790 5655 5850 
2251 667 863 1029 5851 5852 5853 
2252 834 1007 1008 5854 5855 5856 
2253 843 842 844 5857 5705 5804 
2254 826 793 833 5858 5859 5860 
2255 852 829 853 5821 5092 5861 
2256 1691 539 1753 5419 5862 5795 
2257 632 670 749 4272 4998 5863 
2258 841 842 843 5864 5857 5865 
2259 1088 1508 1703 5844 4164 5816 
2260 813 712 814 5866 4505 5867 
2261 746 799 800 5745 5801 5793 
2262 1088 1002 1115 5659 5868 5842 
2263 611 1702 1753 5679 5869 5870 
2264 1503 1089 1703 5484 5817 3534 
2265 1576 1577 1578 5624 5871 2899 
2266 841 772 842 5781 5872 5864 
2267 1084 1116 1215 5873 5737 5874 
2268 390 391 392 5875 5770 4639 
2269 782 780 1745 5109 5876 5877 
2270 889 805 1710 5346 5677 5878 
2271 1017 1675 1769 4695 5879 5880 
2272 1101 490 1720 5299 5481 5881 
2273 550 552 625 4670 5592 5882 
2274 611 739 740 5259 4843 5678 
2275 800 869 870 5803 5883 5763 
2276 1241 427 1242 5627 5884 5885 
2277 600 607 1777 4324 4828 4404 
2278 1127 1120 1792 5415 5886 5887 
2279 616 472 1758 5202 5888 5889 
2280 660 647 691 5890 4253 5891 
2281 800 871 1722 5765 5492 5794 
2282 577 419 1658 4870 5773 5892 
2283 834 1006 1007 5893 5894 5854 
2284 1436 1437 1492 5895 5896 3326 
2285 804 949 1712 5194 5897 5739 
2286 949 1104 1712 5487 5898 5897 
2287 1230 1023 1231 5899 5388 5900 
2288 1027 1025 1028 5901 5077 5902 
2289 513 702 1762 4715 5903 5904 
2290 743 745 746 5811 5744 5746 
2291 1662 1667 1760 5370 5905 5906 
2292 1066 1175 1356 5834 5848 2823 
2293 1675 1127 1798 5147 5907 5908 
2294 999 1224 1225 5909 3501 5910 
2295 834 833 1006 5911 5409 5893 
2296 1008 1007 1066 5855 5832 5814 
2297 1412 1413 1418 5912 5913 4768 
2298 1114 1256 1439 5914 5915 5916 
2299 1677 889 1678 5614 5917 5680 
2300 922 921 1084 5715 5918 5748 
2301 1221 1425 1470 5919 3267 3499 
2302 605 604 1693 5731 5825 5920 
2303 871 870 872 5764 5775 5759 
2304 535 1682 1808 5005 5921 5922 
2305 766 767 827 5923 5807 5924 
2306 1666 1790 1816 5925 5926 4579 
2307 1062 1063 1210 4243 4749 5927 
2308 1157 1085 1352 5305 5928 5818 
2309 1114 1177 1256 5667 5929 5914 
2310 1120 1789 1792 5805 5930 5886 
2311 561 573 574 4479 5267 5931 
2312 1556 1557 1558 5932 5787 2519 
2313 1127 1792 1798 5887 5933 5907 
2314 631 598 768 5675 5934 5778 
2315 1117 1015 1749 5650 5935 5936 
2316 1085 1084 1727 5749 5937 5938 
2317 460 463 1124 4713 5939 5940 
2318 826 833 834 5860 5911 5941 
2319 566 605 652 5732 5942 5943 
2320 1226 1018 1227 5944 5945 5946 
2321 1353 1352 1423 5819 2762 5947 
2322 1508 1115 1509 5843 5948 3669 
2323 440 439 442 5949 3605 5950 
2324 443 442 446 5951 4973 5952 
2325 770 768 1118 5847 5953 5954 
2326 673 791 792 5955 5956 5957 
2327 1369 1370 1391 3739 4065 2993 
2328 483 465 490 5958 5480 5150 
2329 830 831 912 5959 5960 3824 
2330 938 1064 1235 5961 5962 5963 
2331 549 547 1604 4381 5964 5965 
2332 711 810 930 5966 5967 5968 
2333 1594 1595 1610 5647 5969 3399 
2334 1706 646 1835 5537 4098 5970 
2335 711 809 810 5971 5699 5966 
2336 459 465 483 5476 5958 5972 
2337 1300 1299 1301 5973 2383 5845 
2338 1121 605 1693 5974 5920 5975 
2339 1502 1510 1820 5976 4165 3764 
2340 448 1641 1742 4932 5635 3908 
2341 711 710 809 5977 4649 5971 
2342 673 790 791 5978 5979 5955 
2343 1084 921 1116 5918 5980 5873 
2344 1228 1001 1506 4889 5981 4356 
2345 1109 1110 1408 5235 3049 5982 
2346 1713 1725 1768 5132 5983 5984 
2347 918 1627 1893 4240 5985 5986 
2348 1040 973 1184 5987 4691 5988 
2349 518 523 524 5398 5789 5989 
2350 1352 1085 1727 5928 5938 2797 
2351 826 834 1723 5941 5990 5991 
2352 1436 1226 1437 5992 5993 5895 
2353 439 1875 1932 3705 5994 3606 
2354 843 926 1733 5758 5995 5996 
2355 1100 1096 1598 4661 4985 5997 
2356 705 641 1694 4911 4829 5998 
2357 766 827 911 5924 3087 5999 
2358 1585 1150 1977 2826 6000 3316 
2359 699 651 700 5204 6001 5186 
2360 883 817 884 6002 3946 6003 
2361 104 105 1761 144 3916 6004 
2362 825 826 921 6005 6006 5714 
2363 1084 1215 1727 5874 6007 5937 
2364 921 826 1723 6006 5991 6008 
2365 912 913 1074 6009 6010 5214 
2366 1783 612 1824 5184 6011 4788 
2367 766 765 767 6012 5120 5923 
2368 834 1008 1723 5856 6013 5990 
2369 740 742 743 5337 5810 5606 
2370 868 745 1736 5612 5622 2523 
2371 927 858 1785 5237 6014 6015 
2372 1230 1231 1489 5900 6016 3532 
2373 434 439 440 5548 5949 6017 
2374 467 456 1689 6018 5161 5128 
2375 567 611 1753 5243 5870 6019 
2376 597 574 1783 6020 5185 6021 
2377 842 772 1731 5872 6022 5785 
2378 991 906 998 4892 6023 5097 
2379 747 461 1592 4572 4957 6024 
2380 1002 841 1733 5769 6025 6026 
2381 429 431 786 5557 6027 6028 
2382 669 1023 1230 4910 5899 6029 
2383 1720 759 1795 5469 5189 6030 
2384 1175 1007 1721 5833 6031 6032 
2385 1556 1555 1557 6033 3189 5932 
2386 431 434 1738 5547 6034 6035 
2387 825 793 826 6036 5858 6005 
2388 583 582 1746 5091 5798 6037 
2389 754 605 1121 6038 5974 6039 
2390 841 843 1733 5865 5996 6025 
2391 853 1025 1027 5350 5901 6040 
2392 595 1222 1223 6041 6042 4032 
2393 1006 1114 1721 5644 6043 6044 
2394 1578 1577 1579 5871 6045 3185 
2395 839 838 1009 6046 4209 6047 
2396 891 892 1756 5240 6048 6049 
2397 1661 1108 1748 5024 6050 4936 
2398 552 553 1776 4487 5837 6051 
2399 1027 1172 1176 6052 6053 6054 
2400 478 481 482 5266 5037 6055 
2401 625 851 996 5594 2813 6056 
2402 756 751 838 6057 4628 6058 
2403 1040 1299 1300 6059 5973 6060 
2404 492 512 518 4853 5396 6061 
2405 640 642 658 4614 4731 6062 
2406 1001 705 1694 5220 5998 6063 
2407 643 1219 1433 5133 5670 5125 
2408 1115 1002 1733 5868 6026 6064 
2409 666 672 673 6065 6066 6067 
2410 1116 921 1723 5980 6008 6068 
2411 662 624 663 6069 5072 6070 
2412 1015 1020 1749 5620 6071 5935 
2413 764 765 766 6072 6012 5595 
2414 1678 889 1710 5917 5878 6073 
2415 1103 1507 1772 5264 3879 6074 
2416 772 770 1731 5774 6075 6022 
2417 1137 995 1138 4197 6076 3744 
2418 277 350 1788 3721 3679 6077 
2419 999 1018 1224 6078 6079 5909 
2420 883 884 954 6003 4270 6080 
2421 1095 1097 1291 4489 2525 2502 
2422 1112 1103 1772 5761 6074 6081 
2423 1695 1241 1814 5180 6082 6083 
2424 791 790 866 5979 4830 6084 
2425 1224 1226 1436 6085 5992 3531 
2426 930 810 1767 5967 6086 6087 
2427 792 793 825 6088 6036 5060 
2428 1114 1439 1721 5916 6089 6043 
2429 620 656 1744 5602 6090 6091 
2430 673 672 790 6066 6092 5978 
2431 776 777 778 5315 5075 6093 
2432 766 911 1719 5999 2877 5596 
2433 1613 1867 1883 4700 6094 6095 
2434 1753 1702 1769 5869 6096 5796 
2435 539 567 1753 5395 6019 5862 
2436 907 698 934 6097 6098 6099 
2437 1427 1383 1428 6100 6101 6102 
2438 793 791 1741 6103 6104 6105 
2439 1007 1006 1721 5894 6044 6031 
2440 1224 1018 1226 6079 5944 6085 
2441 1040 1184 1299 5988 2536 6059 
2442 1218 940 1620 4958 5081 3882 
2443 770 1118 1731 5954 6106 6075 
2444 863 907 1026 6107 6108 6109 
2445 447 446 450 6110 3997 6111 
2446 603 635 644 4747 5688 6112 
2447 899 897 1000 5141 4837 6113 
2448 1428 1828 1841 6114 6115 6116 
2449 1679 1678 1680 5681 6117 5378 
2450 791 866 1741 6084 6118 6104 
2451 912 831 913 5960 6119 6009 
2452 1483 1234 1484 4520 6120 3687 
2453 474 476 932 5162 6121 5599 
2454 656 710 711 5173 5977 6122 
2455 792 791 793 5956 6103 6088 
2456 1064 939 1065 6123 5733 6124 
2457 1013 782 1745 5693 5877 6125 
2458 1113 1741 1754 5589 6126 5252 
2459 1448 1446 1449 3843 6127 6128 
2460 833 793 1741 5859 6105 5588 
2461 919 941 1082 4991 5695 6129 
2462 459 483 1759 5972 4113 4963 
2463 1709 1147 1768 5445 6130 6131 
2464 466 467 468 6132 5191 4604 
2465 823 700 1717 5187 6133 6134 
2466 488 481 1643 5038 5104 4664 
2467 1221 1074 1425 5377 6135 5919 
2468 664 666 701 6136 6137 6138 
2469 852 853 1734 5861 6139 6140 
2470 615 493 1586 4490 4710 6141 
2471 788 789 830 6142 6143 5166 
2472 785 1672 1882 5151 6144 6145 
2473 943 856 983 6146 5034 6147 
2474 999 942 1018 6148 6149 6078 
2475 1684 1685 1836 5442 4189 6150 
2476 451 450 455 6151 4873 6152 
2477 655 696 697 4746 6153 6154 
2478 1021 761 1780 5813 6155 6156 
2479 1027 1028 1172 5902 5840 6052 
2480 768 598 1746 5934 6157 6158 
2481 1429 1428 1430 6159 6160 6161 
2482 513 1762 1812 5904 6162 6163 
2483 666 665 672 6164 4810 6065 
2484 895 973 1040 4887 5987 6165 
2485 667 1029 1747 5853 6166 6167 
2486 1657 597 1783 4817 6021 6168 
2487 1064 1065 1355 6124 6169 6170 
2488 570 588 1757 4327 6171 4206 
2489 846 844 1790 5723 6172 6173 
2490 520 519 537 4902 6174 4799 
2491 556 558 1135 4821 6175 6176 
2492 1118 768 1746 5953 6158 5826 
2493 1354 1116 1770 5738 6177 3286 
2494 700 651 761 6001 6178 6179 
2495 700 762 1717 6180 5044 6133 
2496 938 939 1064 6181 6123 5961 
2497 606 565 1763 5010 5587 6182 
2498 1132 543 1840 5257 6183 3573 
2499 1693 620 1744 5824 6091 6184 
2500 1116 1723 1770 6068 6185 6177 
2501 938 934 939 6186 5325 6181 
2502 1593 1430 1594 6187 5645 3312 
2503 429 786 1735 6028 6188 5808 
2504 863 698 907 6189 6097 6107 
2505 810 878 1767 5829 3405 6086 
2506 1709 1768 1795 6131 6190 5102 
2507 322 104 1761 5433 6004 2821 
2508 900 903 1797 5455 6191 6192 
2509 1723 1008 1770 6013 6193 6185 
2510 700 761 762 6179 6194 6180 
2511 1647 1657 1842 4675 6195 3817 
2512 551 549 1743 4456 6196 6197 
2513 1245 1073 1381 6198 4625 6199 
2514 1249 1158 1250 6200 6201 6202 
2515 519 504 525 5806 5192 6203 
2516 1829 531 1833 4868 4334 6204 
2517 1086 1109 1588 5413 6205 6206 
2518 440 443 1123 6207 6208 6209 
2519 866 1035 1754 5134 6210 6211 
2520 661 624 662 6212 6069 6213 
2521 987 909 1622 5754 5087 6214 
2522 582 1662 1760 5823 5906 5799 
2523 762 761 763 6194 5812 6215 
2524 913 942 999 6216 6148 6217 
2525 1702 1017 1769 5661 5880 6096 
2526 1412 1217 1413 4877 6218 5912 
2527 1667 1664 1816 4926 4580 6219 
2528 1009 1076 1827 4434 6220 6221 
2529 1426 1383 1427 6222 6100 2959 
2530 652 605 754 5942 6038 6223 
2531 664 663 665 6224 4773 6225 
2532 1035 1080 1179 4635 5360 6226 
2533 851 552 1776 5593 6051 6227 
2534 711 930 1744 5968 6228 6229 
2535 830 789 831 6143 6230 5959 
2536 623 661 667 6231 6232 6233 
2537 656 711 1744 6122 6229 6090 
2538 780 1590 1745 5704 6234 5876 
2539 596 623 1747 6235 6236 6237 
2540 652 760 1126 6238 6239 6240 
2541 853 1027 1734 6040 6241 6139 
2542 1502 927 1510 5245 6242 5976 
2543 623 597 624 6243 4816 6244 
2544 664 665 666 6225 6164 6136 
2545 1239 1640 1806 4118 6245 4079 
2546 764 763 765 6246 5538 6072 
2547 913 831 942 6119 6247 6216 
2548 598 583 1746 5616 6037 6157 
2549 623 624 661 6244 6212 6231 
2550 472 474 1758 5040 5601 5888 
2551 1358 1211 1359 6248 4081 2679 
2552 1553 1555 1556 6249 6033 6250 
2553 916 618 1642 4751 6251 3303 
2554 1710 1013 1775 5561 6252 6253 
2555 667 698 863 6254 6189 5851 
2556 1082 1119 1517 5696 3126 6255 
2557 26 1898 1973 3168 6256 3247 
2558 1367 823 1717 5550 6134 3102 
2559 907 934 938 6099 6186 6257 
2560 1429 1430 1593 6161 6187 2989 
2561 1553 1551 1555 5317 4133 6249 
2562 1027 1176 1734 6054 6258 6241 
2563 999 1225 1764 5910 3470 6259 
2564 645 655 668 4917 6260 6261 
2565 774 773 775 6262 4680 6263 
2566 1427 1428 1429 6102 6159 2988 
2567 662 663 664 6070 6224 6264 
2568 1168 1167 1169 4281 6265 4273 
2569 596 597 623 6266 6243 6235 
2570 1004 1165 1174 6267 6268 5772 
2571 1691 1769 1798 5797 6269 6270 
2572 440 442 443 5950 5951 6207 
2573 1086 1588 1757 6206 3907 6271 
2574 1741 866 1754 6118 6211 6126 
2575 1606 616 1950 4259 3228 6272 
2576 1382 1383 1426 6273 6222 3052 
2577 1008 1090 1770 5815 3296 6193 
2578 1665 1684 1831 5100 6274 6275 
2579 788 703 789 5453 6276 6142 
2580 858 709 1785 4686 5167 6014 
2581 1768 1101 1795 6277 6278 6190 
2582 522 528 529 6279 6280 6281 
2583 530 532 533 6282 4960 6283 
2584 666 673 1752 6067 6284 6285 
2585 807 976 978 4104 4791 6286 
2586 1147 1713 1768 5684 5984 6130 
2587 1725 1101 1768 5750 6277 5983 
2588 1162 1160 1474 4439 4062 6287 
2589 891 1756 1801 6049 6288 5692 
2590 1533 1493 1810 3952 3591 3886 
2591 576 1132 1600 5258 3828 6289 
2592 673 792 1752 5957 5784 6284 
2593 762 763 764 6215 6246 5640 
2594 906 902 1797 5493 6290 6291 
2595 1682 1804 1808 6292 6293 5921 
2596 702 919 1762 5250 6294 5903 
2597 1760 1667 1793 5905 6295 6296 
2598 434 440 1738 6017 6297 6034 
2599 997 996 1071 6298 5304 6299 
2600 1134 1158 1249 6300 6200 5711 
2601 846 1790 1832 6173 6301 6302 
2602 786 431 1738 6027 6035 6303 
2603 547 572 1604 5341 6304 5964 
2604 1510 927 1785 6242 6015 4003 
2605 1134 1133 1158 6305 6306 6300 
2606 577 1658 1780 5892 6307 6308 
2607 518 524 848 5989 6309 6310 
2608 669 1230 1542 6029 3663 6311 
2609 1074 913 1764 6010 6312 6313 
2610 522 527 528 5753 3673 6279 
2611 760 754 1081 6314 6315 6316 
2612 1418 1413 1544 5913 6317 3117 
2613 1769 1675 1798 5879 5908 6269 
2614 622 614 647 6318 4126 6319 
2615 1241 1242 1826 5885 6320 6321 
2616 652 754 760 6223 6314 6238 
2617 588 1086 1757 4966 6271 6171 
2618 667 661 698 6232 6322 6254 
2619 1025 1024 1787 5349 4244 5782 
2620 1004 924 1165 5027 6323 6267 
2621 1414 1243 1868 4950 6324 2890 
2622 566 652 1779 5943 6325 6326 
2623 524 566 1779 5850 6326 6327 
2624 892 895 1756 4723 6328 6048 
2625 1126 1133 1134 6329 6305 6330 
2626 1804 1745 1808 6331 6332 6293 
2627 1053 980 1252 4182 6333 5032 
2628 390 388 391 5221 6334 5875 
2629 455 460 1688 5311 6335 6336 
2630 1245 1381 1388 6199 2870 6337 
2631 895 1040 1756 6165 6338 6328 
2632 1506 1001 1694 5981 6063 4007 
2633 1897 1791 1962 3901 3285 6339 
2634 701 666 1752 6137 6285 4919 
2635 553 551 554 4486 6340 5567 
2636 596 574 597 6341 6020 6266 
2637 652 1126 1779 6240 6342 6325 
2638 1793 1667 1816 6295 6219 6343 
2639 1792 564 1798 6344 6345 5933 
2640 593 595 1601 6346 4034 6347 
2641 1013 1745 1804 6125 6331 6348 
2642 1040 1300 1756 6060 6349 6338 
2643 794 820 1956 6350 3144 6351 
2644 913 999 1764 6217 6259 6312 
2645 460 1124 1688 5940 6352 6335 
2646 1425 1074 1764 6135 6313 3494 
2647 1134 1251 1817 5713 6353 6354 
2648 1814 1241 1826 6082 6321 6355 
2649 1584 1250 1954 3579 3925 6356 
2650 440 1123 1738 6209 6357 6297 
2651 759 1697 1789 5604 6358 5188 
2652 902 900 1797 4565 6192 6290 
2653 1831 1020 1832 6359 6360 6361 
2654 1497 1519 1810 3943 3900 3594 
2655 1382 1122 1383 6362 6363 6273 
2656 1246 1023 1800 5389 6364 6365 
2657 623 667 1747 6233 6167 6236 
2658 1697 564 1792 5605 6344 6366 
2659 1678 1710 1775 6073 6253 6367 
2660 11 12 1939 51 3842 6368 
2661 610 576 1600 6369 6289 4368 
2662 844 931 1790 5707 6370 6172 
2663 1200 1201 1202 6371 6372 4161 
2664 276 277 1788 316 6077 6373 
2665 556 1135 1776 6176 6374 5836 
2666 1126 760 1133 6239 6375 6329 
2667 1590 1751 1808 5385 6376 6377 
2668 1082 1517 1518 6255 4150 6378 
2669 680 681 682 6379 6380 5662 
2670 1513 1011 1514 6381 6382 3112 
2671 1671 1156 1885 4915 6383 6384 
2672 625 996 997 6056 6298 6385 
2673 1846 812 1879 6386 6387 4590 
2674 1245 1388 1389 6337 6388 6389 
2675 564 1691 1798 5373 6270 6345 
2676 651 577 1780 5751 6308 6390 
2677 1117 1749 1835 5936 6391 6392 
2678 1826 1242 1847 6320 4780 6393 
2679 997 1071 1073 6299 4526 6394 
2680 1021 1780 1814 6156 6395 6396 
2681 1101 1720 1795 5881 6030 6278 
2682 1789 1697 1792 6358 6366 5930 
2683 761 651 1780 6178 6390 6155 
2684 997 1073 1244 6394 6397 6398 
2685 1582 560 1589 4953 4984 6399 
2686 1024 1656 1847 5053 6400 4245 
2687 1177 1754 1805 5253 6401 6402 
2688 14 15 333 54 6403 3868 
2689 93 94 334 133 6404 6405 
2690 172 173 335 212 2441 2609 
2691 251 252 336 291 6406 6407 
2692 1824 1014 1842 6408 3751 4789 
2693 1092 1477 1935 4836 6409 3321 
2694 1300 1302 1801 5846 4593 6410 
2695 1124 463 1786 5939 6411 6412 
2696 1756 1300 1801 6349 6410 6288 
2697 7 8 353 47 3592 6413 
2698 86 87 354 126 6414 6415 
2699 165 166 355 205 2453 6416 
2700 244 245 356 284 6417 6418 
2701 961 959 962 3895 6419 4411 
2702 931 1731 1793 5786 6420 6421 
2703 530 528 531 6422 4333 6423 
2704 645 668 1766 6261 3016 6424 
2705 1244 1073 1245 6397 6198 6425 
2706 637 640 1773 4418 6426 6427 
2707 1583 732 1928 4484 6428 3310 
2708 1156 1787 1856 5783 6429 6430 
2709 931 1793 1816 6421 6343 6431 
2710 934 698 1782 6098 6432 5230 
2711 1023 626 1800 4909 5427 6364 
2712 1122 906 1797 6433 6291 6434 
2713 443 446 447 5952 6110 6435 
2714 644 645 1766 5689 6424 6436 
2715 661 662 1782 6213 6437 6438 
2716 1440 1874 1931 3383 6439 3992 
2717 492 518 1786 6061 6440 6441 
2718 544 545 1853 4387 6442 6443 
2719 1680 1678 1775 6117 6367 6444 
2720 618 608 619 4311 6445 6446 
2721 848 1779 1817 6447 6448 6449 
2722 518 848 1786 6310 6450 6440 
2723 1020 864 1832 5619 6451 6360 
2724 1911 972 1917 6452 6453 4316 
2725 1100 1598 1781 5997 3808 6454 
2726 572 546 773 5340 5248 6455 
2727 749 751 756 5000 6057 6456 
2728 703 615 1807 5376 6457 6458 
2729 998 1122 1382 6459 6362 3184 
2730 548 550 1799 4611 6460 6461 
2731 1512 1509 1837 4644 6462 6463 
2732 1389 1388 1390 6388 2893 6464 
2733 1779 1126 1817 6342 6465 6448 
2734 1157 1353 1903 5820 6466 6467 
2735 561 574 596 5931 6341 6468 
2736 919 1082 1762 6129 6469 6294 
2737 1731 1118 1793 6106 6470 6420 
2738 998 906 1122 6023 6433 6459 
2739 1067 571 1068 4442 6471 6472 
2740 502 748 797 6473 6474 4532 
2741 1232 1159 1930 4021 6475 3072 
2742 1217 1100 1781 4850 6454 6476 
2743 1831 1684 1836 6274 6150 6477 
2744 1749 1706 1835 5062 5970 6391 
2745 1630 594 1818 4287 6478 5740 
2746 451 456 466 6479 6480 4581 
2747 557 555 559 4719 6481 4545 
2748 1790 1666 1832 5925 6482 6301 
2749 653 676 678 6483 6484 2926 
2750 1118 1760 1793 5827 6296 6470 
2751 466 456 467 6480 6018 6132 
2752 1200 1199 1201 4627 6485 6371 
2753 1595 1430 1841 5646 6486 6487 
2754 1780 1658 1814 6307 6488 6395 
2755 591 589 592 4305 6489 5064 
2756 1714 1782 1815 5231 6490 6491 
2757 698 661 1782 6322 6438 6432 
2758 616 1758 1802 5889 6492 3226 
2759 1672 1112 1894 5736 3865 6493 
2760 602 593 1601 4448 6347 6494 
2761 942 1852 1877 6495 6496 6497 
2762 848 524 1779 6309 6327 6447 
2763 1751 535 1808 5701 5922 6376 
2764 774 775 776 6263 5314 6498 
2765 1509 1115 1837 5948 6499 6462 
2766 1604 572 1771 6304 6500 6501 
2767 1904 1592 1919 6502 6503 6504 
2768 514 511 515 4882 6505 4687 
2769 816 707 817 6506 4238 6507 
2770 1828 903 1841 6508 6509 6115 
2771 1549 1548 1550 3786 3954 6510 
2772 627 626 669 6511 4908 6512 
2773 1837 926 1861 6513 6514 6515 
2774 756 838 839 6058 6046 6516 
2775 723 801 862 4876 6517 6518 
2776 839 1009 1011 6047 6519 6520 
2777 798 1178 1732 6521 6522 6523 
2778 1428 1383 1828 6101 6524 6114 
2779 1559 1557 1848 5788 3711 6525 
2780 512 513 1812 4332 6163 6526 
2781 1413 1217 1781 6218 6476 6527 
2782 1882 1672 1894 6144 6493 6528 
2783 1775 1013 1804 6252 6348 6529 
2784 530 531 532 6423 5278 6282 
2785 496 485 497 5127 6530 5401 
2786 447 450 451 6111 6151 4677 
2787 721 811 815 6531 6532 3699 
2788 1849 631 1870 6533 6534 6535 
2789 1762 1518 1812 6536 4465 6162 
2790 1257 1034 1258 6537 6538 6539 
2791 596 1747 1796 6237 6540 6541 
2792 1082 1518 1762 6378 6536 6469 
2793 550 625 1799 5882 6542 6460 
2794 609 576 610 6543 6369 6544 
2795 613 1582 1859 4762 6545 6546 
2796 1042 1187 1279 4414 2279 6547 
2797 558 561 1796 4802 6548 6549 
2798 485 480 1621 5265 4783 6550 
2799 463 492 1786 4809 6441 6411 
2800 618 619 1642 6446 4804 6251 
2801 1076 1232 1435 4022 6551 6552 
2802 1745 1590 1808 6234 6377 6332 
2803 664 701 1815 6138 6553 6554 
2804 1968 932 1981 6555 6556 2924 
2805 538 537 569 4800 4328 4977 
2806 1112 1772 1811 6081 4061 3863 
2807 1658 1695 1814 5585 6083 6488 
2808 570 569 586 4978 6557 4652 
2809 1081 754 1813 6315 6558 3982 
2810 523 512 1812 5397 6526 4178 
2811 629 627 1886 6559 6560 6561 
2812 708 856 943 4598 6146 6562 
2813 456 455 1688 6563 6336 5159 
2814 1135 558 1796 6175 6549 6564 
2815 754 1121 1813 6039 3276 6558 
2816 1078 1513 1516 6565 3125 6566 
2817 1121 1693 1809 5975 6567 3735 
2818 561 596 1796 6468 6541 6548 
2819 636 637 1774 5015 6568 6569 
2820 674 636 1774 6570 6569 4144 
2821 529 528 530 6280 6422 6571 
2822 795 689 796 4395 6572 3980 
2823 575 543 576 6573 5256 6574 
2824 789 703 1807 6276 6458 6575 
2825 606 1763 1803 6182 4155 5580 
2826 849 796 850 3981 6576 4140 
2827 839 1011 1078 6520 6577 6578 
2828 1331 1194 1333 3443 2468 2245 
2829 984 983 1054 6579 4610 6580 
2830 615 1586 1807 6141 5626 6457 
2831 978 1041 1042 4792 4413 6581 
2832 1259 1036 1880 4540 6582 6583 
2833 451 455 456 6152 6563 6479 
2834 640 658 1773 6062 6584 6426 
2835 572 773 774 6455 6262 6585 
2836 549 1604 1743 5965 6586 6196 
2837 1754 1035 1805 6210 6587 6401 
2838 1640 1039 1806 5190 6588 6245 
2839 706 695 707 6589 4146 6590 
2840 774 776 779 6498 6591 6592 
2841 447 1651 1821 4678 6593 6594 
2842 1744 930 1809 6228 6595 6596 
2843 1078 1011 1513 6577 6381 6565 
2844 1782 662 1815 6437 6597 6490 
2845 2003 779 2004 6598 6599 4024 
2846 1210 1211 1358 4750 6248 2906 
2847 1733 926 1837 5995 6513 6600 
2848 1242 427 1856 5884 6601 6602 
2849 628 627 629 5491 6559 4440 
2850 510 497 511 5402 6603 4881 
2851 586 569 614 6557 4194 6604 
2852 662 664 1815 6264 6554 6597 
2853 1693 1744 1809 6184 6596 6567 
2854 1903 1353 1915 6466 6605 6606 
2855 769 785 1870 5669 6607 6608 
2856 511 497 837 6603 6609 6610 
2857 1797 903 1828 6191 6508 6611 
2858 90 91 1822 130 5273 6612 
2859 248 249 1823 288 5275 6613 
2860 1141 1144 1655 3488 6614 3616 
2861 1243 1818 1868 5741 6615 6324 
2862 749 756 1014 6456 6616 6617 
2863 1133 760 1830 6375 6618 6619 
2864 1726 1021 1826 5155 6620 6621 
2865 1296 1297 1298 6622 6623 2328 
2866 520 734 1838 4529 3106 5384 
2867 1681 1680 1833 5379 6624 3684 
2868 548 1799 1853 6461 6625 6626 
2869 989 951 1784 4207 3513 6627 
2870 594 603 1818 4967 6628 6478 
2871 1444 376 1451 3797 3672 6629 
2872 1123 443 1821 6208 6630 6631 
2873 603 644 1818 6112 6632 6628 
2874 1039 1270 1806 5352 6633 6588 
2875 625 997 1799 6385 6634 6542 
2876 1666 1831 1832 6635 6361 6482 
2877 599 631 1849 5676 6533 6636 
2878 503 1727 1979 2798 6637 3458 
2879 1076 1435 1827 6552 6638 6220 
2880 813 814 985 5867 4676 6639 
2881 1199 989 1784 5357 6627 6640 
2882 1612 537 1867 4329 6641 4699 
2883 803 2002 2005 6642 3221 6643 
2884 601 599 1849 4585 6636 6644 
2885 633 613 1859 4072 6546 6645 
2886 732 1689 1927 5129 6646 6647 
2887 979 808 1597 4724 5719 3430 
2888 942 831 1852 6247 6648 6495 
2889 1514 1011 1827 6382 6649 6650 
2890 1437 1226 1871 5993 6651 6652 
2891 924 797 1732 5762 6653 6654 
2892 1126 1134 1817 6330 6354 6465 
2893 95 1468 1778 4538 2128 6655 
2894 798 1037 1178 6656 6657 6521 
2895 1512 1837 1861 6463 6515 3941 
2896 997 1244 1799 6398 6658 6634 
2897 1202 1201 1366 6372 6659 2948 
2898 1800 601 1849 5323 6644 6660 
2899 541 515 542 4688 6661 5171 
2900 1713 1148 1883 5683 5685 6662 
2901 1807 1587 1852 5625 6663 6664 
2902 589 587 1854 4372 6665 6666 
2903 1515 1970 1987 6667 6668 3538 
2904 1666 1665 1831 5332 6275 6635 
2905 1787 1242 1856 4779 6602 6429 
2906 1021 1814 1826 6396 6355 6620 
2907 1790 931 1816 6370 6431 5926 
2908 1133 1830 1851 6619 6669 6670 
2909 760 1081 1830 6316 4031 6618 
2910 1227 1018 1877 5945 6671 6672 
2911 1383 1122 1828 6363 6673 6524 
2912 1035 1179 1805 6226 6674 6587 
2913 864 846 1832 5658 6302 6451 
2914 774 779 1771 6592 6675 6676 
2915 737 602 1601 4567 6494 6677 
2916 1573 1117 1835 5632 6392 4708 
2917 1544 1413 1825 6317 6678 3525 
2918 1538 1540 1541 3698 6679 4142 
2919 1737 629 1886 4976 6561 6680 
2920 1501 757 1895 3471 3942 6681 
2921 880 819 974 6682 6683 6684 
2922 1796 1747 1857 6540 6685 6686 
2923 619 608 626 6445 5426 6687 
2924 753 1606 1945 4643 6688 6689 
2925 1130 1163 1294 5831 5169 6690 
2926 554 551 1743 6340 6197 6691 
2927 794 819 820 6692 6693 6350 
2928 612 632 1824 4357 6694 6011 
2929 1671 1885 1896 6384 6695 6696 
2930 851 1776 1844 6227 6697 3152 
2931 1115 1733 1837 6064 6600 6499 
2932 747 1592 1904 6024 6502 6698 
2933 572 774 1771 6585 6676 6500 
2934 1108 1157 1892 5306 6699 6700 
2935 593 592 595 5065 6701 6346 
2936 1122 1797 1828 6434 6611 6673 
2937 1020 1831 1836 6359 6477 6702 
2938 1726 1826 1847 6621 6393 6703 
2939 443 447 1821 6435 6594 6630 
2940 533 534 1913 4961 6704 6705 
2941 899 1000 1858 6113 6706 6707 
2942 822 861 992 4801 6708 6709 
2943 1376 1374 1377 4166 2983 6710 
2944 1749 1020 1836 6071 6702 5063 
2945 1413 1781 1825 6527 4709 6678 
2946 1161 1410 1930 4149 3362 6711 
2947 1776 1135 1844 6374 6712 6697 
2948 697 696 1850 6153 6713 6714 
2949 943 983 984 6147 6579 6715 
2950 1617 937 1851 4562 6716 6717 
2951 1156 1856 1885 6430 6718 6383 
2952 1729 1724 1906 4735 6719 3987 
2953 1135 1796 1857 6564 6686 6720 
2954 542 515 543 6661 6721 6722 
2955 542 543 575 6722 6573 6723 
2956 1542 1174 1912 3791 6724 6725 
2957 586 614 622 6604 6318 6726 
2958 502 393 748 4623 6727 6473 
2959 1246 1849 1870 6728 6535 6729 
2960 1799 1244 1853 6658 6730 6625 
2961 807 978 1850 6286 6731 6732 
2962 813 1129 1879 6733 4591 6734 
2963 1062 1210 1363 5927 2908 6735 
2964 1852 1587 1877 6663 6736 6496 
2965 575 1635 1845 3965 3172 6737 
2966 1896 1123 1914 6738 6739 6740 
2967 1888 1389 1913 6741 6742 6743 
2968 609 610 636 6544 5014 6744 
2969 1679 1681 1906 5380 3176 6745 
2970 1277 1051 1925 5709 6746 6747 
2971 680 679 681 5228 6748 6379 
2972 1680 1775 1829 6444 6749 6750 
2973 94 95 1778 134 6655 6751 
2974 1680 1829 1833 6750 6204 6624 
2975 679 633 1859 5838 6645 6752 
2976 696 807 1850 4314 6732 6713 
2977 575 576 609 6574 6543 3963 
2978 903 899 1858 5454 6707 6753 
2979 1430 1428 1841 6160 6116 6486 
2980 1565 1559 1848 5591 6525 3014 
2981 1031 1030 1899 5348 3870 6754 
2982 1153 1649 1905 5030 3833 6755 
2983 1165 924 1732 6323 6654 6756 
2984 1171 1169 1364 4274 6757 2760 
2985 1011 1009 1827 6519 6221 6649 
2986 1213 1387 1655 3147 3101 6758 
2987 789 1807 1852 6575 6664 6759 
2988 691 723 1794 4638 6760 6761 
2989 1818 644 1868 6632 6762 6615 
2990 694 688 695 6763 4544 6764 
2991 478 482 1891 6055 4308 6765 
2992 815 876 885 6766 6767 3614 
2993 1775 1804 1829 6529 6768 6749 
2994 571 542 1845 5172 6769 6770 
2995 970 969 971 4123 6771 4557 
2996 1815 701 1878 6553 6772 6773 
2997 1152 1714 1878 5400 6774 6775 
2998 1613 1883 1893 6095 5687 6776 
2999 1276 1277 1278 5710 6777 2238 
3000 545 548 1853 4461 6626 6442 
3001 813 985 1129 6639 6778 6733 
3002 1656 1726 1847 5628 6703 6400 
3003 1168 1409 1955 3920 3373 6779 
3004 729 677 730 6780 4202 6781 
3005 932 476 1891 6121 6782 6783 
3006 820 880 881 6784 6785 6786 
3007 1601 1223 1869 4033 2698 6787 
3008 1858 1000 1887 6706 6788 6789 
3009 978 1042 1150 6581 6790 6791 
3010 578 495 1901 5597 6792 2980 
3011 831 789 1852 6230 6759 6648 
3012 1648 1014 1910 3749 6793 6794 
3013 854 730 945 6795 4986 6796 
3014 427 1735 1856 5835 6797 6601 
3015 993 727 1834 5244 6798 2708 
3016 1572 758 1943 3406 6799 6800 
3017 660 722 794 6801 6802 6803 
3018 1158 1133 1851 6306 6670 6804 
3019 816 817 883 6507 6002 6805 
3020 963 962 1151 4412 6806 6807 
3021 511 837 1840 6610 3519 6808 
3022 632 749 1824 5863 6809 6694 
3023 1747 1029 1857 6166 6810 6685 
3024 1246 1800 1849 6365 6660 6728 
3025 627 669 1886 6512 6811 6560 
3026 622 647 660 6319 5890 6812 
3027 1786 848 1855 6450 6813 6814 
3028 881 956 957 6815 6816 4361 
3029 937 1639 1884 4883 6817 6818 
3030 980 979 1819 5213 3967 6819 
3031 946 850 948 4141 6820 6821 
3032 1152 1878 1892 6775 6822 6823 
3033 1595 1841 1858 6487 6824 6825 
3034 609 636 638 6744 6826 4208 
3035 1817 1251 1855 6353 6827 6828 
3036 1484 1234 1485 6120 6829 2722 
3037 1124 1786 1855 6412 6814 6830 
3038 648 629 649 4441 4975 5073 
3039 978 1150 1850 6791 6831 6731 
3040 1295 1163 1948 5170 6832 2261 
3041 619 626 627 6687 6511 5490 
3042 1830 1617 1851 3609 6717 6669 
3043 537 519 1867 6174 6833 6641 
3044 658 708 1864 4748 6834 6835 
3045 926 1716 1861 5839 4093 6514 
3046 794 722 819 6802 6836 6692 
3047 1129 985 1130 6778 5830 6837 
3048 660 691 722 5891 6838 6801 
3049 1457 1459 1460 3930 5506 3726 
3050 1984 1589 1992 6839 6840 6841 
3051 543 515 1840 6721 6842 6183 
3052 706 707 816 6590 6506 6843 
3053 592 589 1854 6489 6666 6844 
3054 1689 1688 1908 5160 6845 6846 
3055 732 1927 1928 6647 6847 6428 
3056 519 525 1867 6203 6848 6833 
3057 485 1621 1874 6550 6849 6850 
3058 1229 1365 1940 4980 6851 3467 
3059 1934 1170 1946 6852 6853 6854 
3060 637 1773 1774 6427 6855 6568 
3061 861 1062 1862 5791 6856 6857 
3062 687 685 688 6858 2995 6859 
3063 954 1058 1207 4672 2164 6860 
3064 749 1014 1824 6617 6408 6809 
3065 1657 1783 1842 6168 4790 6195 
3066 1068 571 1845 6471 6770 3509 
3067 631 769 1870 5780 6608 6534 
3068 727 822 1834 3971 6861 6798 
3069 1804 1682 1829 6292 4869 6768 
3070 638 636 674 6826 6570 6862 
3071 675 674 712 6863 4815 6864 
3072 1714 1815 1878 6491 6773 6774 
3073 1245 1389 1888 6389 6741 6865 
3074 917 442 1932 4974 3607 6866 
3075 797 798 1732 6867 6523 6653 
3076 638 674 675 6862 6863 3539 
3077 885 1048 1049 6868 2287 3866 
3078 1226 1227 1871 5946 6869 6651 
3079 393 391 1880 5771 6870 6871 
3080 1169 1167 1501 6265 6872 6873 
3081 713 712 813 6874 5866 6875 
3082 1699 377 1985 5382 6876 6877 
3083 1129 1130 1131 6837 6878 6879 
3084 848 1817 1855 6449 6828 6813 
3085 681 679 1022 6748 6880 6881 
3086 1061 1292 1293 6882 6883 6884 
3087 1841 903 1858 6509 6753 6824 
3088 1162 1474 1873 6287 3378 6885 
3089 1201 1199 1839 6485 6886 6887 
3090 1437 1871 1932 6652 6888 6889 
3091 1890 918 1893 4291 5986 6890 
3092 675 712 713 6864 6874 4508 
3093 1492 1437 1875 5896 6891 3302 
3094 943 984 1125 6715 6892 6893 
3095 644 1766 1868 6436 3095 6762 
3096 334 94 1778 6404 6751 6894 
3097 1460 1461 1462 5508 2658 3706 
3098 497 485 1874 6530 6850 6895 
3099 1199 1784 1839 6640 3445 6886 
3100 822 992 1834 6709 2707 6861 
3101 676 649 677 6896 4346 6897 
3102 797 748 798 6474 6898 6867 
3103 1610 1595 1887 5969 6899 3401 
3104 1651 753 1937 4641 6900 6901 
3105 1945 1606 1950 6688 6272 6902 
3106 1022 679 1859 6880 6752 6903 
3107 1595 1858 1887 6825 6789 6899 
3108 1390 1399 1920 3665 3986 6904 
3109 708 943 1864 6562 6905 6834 
3110 515 511 1840 6505 6808 6842 
3111 1446 1444 1739 3948 6906 6907 
3112 694 695 706 6764 6589 6908 
3113 701 1748 1878 4918 6909 6772 
3114 1000 1729 1887 4464 3242 6788 
3115 542 575 1845 6723 6737 6769 
3116 1060 956 1195 6910 6911 6912 
3117 722 691 1794 6838 6761 6913 
3118 1018 942 1877 6149 6497 6671 
3119 1158 1851 1884 6804 6914 6915 
3120 729 854 855 6916 6917 6918 
3121 595 1034 1222 6919 6920 6041 
3122 1271 1195 1306 6921 4840 2107 
3123 1258 1034 1854 6538 6922 6923 
3124 1867 525 1883 6848 6924 6094 
3125 1222 1034 1257 6920 6537 3431 
3126 837 497 1874 6609 6895 3382 
3127 820 819 880 6693 6682 6784 
3128 1870 785 1882 6607 6145 6925 
3129 1178 1037 1181 6657 6926 6927 
3130 595 592 1034 6701 6928 6919 
3131 1968 1579 1978 2923 6929 6930 
3132 855 994 995 6931 6932 4196 
3133 1851 937 1884 6716 6818 6914 
3134 1856 1735 1885 6797 6933 6718 
3135 1397 933 1916 3768 6934 6935 
3136 1030 872 1923 5792 6936 6937 
3137 1844 1135 1857 6712 6720 6938 
3138 653 649 676 5074 6896 6483 
3139 682 683 684 6939 6940 4616 
3140 544 1853 1888 6443 6941 6942 
3141 723 862 1794 6518 2367 6760 
3142 1773 658 1864 6584 6835 6943 
3143 1878 1748 1892 6909 6944 6822 
3144 525 1713 1883 5130 6662 6924 
3145 1231 1246 1882 5390 6945 6946 
3146 1062 1363 1862 6735 2711 6856 
3147 1252 980 1819 6333 6819 6947 
3148 1738 1123 1896 6357 6738 6948 
3149 1167 1162 1873 5312 6885 6949 
3150 717 715 812 4443 6950 6951 
3151 721 719 811 4008 6952 6531 
3152 1515 1514 1970 3910 6953 6667 
3153 676 677 729 6897 6780 6954 
3154 1671 1896 1914 6696 6740 6955 
3155 1250 1158 1884 6201 6915 3923 
3156 1129 1131 1846 6879 6956 4589 
3157 798 748 1036 6898 6957 6958 
3158 1124 1855 1908 6830 6959 6960 
3159 816 883 975 6805 6961 6962 
3160 544 1888 1913 6942 6743 6963 
3161 957 956 1060 6816 6910 6964 
3162 992 861 1862 6708 6857 2704 
3163 984 1054 1055 6580 6965 6966 
3164 682 681 683 6380 6967 6939 
3165 820 881 1860 6786 5649 3142 
3166 883 954 1866 6080 6968 6969 
3167 669 1542 1886 6311 6970 6811 
3168 881 880 956 6785 6971 6815 
3169 1410 1166 1955 4148 6972 3193 
3170 1855 1251 1908 6827 6973 6959 
3171 1260 994 1261 6974 6975 6976 
3172 1444 1451 1739 6629 3003 6906 
3173 1892 1157 1903 6699 6467 6977 
3174 1045 971 1046 4558 6978 2395 
3175 1366 1201 1865 6659 6979 3218 
3176 1735 786 1885 6188 6980 6933 
3177 276 1788 1889 6373 3563 4091 
3178 1234 737 1869 5345 6981 6982 
3179 1227 1904 1919 6983 6504 6984 
3180 473 479 1943 4560 5288 6985 
3181 839 1078 1910 6578 6986 6987 
3182 1034 592 1854 6928 6844 6922 
3183 1037 1036 1182 6988 4539 6989 
3184 1148 1146 1890 5457 6990 6991 
3185 1365 1368 1940 2879 3325 6851 
3186 1740 1774 1918 4145 6992 6993 
3187 1432 1588 1938 3333 6994 4276 
3188 1060 1195 1271 6912 6921 6995 
3189 1231 1882 1894 6946 6528 6996 
3190 1592 1626 1919 4879 3862 6503 
3191 828 852 1916 5822 6997 6998 
3192 1357 1957 1973 6999 7000 7001 
3193 530 533 1924 6283 3970 7002 
3194 687 688 694 6859 6763 7003 
3195 933 828 1916 5387 6998 6934 
3196 694 706 806 6908 7004 7005 
3197 969 965 1917 5666 7006 7007 
3198 1587 747 1904 4089 6698 7008 
3199 377 1980 1985 7009 7010 6876 
3200 1880 391 1922 6870 7011 7012 
3201 1244 1245 1888 6425 6865 7013 
3202 563 1619 1941 4433 3837 7014 
3203 1910 1078 1946 6986 7015 7016 
3204 684 685 686 7017 7018 4662 
3205 1402 337 1420 4060 3949 3065 
3206 880 974 1881 6684 2358 7019 
3207 1435 1232 1863 6551 7020 3077 
3208 729 730 854 6781 6795 6916 
3209 1871 917 1932 5223 6866 6888 
3210 521 563 1941 5182 7014 7021 
3211 1627 1613 1893 5331 6776 5985 
3212 1890 1146 1899 6990 7022 4537 
3213 943 1125 1864 6893 7023 6905 
3214 1489 1231 1894 6016 6996 4842 
3215 1750 795 1872 4513 3729 3196 
3216 798 1036 1037 6958 6988 6656 
3217 1748 1108 1892 6050 6700 6944 
3218 715 713 1879 4992 7024 7025 
3219 1501 1167 1873 6872 6949 3530 
3220 758 475 1943 4871 7026 6799 
3221 1885 786 1896 6980 7027 6695 
3222 1853 1244 1888 6730 7013 6941 
3223 1014 756 1910 6616 7028 6793 
3224 1201 1839 1865 6887 3410 6979 
3225 790 672 1934 6092 7029 3648 
3226 1449 1446 1739 6127 6907 2665 
3227 1146 1031 1899 5393 6754 7022 
3228 686 687 689 7030 7031 4394 
3229 495 507 1901 5218 7032 6792 
3230 1246 1870 1882 6729 6925 6945 
3231 476 478 1891 5255 6765 6782 
3232 748 393 1880 6727 6871 7033 
3233 855 854 994 6917 7034 6931 
3234 786 1738 1896 6303 6948 7027 
3235 1061 1049 1292 4450 2494 6882 
3236 1065 1152 1903 5734 7035 7036 
3237 737 1601 1869 6677 6787 6981 
3238 713 813 1879 6875 6734 7024 
3239 962 959 1907 6419 7037 7038 
3240 954 1207 1866 6860 7039 6968 
3241 1854 587 1921 6665 7040 7041 
3242 963 1151 1917 6807 4317 7042 
3243 815 811 876 6532 7043 6766 
3244 1884 1639 1954 6817 7044 3924 
3245 1254 1153 1905 5088 6755 7045 
3246 1227 1877 1904 6672 7046 6983 
3247 1809 930 1935 6595 7047 7048 
3248 686 685 687 7018 6858 7030 
3249 1259 1880 1922 6583 7012 7049 
3250 965 963 1917 3805 7042 7006 
3251 1860 958 1909 5648 3772 3447 
3252 1724 1679 1906 5747 6745 6719 
3253 1886 1542 1912 6970 6725 7050 
3254 1588 1109 1938 6205 7051 6994 
3255 738 1644 1952 4741 7052 3625 
3256 391 388 1922 6334 7053 7011 
3257 684 683 685 6940 3243 7017 
3258 1516 1934 1946 3696 6854 7054 
3259 1260 1261 1349 6976 7055 2629 
3260 1151 962 1164 6806 7056 7057 
3261 1921 622 1936 7058 7059 7060 
3262 1140 1138 1145 4172 7061 7062 
3263 1065 1903 1915 7036 6606 7063 
3264 1193 1051 1276 7064 5708 2586 
3265 1151 1164 1208 7057 7065 7066 
3266 1485 1234 1869 6829 6982 2808 
3267 1477 1809 1935 3736 7048 6409 
3268 1912 1174 1933 6724 7067 7068 
3269 1144 1213 1655 5617 6758 6614 
3270 1572 1943 1951 6800 5290 7069 
3271 534 544 1913 4475 6963 6704 
3272 959 957 1907 4651 7070 7037 
3273 1173 1671 1914 5143 6955 7071 
3274 388 386 1922 4037 7072 7053 
3275 995 994 1260 6932 6974 7073 
3276 1937 753 1945 6900 6689 7074 
3277 678 676 1900 6484 7075 3436 
3278 1688 1124 1908 6352 6960 6845 
3279 938 1235 1949 5963 3140 7076 
3280 533 1913 1920 6705 7077 3968 
3281 885 876 1048 6767 7078 6868 
3282 1773 1864 1918 6943 7079 7080 
3283 1577 1397 1916 5623 6935 7081 
3284 1026 907 1949 6108 7082 3288 
3285 1689 1908 1927 6846 7083 6646 
3286 1355 1065 1915 6169 7063 2784 
3287 756 839 1910 6516 6987 7028 
3288 957 1060 1907 6964 7084 7070 
3289 719 717 1876 4303 7085 7086 
3290 812 715 1879 6950 7025 6387 
3291 944 1737 1912 4521 7087 7088 
3292 1048 876 1051 7078 7089 7090 
3293 1296 1142 1297 4518 7091 6622 
3294 13 14 1947 53 3869 7092 
3295 1195 956 1881 6911 7093 4355 
3296 10 11 345 50 7094 7095 
3297 89 90 346 129 7096 2114 
3298 168 169 347 208 2610 2460 
3299 247 248 348 287 7097 2184 
3300 814 1740 1962 4507 7098 3284 
3301 1905 1030 1923 3871 6937 7099 
3302 1067 1068 1944 6472 3347 7100 
3303 1874 1621 1931 6849 7101 6439 
3304 1877 1587 1904 6736 7008 7046 
3305 1357 1175 1957 5849 7102 6999 
3306 1036 748 1880 6957 7033 6582 
3307 944 1912 1933 7088 7068 7103 
3308 1152 1892 1903 6823 6977 7035 
3309 1123 1821 1914 6631 7104 6739 
3310 975 883 1866 6961 6969 7105 
3311 1208 1164 1269 7065 7106 2542 
3312 850 796 875 6576 7107 7108 
3313 522 529 1953 6281 4223 7109 
3314 1258 1854 1921 6923 7041 7110 
3315 854 945 1902 6796 7111 7112 
3316 1164 962 1907 7056 7038 7113 
3317 729 855 1900 6918 3904 7114 
3318 863 1026 1960 6109 3115 7115 
3319 1048 1051 1193 7090 7064 2495 
3320 1721 1439 1957 6089 4250 7116 
3321 1148 1890 1893 6991 6890 5686 
3322 1235 1064 1961 5962 7117 3381 
3323 956 880 1881 6971 7019 7093 
3324 1648 1910 1946 6794 7016 7118 
3325 1169 1501 1895 6873 6681 7119 
3326 1293 1292 1328 6883 2452 2455 
3327 660 794 1936 6803 7120 7121 
3328 1125 984 1897 6892 7122 7123 
3329 587 586 1921 4653 7124 7040 
3330 872 874 1923 5777 7125 6936 
3331 668 655 1959 6260 7126 3576 
3332 1298 1297 1348 6623 7127 7128 
3333 1389 1390 1920 6464 6904 7129 
3334 1737 1886 1912 6680 7050 7087 
3335 1495 1238 1926 4293 3217 3988 
3336 811 719 1876 6952 7086 7130 
3337 1970 361 1987 7131 7132 6668 
3338 1699 1985 1988 6877 7133 7134 
3339 1614 944 1933 4005 7103 7135 
3340 1251 1249 1927 5712 7136 7137 
3341 971 969 972 6771 7138 7139 
3342 586 622 1921 6726 7058 7124 
3343 717 812 1876 6951 7140 7085 
3344 972 969 1917 7138 7007 6453 
3345 1170 1648 1946 4295 7118 6853 
3346 1774 1773 1918 6855 7080 6992 
3347 1136 1220 1929 4956 3145 5096 
3348 15 16 1963 55 7141 7142 
3349 1871 1227 1919 6869 6984 5224 
3350 1258 1921 1936 7110 7060 7143 
3351 1364 1169 1895 6757 7119 3456 
3352 325 1699 1988 5639 7134 3523 
3353 1864 1125 1918 7023 7144 7079 
3354 1261 994 1902 6975 7145 7146 
3355 529 530 1924 6571 7002 3001 
3356 1621 758 1931 4860 3407 7101 
3357 1908 1251 1927 6973 7137 7083 
3358 1159 1161 1930 4011 6711 6475 
3359 984 1055 1897 6966 3643 7122 
3360 1916 852 1958 6997 7147 7148 
3361 1927 1249 1928 7136 7149 6847 
3362 1254 1905 1923 7045 7099 7150 
3363 1249 1250 1928 6202 3580 7149 
3364 1151 1208 1911 7066 7151 4315 
3365 676 729 1900 6954 7114 7075 
3366 1060 1271 1942 6995 7152 7153 
3367 22 23 1972 62 7154 7155 
3368 1802 1968 1978 7156 6930 7157 
3369 1758 932 1968 5600 6555 7158 
3370 321 25 1973 5432 3248 7159 
3371 1901 507 1953 7032 7160 3096 
3372 1863 1232 1963 7020 3074 7161 
3373 1391 1392 1965 4066 3011 7162 
3374 1913 1389 1920 6742 7129 7077 
3375 672 1170 1934 4811 6852 7029 
3376 1351 1067 1944 4342 7100 2720 
3377 353 1416 1417 4298 7163 7164 
3378 1174 1165 1933 6268 7165 7067 
3379 16 1863 1963 3268 7161 7141 
3380 930 1767 1935 6087 3914 7047 
3381 346 90 1822 7096 6612 2139 
3382 348 248 1823 7097 6613 2133 
3383 994 854 1902 7034 7112 7145 
3384 475 473 1943 4427 6985 7026 
3385 377 1972 1980 7166 3979 7009 
3386 1577 1916 1958 7081 7148 7167 
3387 1109 1408 1938 5982 3690 7051 
3388 1532 1022 1984 3030 7168 7169 
3389 527 521 1941 5752 7021 4198 
3390 1248 1951 1954 7170 7171 7172 
3391 1424 1391 1965 3483 7162 2803 
3392 1875 1437 1932 6891 6889 5994 
3393 345 11 1939 7094 6368 3603 
3394 1172 1173 1945 5841 7173 7174 
3395 1821 1651 1937 6593 6901 7175 
3396 1914 1821 1937 7104 7175 7176 
3397 1173 1914 1937 7071 7176 7177 
3398 1957 321 1973 4249 7159 7000 
3399 1256 1177 1980 5929 7178 3978 
3400 1248 1572 1951 4863 7069 7170 
3401 1969 1846 1989 7179 7180 7181 
3402 1078 1516 1946 6566 7054 7015 
3403 1951 1584 1954 7182 6356 7171 
3404 365 13 1947 3972 7092 3417 
3405 1173 1937 1945 7177 7074 7173 
3406 622 660 1936 6812 7121 7059 
3407 1172 1945 1950 7174 6902 7183 
3408 907 938 1949 6257 7076 7082 
3409 852 1734 1958 6140 7184 7147 
3410 1435 361 1970 3076 7131 7185 
3411 1176 1172 1950 6053 7183 3725 
3412 479 1584 1951 4171 7182 5289 
3413 1163 1791 1948 4588 3902 6832 
3414 1051 876 1925 7089 7186 6746 
3415 697 1850 1967 6714 7187 4476 
3416 876 811 1925 7043 7188 7186 
3417 1579 1958 1978 7189 7190 6929 
3418 1514 1827 1970 6650 7191 6953 
3419 1644 1645 1952 5106 3319 7052 
3420 1727 1215 1979 6007 7192 6637 
3421 1639 1248 1954 4600 7172 7044 
3422 1166 1168 1955 4282 6779 6972 
3423 811 1876 1925 7130 7193 7188 
3424 507 522 1953 5674 7109 7160 
3425 1915 1353 1975 6605 7194 3598 
3426 373 2011 2019 7195 7196 7197 
3427 1175 1721 1957 6032 7116 7102 
3428 1740 1918 1962 6993 7198 7098 
3429 1579 1577 1958 6045 7167 7189 
3430 1582 1589 1984 6399 6839 7199 
3431 1029 863 1960 5852 7115 7200 
3432 655 697 1959 6154 2866 7126 
3433 1732 1178 1964 6522 7201 7202 
3434 1918 1125 1962 7144 7203 7198 
3435 1064 1355 1961 6170 2804 7117 
3436 1484 990 1995 2721 3037 7204 
3437 1269 1164 1942 7106 7205 7206 
3438 1907 1060 1942 7084 7153 7207 
3439 1933 1165 1964 7165 7208 7209 
3440 1625 683 1971 3244 7210 3734 
3441 1150 1042 1977 6790 7211 6000 
3442 1525 1524 1990 4136 7212 7213 
3443 1257 1258 1956 6539 7214 3588 
3444 1265 1263 2005 4049 7215 3220 
3445 333 15 1963 6403 7142 3548 
3446 18 19 1987 58 3171 7216 
3447 1958 1734 1978 7184 7217 7190 
3448 812 1846 1969 6386 7179 7218 
3449 1936 794 1956 7120 6351 7219 
3450 1819 1484 1995 3688 7204 7220 
3451 1415 2008 2012 7221 7222 7223 
3452 1614 1933 1964 7135 7209 7224 
3453 683 681 1971 6967 7225 7210 
3454 960 961 1994 3896 7226 2713 
3455 1439 1256 1966 5915 7227 3071 
3456 1164 1907 1942 7113 7207 7205 
3457 1263 1262 2006 4139 7228 7229 
3458 1178 1181 1983 6927 7230 7231 
3459 1165 1732 1964 6756 7202 7208 
3460 2005 1263 2006 7215 7229 7232 
3461 1125 1897 1962 7123 6339 7203 
3462 1532 1984 1992 7169 6841 7233 
3463 1415 9 2008 2973 7234 7221 
3464 964 1486 1994 3377 7235 7236 
3465 559 555 1991 6481 7237 7238 
3466 1277 1925 1969 6747 7239 7240 
3467 23 1966 1972 3819 7241 7154 
3468 1802 1758 1968 6492 7158 7156 
3469 1258 1936 1956 7143 7219 7214 
3470 1182 1401 2000 2723 3191 7242 
3471 1277 1969 1989 7240 7181 7243 
3472 1409 1171 1974 3919 4204 4335 
3473 1486 1487 1994 3589 2934 7235 
3474 1850 1150 1967 6831 2827 7187 
3475 1580 1578 1981 2831 3186 7244 
3476 1844 1857 1986 6938 7245 7246 
3477 1371 1844 1986 3153 7246 3183 
3478 1022 1859 1984 6903 7247 7168 
3479 2010 1348 2021 2635 7248 2654 
3480 1223 1222 1976 6042 7249 3451 
3481 386 385 1982 2872 3104 7250 
3482 1029 1960 1986 7200 3061 7251 
3483 377 22 1972 5570 7155 7166 
3484 1964 1178 1983 7201 7231 7252 
3485 681 1022 1971 6881 3031 7225 
3486 1827 1435 1970 6638 7185 7191 
3487 1999 779 2003 7253 6598 7254 
3488 1990 1530 1992 7255 7256 7257 
3489 1876 812 1969 7140 7218 7258 
3490 1925 1876 1969 7193 7258 7239 
3491 1771 779 1999 6675 7253 7259 
3492 1353 1423 1975 5947 2888 7194 
3493 1222 1909 1976 3433 4630 7249 
3494 1215 1431 1979 5727 2919 7192 
3495 1734 1176 1978 6258 7260 7217 
3496 1176 1802 1978 3724 7157 7260 
3497 1614 1964 1983 7224 7252 7261 
3498 1177 1805 1980 6402 7262 7178 
3499 1898 1357 1973 4152 7001 6256 
3500 1042 1279 1977 6547 2431 7211 
3501 1525 1990 1991 7213 7263 7264 
3502 1990 559 1991 7265 7238 7263 
3503 932 1891 1981 6783 7266 6556 
3504 1891 1580 1981 4307 7244 7266 
3505 1859 1582 1984 6545 7199 7247 
3506 559 1990 1992 7265 7257 7267 
3507 1528 1527 2003 4180 7268 4023 
3508 945 1614 1983 4987 7261 7269 
3509 1805 1179 1985 6674 7270 7271 
3510 1604 1771 1998 6501 7272 7273 
3511 1922 386 1982 7072 7250 7274 
3512 1980 1805 1985 7262 7271 7010 
3513 1985 1179 1988 7270 7275 7133 
3514 1179 1180 1988 5361 4030 7275 
3515 1966 1256 1972 7227 3977 7241 
3516 1530 1532 1992 3922 7233 7256 
3517 1857 1029 1986 6810 7251 7245 
3518 361 18 1987 3659 7216 7132 
3519 1846 1131 1989 6956 2391 7180 
3520 1278 1277 1989 6777 7243 2264 
3521 1259 1922 1982 7049 7274 7276 
3522 803 1712 2002 4946 7277 6642 
3523 1348 382 2020 2634 7278 7279 
3524 1259 1982 1993 7276 4340 7280 
3525 1524 1530 1990 4109 7255 7212 
3526 555 554 1991 5568 7281 7237 
3527 779 776 2004 6591 7282 6599 
3528 1589 559 1992 4546 7267 6840 
3529 1037 1182 2000 6989 7242 7283 
3530 1526 1525 1997 4552 7284 7285 
3531 1902 2009 2018 7286 7287 7288 
3532 1567 1528 2007 3496 7289 7290 
3533 345 1500 2008 2851 7291 7292 
3534 961 964 1994 3855 7236 7226 
3535 1182 1259 1993 4541 7280 2724 
3536 1526 1997 1998 7285 7293 7294 
3537 1252 1819 1995 6947 7220 7295 
3538 1253 1252 1996 5033 7296 2649 
3539 10 345 2008 7095 7292 7297 
3540 1998 1771 1999 7272 7259 7298 
3541 1536 1534 2013 3507 2703 7299 
3542 1528 2004 2007 4025 7300 7289 
3543 1991 554 1997 7281 7301 7302 
3544 1252 1995 1996 7295 3162 7296 
3545 1525 1991 1997 7264 7302 7284 
3546 41 42 2010 81 2726 7303 
3547 554 1743 1997 6691 7304 7301 
3548 36 37 2011 76 2734 7305 
3549 1902 945 2009 7111 7306 7286 
3550 1262 1567 2007 4884 7290 7307 
3551 1997 1743 1998 7304 7308 7293 
3552 1266 1265 2001 4183 7309 7310 
3553 1743 1604 1998 6586 7273 7308 
3554 2001 1265 2002 7309 3219 7311 
3555 1181 1422 2009 2666 7312 7313 
3556 2008 1500 2012 7291 7314 7222 
3557 1546 1526 1999 3637 7315 7316 
3558 1546 1999 2003 7316 7254 7317 
3559 995 1260 2015 7073 3215 7318 
3560 1140 1145 2014 7062 2791 7319 
3561 1297 1142 2014 7091 7320 7321 
3562 1145 1138 2015 7061 7322 2677 
3563 1181 1037 2000 6926 7283 2667 
3564 946 948 2016 6821 7323 7324 
3565 1104 1267 2001 5310 7325 7326 
3566 1527 1546 2003 3547 7317 7268 
3567 1712 1104 2002 5898 7327 7277 
3568 1104 2001 2002 7326 7311 7327 
3569 1646 803 2005 4577 6643 7328 
3570 1646 2005 2006 7328 7232 7329 
3571 776 778 2004 6093 7330 7282 
3572 778 1646 2006 5076 7329 7331 
3573 2004 778 2007 7330 7332 7300 
3574 9 10 2008 49 7297 7234 
3575 2011 1349 2019 2694 7333 7196 
3576 1526 1998 1999 7294 7298 7315 
3577 1983 1181 2009 7230 7313 7334 
3578 1297 2014 2021 7321 7335 7336 
3579 2009 1422 2018 7312 7337 7287 
3580 2006 1262 2007 7228 7307 7338 
3581 1416 1415 2012 4297 7223 7339 
3582 1422 1421 2018 2945 7340 7337 
3583 349 41 2010 3720 7303 2653 
3584 1421 373 2019 3018 7197 7341 
3585 1416 2012 2016 7339 7342 7343 
3586 778 2006 2007 7331 7338 7332 
3587 373 36 2011 3731 7305 7195 
3588 1535 349 2021 3412 2655 7344 
3589 1500 1070 2012 3727 7345 7314 
3590 1537 1536 2013 3646 7299 2957 
3591 1142 1140 2014 4403 7319 7320 
3592 945 1983 2009 7269 7334 7306 
3593 2018 1421 2019 7340 7341 7346 
3594 1138 995 2015 6076 7318 7322 
3595 2012 1070 2016 7345 7347 7342 
3596 2016 948 2017 7323 7348 7349 
3597 1070 946 2016 3571 7324 7347 
3598 2014 1535 2021 2790 7344 7335 
3599 1417 1416 2017 7163 7350 7351 
3600 1261 1902 2018 7146 7288 7352 
3601 1261 2018 2019 7352 7346 7353 
3602 1349 1261 2019 7055 7353 7333 
3603 1416 2016 2017 7343 7349 7350 
3604 1298 1348 2020 7128 7279 7354 
3605 1348 1297 2021 7127 7336 7248 
3606 870 869 2022 5883 7355 7356 
3607 1341 1346 2024 2577 7357 2316 
3608 1346 327 2024 2615 2512 7357 
3609 1347 367 2023 2612 2510 7358 
3610 1332 1347 2023 2579 7358 2314 
3611 874 870 2022 5776 7356 7359 
3612 886 1155 2025 5095 7360 7361 
3613 862 801 2025 6517 7362 7363 
3614 2022 1562 2082 2557 7364 7365 
3615 1281 1061 2026 3703 7366 2513 
3616 1449 1461 2027 2656 7367 7368 
3617 801 886 2025 5017 7361 7362 
3618 1321 1131 2035 2390 7369 2380 
3619 1319 1055 2036 2388 7370 2378 
3620 1317 1188 2037 2386 7371 2376 
3621 869 799 2028 5802 7372 7373 
3622 1061 1293 2026 6884 2506 7366 
3623 263 264 2029 303 7374 7375 
3624 1287 1322 2036 2413 2307 7376 
3625 1294 1323 2035 2424 2310 7377 
3626 2025 1155 2090 7360 2188 7378 
3627 1255 1564 2094 2563 7379 7380 
3628 1448 1449 2027 6128 7368 2168 
3629 806 1450 2078 2137 2535 7381 
3630 1326 878 2038 2439 7382 2398 
3631 1376 2025 2090 7383 7378 7384 
3632 850 875 2030 7108 7385 7386 
3633 1255 1254 2031 5110 7387 2564 
3634 1923 874 2031 7125 7388 7389 
3635 1670 2052 2097 7390 7391 7392 
3636 1443 1445 2032 3821 7393 7394 
3637 975 1866 2032 7105 7395 7396 
3638 799 868 2028 5613 2112 7372 
3639 1481 1480 2041 3386 2172 7397 
3640 1464 6 2046 2196 7398 7399 
3641 2026 1329 2065 2505 7400 7401 
3642 722 1794 2034 6913 2621 7402 
3643 974 819 2034 6683 7403 7404 
3644 1131 1130 2035 6878 7405 7369 
3645 1055 1054 2036 6965 7406 7370 
3646 1188 1189 2037 4934 7407 7371 
3647 1192 1339 2037 5201 2322 7408 
3648 1043 1290 2038 5718 2335 7409 
3649 878 877 2038 5828 7410 7382 
3650 1456 1463 2039 3516 7411 7412 
3651 1336 1046 2040 2616 7413 7414 
3652 1046 971 2040 6978 7415 7413 
3653 1154 1255 2041 5111 7416 7417 
3654 264 372 2029 5425 7418 7374 
3655 816 975 2042 6962 7419 7420 
3656 806 706 2042 7004 7421 2627 
3657 2039 1463 2091 7411 7422 7423 
3658 1454 1337 2045 2330 7424 7425 
3659 972 1911 2033 6452 7426 7427 
3660 263 2029 2059 7375 7428 7429 
3661 1404 1403 2043 3004 7430 2624 
3662 340 1452 2043 3511 7431 7432 
3663 948 850 2030 6820 7386 7433 
3664 1541 1540 2044 6679 7434 7435 
3665 1254 1923 2031 7150 7389 7387 
3666 1306 338 2063 2433 7436 2149 
3667 336 1473 2064 2435 2148 7437 
3668 1539 351 2045 3370 7438 7439 
3669 2032 1866 2089 7395 7440 7441 
3670 6 7 2046 46 7442 7398 
3671 353 1417 2046 7164 7443 7444 
3672 2027 875 2066 7445 7446 2221 
3673 1385 1212 2047 3618 7447 2381 
3674 362 1549 2050 3787 2215 7448 
3675 1379 1378 2051 2917 7449 2212 
3676 360 1404 2051 3005 2275 7450 
3677 1452 1443 2032 3379 7394 7451 
3678 1540 1539 2033 3697 7452 7453 
3679 334 1778 2061 6894 2180 2552 
3680 1670 1692 2052 5301 7454 7390 
3681 1302 1311 2052 5654 2182 7455 
3682 1549 1550 2053 6510 7456 2198 
3683 380 1303 2076 2374 2304 7457 
3684 874 2022 2082 7359 7365 7458 
3685 338 1308 2080 2370 2385 7459 
3686 1806 1270 2054 6633 2342 7460 
3687 1329 384 2085 2393 7461 2336 
3688 2052 324 2097 2181 7462 7391 
3689 1209 1310 2047 2582 2190 7463 
3690 1270 1196 2056 5351 7464 2311 
3691 1359 1361 2056 4076 2371 7465 
3692 819 722 2034 6836 7402 7403 
3693 1301 380 2073 2382 7466 7467 
3694 2029 1268 2059 2540 7468 7428 
3695 1205 1385 2057 2683 2217 7469 
3696 1465 358 2058 3151 2364 7470 
3697 1269 1942 2048 7206 7471 2403 
3698 1394 1393 2049 3856 2406 7472 
3699 324 262 2059 5434 7473 7474 
3700 1284 1304 2060 3239 2551 7475 
3701 1393 1370 2060 3596 7476 2200 
3702 1417 2039 2091 7477 7423 7478 
3703 1206 1197 2061 4424 7479 2179 
3704 1736 744 2062 5232 7480 2574 
3705 836 987 2062 5755 2203 7481 
3706 1130 1294 2035 6690 7377 7405 
3707 1054 1287 2036 4556 7376 7406 
3708 1189 1192 2037 5082 7408 7407 
3709 338 113 2063 3543 7482 7436 
3710 114 374 2063 3732 2150 7483 
3711 368 250 2064 3975 7484 2147 
3712 251 336 2064 6407 7437 7485 
3713 877 1043 2038 5694 7409 7410 
3714 796 689 2066 6572 2527 7486 
3715 1482 332 2067 3367 7487 2572 
3716 86 354 2068 6415 2619 7488 
3717 336 252 2069 6406 7489 2583 
3718 1458 1456 2039 3568 7412 7490 
3719 1417 2017 2039 7351 7491 7477 
3720 366 92 2070 3973 7492 2462 
3721 93 334 2070 6405 2546 7493 
3722 356 245 2071 6417 7494 2532 
3723 2001 1267 2072 7325 7495 7496 
3724 1452 2032 2089 7451 7441 7497 
3725 972 2033 2040 7427 7498 7499 
3726 971 972 2040 7139 7499 7415 
3727 1553 1556 2074 6250 2102 7500 
3728 1822 366 2057 5272 2560 2216 
3729 2032 1445 2088 7393 7501 7502 
3730 1155 1154 2041 5094 7417 2171 
3731 987 1622 2053 6214 2199 2521 
3732 1305 354 2075 2401 7503 7504 
3733 328 257 2076 5422 7505 2303 
3734 258 380 2076 5572 7457 7506 
3735 246 1304 2071 2302 7507 7508 
3736 694 806 2078 7005 7381 7509 
3737 689 687 2078 7031 7510 2534 
3738 1377 1467 2079 4248 2562 7511 
3739 358 111 2080 3209 7512 2384 
3740 112 338 2080 3544 7459 7513 
3741 2020 382 2084 7278 7514 2345 
3742 280 1 2083 320 7515 7516 
3743 43 2 2084 83 7517 7518 
3744 201 4 2085 241 7519 7520 
3745 1 5 2083 44 2348 7515 
3746 2 84 2084 123 2346 7517 
3747 4 242 2085 281 2337 7519 
3748 1464 381 2083 3138 7521 2347 
3749 706 816 2042 6843 7420 7421 
3750 1581 1206 2050 4568 2518 2214 
3751 1480 1375 2090 3730 7522 2187 
3752 1564 1505 2094 2935 7523 7379 
3753 164 165 2093 204 7524 2400 
3754 122 3 2086 162 7525 7526 
3755 3 163 2086 202 7527 7525 
3756 354 87 2075 6414 7528 7503 
3757 2033 1911 2092 7426 7529 7530 
3758 2027 1461 2081 7367 7531 7532 
3759 244 356 2065 6418 7533 7534 
3760 975 2032 2088 7396 7502 7535 
3761 1403 340 2043 3281 7432 7430 
3762 1540 2033 2092 7453 7530 7536 
3763 1566 328 2054 4159 2567 2341 
3764 343 1541 2044 3121 7435 2162 
3765 1379 1264 2067 2167 7537 7538 
3766 356 2026 2065 2514 7401 7533 
3767 380 259 2073 5571 7539 7466 
3768 875 2027 2081 7445 7532 7540 
3769 1337 1336 2045 2622 7541 7424 
3770 1942 1271 2048 7152 2548 7471 
3771 1472 1394 2049 3570 7472 2549 
3772 1309 1466 2058 2602 7542 7543 
3773 351 1454 2045 3551 7425 7438 
3774 948 2030 2095 7433 2355 7544 
3775 7 353 2046 6413 7444 7442 
3776 1212 1209 2047 3559 7463 7447 
3777 374 1496 2048 3416 2404 2547 
3778 1823 368 2049 5274 2550 2405 
3779 1468 362 2050 3912 7448 2517 
3780 1378 360 2051 3044 7450 7449 
3781 1692 1302 2052 4592 7455 7454 
3782 1550 1552 2053 4262 2522 7456 
3783 2022 869 2077 7355 7545 7546 
3784 1560 2022 2077 2558 7546 7547 
3785 253 1361 2069 2208 7548 7549 
3786 1272 1806 2054 4080 7460 2566 
3787 1329 243 2065 2204 7550 7400 
3788 163 164 2055 203 2438 7551 
3789 1304 1283 2071 3238 2533 7507 
3790 1458 2039 2095 7490 7552 2354 
3791 2039 2017 2095 7491 7553 7552 
3792 1308 1309 2058 2575 7543 2363 
3793 1196 1359 2056 2680 7465 7464 
3794 2020 85 2068 2194 7554 7555 
3795 862 2025 2079 7363 7556 2561 
3796 260 1311 2073 2178 7557 7558 
3797 2041 1255 2094 7416 7380 7559 
3798 2025 1376 2079 7383 7560 7556 
3799 243 244 2065 283 7534 7550 
3800 1273 1205 2057 3795 7469 2559 
3801 1466 1465 2058 3641 7470 7542 
3802 262 263 2059 302 7429 7473 
3803 1539 2045 2096 7439 7561 7562 
3804 1370 1284 2060 3738 7475 7476 
3805 1264 1266 2067 4184 2573 7537 
3806 1197 1285 2061 3927 2553 7479 
3807 744 836 2062 4525 7481 7480 
3808 259 260 2073 299 7558 7539 
3809 88 1310 2075 2183 7563 7564 
3810 1361 1360 2069 4075 2584 7548 
3811 113 114 2063 153 7483 7482 
3812 250 251 2064 290 7485 7484 
3813 875 796 2066 7107 7486 7446 
3814 869 2028 2077 7373 7565 7545 
3815 332 1379 2067 2918 7538 7487 
3816 85 86 2068 125 7488 7554 
3817 1298 2020 2068 7354 7555 2618 
3818 252 253 2069 292 7549 7489 
3819 92 93 2070 132 7493 7492 
3820 245 246 2071 285 7508 7494 
3821 87 88 2075 127 7564 7528 
3822 1266 2001 2072 7310 7496 2360 
3823 1311 1301 2073 5653 7467 7557 
3824 1310 1305 2075 2581 7504 7563 
3825 1554 1553 2074 5728 7500 2339 
3826 2028 1558 2077 2520 7566 7565 
3827 1467 1466 2087 4247 2603 7567 
3828 1481 2041 2094 7397 7559 7568 
3829 1562 1564 2082 5691 7569 7364 
3830 1461 1459 2081 5507 7570 7531 
3831 2040 2033 2096 7498 7571 7572 
3832 257 258 2076 297 7506 7505 
3833 2072 1267 2099 7495 2539 7573 
3834 1558 1560 2077 5767 7547 7566 
3835 687 694 2078 7003 7509 7510 
3836 1376 1377 2079 6710 7511 7560 
3837 2044 1540 2092 7434 7536 7574 
3838 2030 875 2081 7385 7540 7575 
3839 111 112 2080 151 7513 7512 
3840 2055 383 2086 7576 7577 7578 
3841 2031 874 2082 7388 7458 7579 
3842 1445 1447 2088 3754 7580 7501 
3843 383 122 2086 3582 7526 7577 
3844 382 43 2084 3581 7518 7514 
3845 384 201 2085 3583 7520 7461 
3846 381 280 2083 3584 7516 7521 
3847 2043 1452 2089 7431 7497 7581 
3848 2046 1417 2091 7443 7478 7582 
3849 324 2059 2097 7474 7583 7462 
3850 2042 975 2088 7419 7535 7584 
3851 974 2034 2087 7404 7585 2554 
3852 2033 1539 2096 7452 7562 7571 
3853 2045 1336 2096 7541 7586 7561 
3854 1866 1207 2089 7039 7587 7440 
3855 1375 1376 2090 4167 7384 7522 
3856 1564 2031 2082 2565 7579 7569 
3857 1463 1464 2091 3139 7588 7422 
3858 383 2055 2098 7576 7589 2344 
3859 1911 1208 2092 7151 7590 7529 
3860 1459 2030 2081 2274 7575 7570 
3861 1268 1670 2097 5343 7392 7591 
3862 165 355 2093 6416 2159 7524 
3863 1505 1481 2094 4733 7568 7523 
3864 2034 1467 2087 2620 7567 7585 
3865 2017 948 2095 7348 7544 7553 
3866 1338 1337 2098 2626 2332 7592 
3867 1447 2042 2088 2628 7584 7580 
3868 2029 372 2099 7418 7593 2541 
3869 1208 2044 2092 2543 7574 7590 
3870 1207 2043 2089 2625 7581 7587 
3871 1336 2040 2096 7414 7572 7586 
3872 163 2055 2086 7551 7578 7527 
3873 1464 2046 2091 7399 7582 7588 
3874 2055 1338 2098 2437 7592 7589 
3875 2059 1268 2097 7468 7591 7583 
3876 372 2072 2099 2545 7573 7593 
$EndElements
